ticker,captured_at,price,previous_close,currency,source
000660.KS,2026-06-18T18:51:04Z,2685000.0,2521000.0,KRW,yfinance
000660.KS,2026-06-18T23:48:53Z,2685000.0,2521000.0,KRW,yfinance
000660.KS,2026-06-19T23:02:11Z,2764000.0,2685000.0,KRW,yfinance
000660.KS,2026-06-22T23:23:53Z,2919000.0,2764000.0,KRW,yfinance
000660.KS,2026-06-23T23:11:49Z,2555000.0,2919000.0,KRW,yfinance
000660.KS,2026-06-24T23:07:48Z,2621000.0,2555000.0,KRW,yfinance
000660.KS,2026-06-25T23:22:22Z,2917000.0,2580000.0,KRW,yfinance
000660.KS,2026-06-26T23:10:49Z,2673000.0,2917000.0,KRW,yfinance
000660.KS,2026-06-29T23:02:42Z,2628000.0,2673000.0,KRW,yfinance
000660.KS,2026-06-30T23:17:39Z,2650000.0,2628000.0,KRW,yfinance
000660.KS,2026-07-01T23:19:32Z,2560000.0,2650000.0,KRW,yfinance
000660.KS,2026-07-02T23:11:53Z,2187000.0,2560000.0,KRW,yfinance
000660.KS,2026-07-03T23:08:19Z,2425000.0,2187000.0,KRW,yfinance
000660.KS,2026-07-06T23:12:13Z,2343000.0,2425000.0,KRW,yfinance
000660.KS,2026-07-07T23:05:39Z,2201000.0,2343000.0,KRW,yfinance
000660.KS,2026-07-08T23:11:37Z,2076000.0,2201000.0,KRW,yfinance
000660.KS,2026-07-09T23:15:13Z,2186000.0,2076000.0,KRW,yfinance
000660.KS,2026-07-10T23:02:06Z,2180000.0,2186000.0,KRW,yfinance
000660.KS,2026-07-11T20:54:11Z,2180000.0,2186000.0,KRW,yfinance
000660.KS,2026-07-13T22:58:29Z,1845000.0,2180000.0,KRW,yfinance
000660.KS,2026-07-14T22:59:57Z,1913000.0,1845000.0,KRW,yfinance
000660.KS,2026-07-15T23:00:36Z,2082000.0,1913000.0,KRW,yfinance
000660.KS,2026-07-16T23:00:01Z,1842000.0,2082000.0,KRW,yfinance
000660.KS,2026-07-17T22:53:09Z,1842000.0,2082000.0,KRW,yfinance
000660.KS,2026-07-20T23:03:31Z,1764000.0,1842000.0,KRW,yfinance
000660.KS,2026-07-21T23:00:42Z,1836000.0,1764000.0,KRW,yfinance
000660.KS,2026-07-22T23:07:32Z,1830000.0,1836000.0,KRW,yfinance
000660.KS,2026-07-23T22:59:10Z,1919000.0,1830000.0,KRW,yfinance
000660.KS,2026-07-24T23:03:54Z,1759000.0,1919000.0,KRW,yfinance
000660.KS,2026-07-27T23:05:12Z,1816000.0,1759000.0,KRW,yfinance
000660.KS,2026-07-28T23:02:37Z,1550000.0,1816000.0,KRW,yfinance
000660.KS,2026-07-29T23:01:11Z,1401000.0,1550000.0,KRW,yfinance
000660.KS,2026-07-30T23:10:43Z,1322000.0,1401000.0,KRW,yfinance
000660.KS,2026-07-31T23:04:04Z,1718000.0,1322000.0,KRW,yfinance
000660.KS,2026-08-03T23:04:02Z,1567000.0,1718000.0,KRW,yfinance
000660.KS,2026-08-04T23:05:52Z,1577000.0,1567000.0,KRW,yfinance
000660.KS,2026-08-05T23:02:39Z,1668000.0,1577000.0,KRW,yfinance
000660.KS,2026-08-07T01:30:58Z,1457000.0,1507000.0,KRW,yfinance
000660.KS,2026-08-07T22:38:57Z,1422000.0,1495000.0,KRW,yfinance
000660.KS,2026-08-10T20:09:50Z,1420000.0,1422000.0,KRW,yfinance
000660.KS,2026-08-10T22:40:30Z,1420000.0,1422000.0,KRW,yfinance
000660.KS,2026-08-11T22:45:37Z,1425000.0,1420000.0,KRW,yfinance
000660.KS,2026-08-12T22:43:43Z,1504000.0,1425000.0,KRW,yfinance
000660.KS,2026-08-13T15:59:38Z,1593000.0,1504000.0,KRW,yfinance
000660.KS,2026-08-13T22:45:04Z,1593000.0,1504000.0,KRW,yfinance
000660.KS,2026-08-14T22:26:21Z,1645000.0,1593000.0,KRW,yfinance
000660.KS,2026-08-17T22:27:47Z,1645000.0,1593000.0,KRW,yfinance
000660.KS,2026-08-18T22:26:26Z,1662000.0,1645000.0,KRW,yfinance
000660.KS,2026-08-19T22:27:49Z,1500000.0,1662000.0,KRW,yfinance
000660.KS,2026-08-20T22:30:40Z,1691000.0,1500000.0,KRW,yfinance
000660.KS,2026-08-21T22:28:07Z,1730000.0,1691000.0,KRW,yfinance
000660.KS,2026-08-24T22:29:15Z,1671000.0,1730000.0,KRW,yfinance
000660.KS,2026-08-25T22:30:31Z,1678000.0,1671000.0,KRW,yfinance
000660.KS,2026-08-27T03:00:35Z,1748000.0,1704000.0,KRW,yfinance
000660.KS,2026-08-27T20:19:20Z,1730000.0,1688000.0,KRW,yfinance
000660.KS,2026-08-27T22:01:43Z,1730000.0,1688000.0,KRW,yfinance
000660.KS,2026-08-28T06:00:59Z,1672000.0,1717000.0,KRW,yfinance
000660.KS,2026-08-28T22:01:49Z,1653000.0,1730000.0,KRW,yfinance
000660.KS,2026-08-29T03:34:49Z,1653000.0,1730000.0,KRW,yfinance
000660.KS,2026-08-31T22:01:33Z,1674000.0,1653000.0,KRW,yfinance
000660.KS,2026-09-01T01:04:25Z,1690000.0,1645000.0,KRW,yfinance
000660.KS,2026-09-01T22:01:38Z,1693000.0,1674000.0,KRW,yfinance
000660.KS,2026-09-01T23:52:50Z,1693000.0,1674000.0,KRW,yfinance
000660.KS,2026-09-02T03:59:38Z,1628000.0,1696000.0,KRW,yfinance
000660.KS,2026-09-02T04:05:03Z,1631000.0,1696000.0,KRW,yfinance
000660.KS,2026-09-02T22:01:38Z,1613000.0,1693000.0,KRW,yfinance
000660.KS,2026-09-02T23:55:14Z,1613000.0,1693000.0,KRW,yfinance
000660.KS,2026-09-03T22:01:35Z,1596000.0,1613000.0,KRW,yfinance
000660.KS,2026-09-03T23:51:41Z,1596000.0,1613000.0,KRW,yfinance
000660.KS,2026-09-04T22:01:46Z,1647000.0,1596000.0,KRW,yfinance
005930.KS,2026-06-18T18:51:02Z,362500.0,346500.0,KRW,yfinance
005930.KS,2026-06-18T23:48:52Z,362500.0,346500.0,KRW,yfinance
005930.KS,2026-06-19T23:02:10Z,354000.0,362500.0,KRW,yfinance
005930.KS,2026-06-22T23:23:52Z,353500.0,354000.0,KRW,yfinance
005930.KS,2026-06-23T23:11:47Z,310000.0,353500.0,KRW,yfinance
005930.KS,2026-06-24T23:07:46Z,340500.0,310000.0,KRW,yfinance
005930.KS,2026-06-25T23:22:20Z,358500.0,340500.0,KRW,yfinance
005930.KS,2026-06-26T23:10:47Z,339500.0,358500.0,KRW,yfinance
005930.KS,2026-06-29T23:02:40Z,323000.0,339500.0,KRW,yfinance
005930.KS,2026-06-30T23:17:38Z,334000.0,323000.0,KRW,yfinance
005930.KS,2026-07-01T23:19:30Z,314500.0,334000.0,KRW,yfinance
005930.KS,2026-07-02T23:11:52Z,286000.0,314500.0,KRW,yfinance
005930.KS,2026-07-03T23:08:17Z,309500.0,286000.0,KRW,yfinance
005930.KS,2026-07-06T23:12:11Z,318000.0,309500.0,KRW,yfinance
005930.KS,2026-07-07T23:05:38Z,296000.0,318000.0,KRW,yfinance
005930.KS,2026-07-08T23:11:36Z,277500.0,296000.0,KRW,yfinance
005930.KS,2026-07-09T23:15:12Z,278000.0,277500.0,KRW,yfinance
005930.KS,2026-07-10T23:02:04Z,285000.0,278000.0,KRW,yfinance
005930.KS,2026-07-11T20:54:10Z,285000.0,278000.0,KRW,yfinance
005930.KS,2026-07-13T22:58:28Z,254500.0,285000.0,KRW,yfinance
005930.KS,2026-07-14T22:59:56Z,263000.0,254500.0,KRW,yfinance
005930.KS,2026-07-15T23:00:34Z,279500.0,263000.0,KRW,yfinance
005930.KS,2026-07-16T22:59:59Z,255000.0,279500.0,KRW,yfinance
005930.KS,2026-07-17T22:53:08Z,255000.0,279500.0,KRW,yfinance
005930.KS,2026-07-20T23:03:29Z,244000.0,255000.0,KRW,yfinance
005930.KS,2026-07-21T23:00:41Z,259000.0,244000.0,KRW,yfinance
005930.KS,2026-07-22T23:07:31Z,260500.0,259000.0,KRW,yfinance
005930.KS,2026-07-23T22:59:08Z,270000.0,260500.0,KRW,yfinance
005930.KS,2026-07-24T23:03:53Z,249500.0,270000.0,KRW,yfinance
005930.KS,2026-07-27T23:05:10Z,254000.0,249500.0,KRW,yfinance
005930.KS,2026-07-28T23:02:36Z,220000.0,254000.0,KRW,yfinance
005930.KS,2026-07-29T23:01:10Z,208500.0,220000.0,KRW,yfinance
005930.KS,2026-07-30T23:10:42Z,207000.0,208500.0,KRW,yfinance
005930.KS,2026-07-31T23:04:03Z,262500.0,207000.0,KRW,yfinance
005930.KS,2026-08-03T23:04:01Z,239500.0,262500.0,KRW,yfinance
005930.KS,2026-08-04T23:05:50Z,240000.0,239500.0,KRW,yfinance
005930.KS,2026-08-05T23:02:38Z,246000.0,240000.0,KRW,yfinance
005930.KS,2026-08-07T01:30:57Z,235000.0,230250.0,KRW,yfinance
005930.KS,2026-08-07T22:38:56Z,231000.0,230500.0,KRW,yfinance
005930.KS,2026-08-10T20:09:49Z,230000.0,231000.0,KRW,yfinance
005930.KS,2026-08-10T22:40:28Z,230000.0,231000.0,KRW,yfinance
005930.KS,2026-08-11T22:45:36Z,239500.0,230000.0,KRW,yfinance
005930.KS,2026-08-12T22:43:42Z,255500.0,239500.0,KRW,yfinance
005930.KS,2026-08-13T15:59:37Z,268000.0,255500.0,KRW,yfinance
005930.KS,2026-08-13T22:45:02Z,268000.0,255500.0,KRW,yfinance
005930.KS,2026-08-14T22:26:20Z,274500.0,268000.0,KRW,yfinance
005930.KS,2026-08-17T22:27:46Z,274500.0,268000.0,KRW,yfinance
005930.KS,2026-08-18T22:26:25Z,268500.0,274500.0,KRW,yfinance
005930.KS,2026-08-19T22:27:47Z,247500.0,268500.0,KRW,yfinance
005930.KS,2026-08-20T22:30:39Z,271000.0,247500.0,KRW,yfinance
005930.KS,2026-08-21T22:28:06Z,281500.0,271000.0,KRW,yfinance
005930.KS,2026-08-24T22:29:14Z,257000.0,281500.0,KRW,yfinance
005930.KS,2026-08-25T22:30:29Z,257000.0,257000.0,KRW,yfinance
005930.KS,2026-08-27T03:00:34Z,268500.0,263000.0,KRW,yfinance
005930.KS,2026-08-27T20:19:18Z,266000.0,261500.0,KRW,yfinance
005930.KS,2026-08-27T22:01:42Z,266000.0,261500.0,KRW,yfinance
005930.KS,2026-08-28T06:00:58Z,256500.0,264750.0,KRW,yfinance
005930.KS,2026-08-28T22:01:47Z,257000.0,266000.0,KRW,yfinance
005930.KS,2026-08-29T03:34:47Z,257000.0,266000.0,KRW,yfinance
005930.KS,2026-08-31T22:01:32Z,260000.0,257000.0,KRW,yfinance
005930.KS,2026-09-01T01:04:24Z,258500.0,256250.0,KRW,yfinance
005930.KS,2026-09-01T22:01:36Z,261000.0,260000.0,KRW,yfinance
005930.KS,2026-09-01T23:52:48Z,261000.0,260000.0,KRW,yfinance
005930.KS,2026-09-02T03:59:37Z,251750.0,260500.0,KRW,yfinance
005930.KS,2026-09-02T04:05:01Z,251500.0,260500.0,KRW,yfinance
005930.KS,2026-09-02T22:01:37Z,250500.0,261000.0,KRW,yfinance
005930.KS,2026-09-02T23:55:13Z,250500.0,261000.0,KRW,yfinance
005930.KS,2026-09-03T22:01:33Z,250000.0,250500.0,KRW,yfinance
005930.KS,2026-09-03T23:51:40Z,250000.0,250500.0,KRW,yfinance
005930.KS,2026-09-04T22:01:45Z,255500.0,250000.0,KRW,yfinance
6981.T,2026-08-13T22:44:52Z,8311.0,7538.0,JPY,yfinance
6981.T,2026-08-14T22:26:09Z,8235.0,8310.0,JPY,yfinance
6981.T,2026-08-17T22:27:33Z,8290.0,8284.0,JPY,yfinance
6981.T,2026-08-18T22:26:13Z,7496.0,8312.0,JPY,yfinance
6981.T,2026-08-19T22:27:35Z,7331.0,7480.0,JPY,yfinance
6981.T,2026-08-20T22:30:26Z,7205.0,7365.0,JPY,yfinance
6981.T,2026-08-21T22:27:51Z,7091.0,7196.0,JPY,yfinance
6981.T,2026-08-24T22:29:02Z,7067.0,7096.0,JPY,yfinance
6981.T,2026-08-25T22:30:17Z,7130.0,7087.0,JPY,yfinance
6981.T,2026-08-27T03:00:22Z,7406.0,7187.0,JPY,yfinance
6981.T,2026-08-27T20:19:05Z,7309.0,7187.0,JPY,yfinance
6981.T,2026-08-27T22:01:28Z,7309.0,7187.0,JPY,yfinance
6981.T,2026-08-28T06:00:45Z,7396.0,7295.0,JPY,yfinance
6981.T,2026-08-28T22:01:33Z,7397.0,7295.0,JPY,yfinance
6981.T,2026-08-29T03:34:33Z,7397.0,7295.0,JPY,yfinance
6981.T,2026-08-31T22:01:20Z,7191.0,7430.0,JPY,yfinance
6981.T,2026-09-01T01:04:13Z,7169.0,7236.0,JPY,yfinance
6981.T,2026-09-01T22:01:24Z,7290.0,7236.0,JPY,yfinance
6981.T,2026-09-01T23:52:37Z,7290.0,7236.0,JPY,yfinance
6981.T,2026-09-02T03:59:26Z,6903.0,7325.0,JPY,yfinance
6981.T,2026-09-02T04:04:50Z,6894.0,7325.0,JPY,yfinance
6981.T,2026-09-02T22:01:26Z,6920.0,7325.0,JPY,yfinance
6981.T,2026-09-02T23:55:00Z,6920.0,7325.0,JPY,yfinance
6981.T,2026-09-03T22:01:22Z,6901.0,6901.0,JPY,yfinance
6981.T,2026-09-03T23:51:27Z,6901.0,6901.0,JPY,yfinance
6981.T,2026-09-04T22:01:30Z,7191.0,6897.0,JPY,yfinance
AAOI,2026-06-18T18:50:55Z,158.875,170.92,USD,yfinance
AAOI,2026-06-18T23:48:45Z,161.85,170.92,USD,yfinance
AAOI,2026-06-19T23:02:04Z,161.85,170.92,USD,yfinance
AAOI,2026-06-22T23:23:46Z,171.23,162.3,USD,yfinance
AAOI,2026-06-23T23:11:40Z,147.44,169.4,USD,yfinance
AAOI,2026-06-24T23:07:40Z,146.97,149.1,USD,yfinance
AAOI,2026-06-25T23:22:14Z,138.54,154.35,USD,yfinance
AAOI,2026-06-26T23:10:38Z,135.69,137.4,USD,yfinance
AAOI,2026-06-29T23:02:33Z,150.1,133.9342,USD,yfinance
AAOI,2026-06-30T23:17:30Z,148.16,149.2,USD,yfinance
AAOI,2026-07-01T23:19:24Z,139.0,147.9,USD,yfinance
AAOI,2026-07-02T23:11:46Z,120.95,139.38,USD,yfinance
AAOI,2026-07-03T23:08:11Z,120.95,139.38,USD,yfinance
AAOI,2026-07-06T23:12:05Z,123.36,121.2,USD,yfinance
AAOI,2026-07-07T23:05:31Z,114.41,121.56,USD,yfinance
AAOI,2026-07-08T23:11:29Z,114.44,112.4452,USD,yfinance
AAOI,2026-07-09T23:15:04Z,122.21,115.5,USD,yfinance
AAOI,2026-07-10T23:01:57Z,119.92,123.5,USD,yfinance
AAOI,2026-07-11T20:54:03Z,119.92,123.5,USD,yfinance
AAOI,2026-07-13T22:58:21Z,111.88,119.9,USD,yfinance
AAOI,2026-07-14T22:59:49Z,125.45,109.7827,USD,yfinance
AAOI,2026-07-15T23:00:42Z,109.09,127.1102,USD,yfinance
AAOI,2026-07-16T23:00:07Z,100.24,108.08,USD,yfinance
AAOI,2026-07-17T22:53:16Z,102.41,98.43,USD,yfinance
AAOI,2026-07-20T23:03:36Z,103.02,101.579,USD,yfinance
AAOI,2026-07-21T23:00:49Z,119.26,103.0,USD,yfinance
AAOI,2026-07-22T23:07:37Z,110.52,123.4242,USD,yfinance
AAOI,2026-07-23T22:59:16Z,112.02,113.3487,USD,yfinance
AAOI,2026-07-24T23:03:59Z,100.15,112.79,USD,yfinance
AAOI,2026-07-27T23:05:16Z,97.82,99.3,USD,yfinance
AAOI,2026-07-28T23:02:42Z,88.14,96.9135,USD,yfinance
AAOI,2026-07-29T23:01:16Z,76.52,89.2,USD,yfinance
AAOI,2026-07-30T23:10:49Z,90.11,76.7047,USD,yfinance
AAOI,2026-07-31T23:04:09Z,94.32,95.75,USD,yfinance
AAOI,2026-08-03T23:04:07Z,110.21,92.8,USD,yfinance
AAOI,2026-08-04T23:05:57Z,131.63,113.19,USD,yfinance
AAOI,2026-08-05T23:02:44Z,128.56,131.3,USD,yfinance
AAOI,2026-08-07T01:31:03Z,124.22,127.4168,USD,yfinance
AAOI,2026-08-07T22:39:02Z,135.63,123.9001,USD,yfinance
AAOI,2026-08-10T20:09:55Z,132.81,135.8959,USD,yfinance
AAOI,2026-08-10T22:40:36Z,132.81,135.8959,USD,yfinance
AAOI,2026-08-11T22:45:43Z,134.33,132.01,USD,yfinance
AAOI,2026-08-12T22:43:49Z,138.08,135.17,USD,yfinance
AAOI,2026-08-13T15:59:44Z,137.475,137.5384,USD,yfinance
AAOI,2026-08-13T22:45:08Z,130.08,137.5384,USD,yfinance
AAOI,2026-08-14T22:26:26Z,150.28,132.48,USD,yfinance
AAOI,2026-08-17T22:27:53Z,154.89,150.993,USD,yfinance
AAOI,2026-08-18T22:26:32Z,131.41,155.76,USD,yfinance
AAOI,2026-08-19T22:27:54Z,122.19,128.05,USD,yfinance
AAOI,2026-08-20T22:30:46Z,129.1,126.27,USD,yfinance
AAOI,2026-08-21T22:28:17Z,124.82,128.2,USD,yfinance
AAOI,2026-08-24T22:29:21Z,107.63,112.3,USD,yfinance
AAOI,2026-08-25T22:30:36Z,113.15,107.3,USD,yfinance
AAOI,2026-08-27T03:00:40Z,113.76,112.7,USD,yfinance
AAOI,2026-08-27T20:19:25Z,113.28,118.88,USD,yfinance
AAOI,2026-08-27T22:01:49Z,113.28,118.88,USD,yfinance
AAOI,2026-08-28T06:01:04Z,113.28,118.88,USD,yfinance
AAOI,2026-08-28T22:01:56Z,106.23,111.58,USD,yfinance
AAOI,2026-08-29T03:34:54Z,106.23,111.58,USD,yfinance
AAOI,2026-08-31T22:01:38Z,107.69,106.95,USD,yfinance
AAOI,2026-09-01T01:04:30Z,107.69,106.95,USD,yfinance
AAOI,2026-09-01T22:01:44Z,103.39,107.39,USD,yfinance
AAOI,2026-09-01T23:52:55Z,103.39,107.39,USD,yfinance
AAOI,2026-09-02T03:59:42Z,103.39,107.39,USD,yfinance
AAOI,2026-09-02T04:05:08Z,103.39,107.39,USD,yfinance
AAOI,2026-09-02T22:01:43Z,103.13,102.42,USD,yfinance
AAOI,2026-09-02T23:55:20Z,103.13,102.42,USD,yfinance
AAOI,2026-09-03T22:01:39Z,100.38,103.03,USD,yfinance
AAOI,2026-09-03T23:51:47Z,100.38,103.03,USD,yfinance
AAOI,2026-09-04T22:01:53Z,105.53,100.4555,USD,yfinance
AAPL,2026-09-01T15:00:08Z,324.3105,316.9961,USD,yfinance
AAPL,2026-09-01T22:03:09Z,325.13,316.9961,USD,yfinance
AAPL,2026-09-01T23:54:17Z,325.13,316.9961,USD,yfinance
AAPL,2026-09-02T04:00:55Z,325.13,316.9961,USD,yfinance
AAPL,2026-09-02T04:06:25Z,325.13,316.9961,USD,yfinance
AAPL,2026-09-02T22:03:04Z,324.96,325.15,USD,yfinance
AAPL,2026-09-02T23:56:50Z,324.96,325.15,USD,yfinance
AAPL,2026-09-03T22:03:02Z,328.21,324.74,USD,yfinance
AAPL,2026-09-03T23:53:18Z,328.21,324.74,USD,yfinance
AAPL,2026-09-04T22:03:41Z,319.97,327.6421,USD,yfinance
AEHR,2026-06-18T18:50:50Z,112.25,114.7,USD,yfinance
AEHR,2026-06-18T23:48:41Z,115.3,114.7,USD,yfinance
AEHR,2026-06-19T23:01:59Z,115.3,114.7,USD,yfinance
AEHR,2026-06-22T23:23:41Z,113.33,115.7308,USD,yfinance
AEHR,2026-06-23T23:11:34Z,102.39,112.874,USD,yfinance
AEHR,2026-06-24T23:07:34Z,95.2,103.4796,USD,yfinance
AEHR,2026-06-25T23:22:09Z,98.79,101.5,USD,yfinance
AEHR,2026-06-26T23:10:32Z,91.81,97.9999,USD,yfinance
AEHR,2026-06-29T23:02:26Z,94.77,91.25,USD,yfinance
AEHR,2026-06-30T23:17:23Z,96.06,94.25,USD,yfinance
AEHR,2026-07-01T23:19:19Z,84.425,96.6,USD,yfinance
AEHR,2026-07-02T23:11:41Z,69.96,84.73,USD,yfinance
AEHR,2026-07-03T23:08:06Z,69.96,84.73,USD,yfinance
AEHR,2026-07-06T23:11:59Z,72.325,72.485,USD,yfinance
AEHR,2026-07-07T23:05:25Z,66.94,71.01,USD,yfinance
AEHR,2026-07-08T23:11:24Z,67.89,65.36,USD,yfinance
AEHR,2026-07-09T23:14:59Z,76.21,68.4,USD,yfinance
AEHR,2026-07-10T23:01:52Z,72.6,77.2,USD,yfinance
AEHR,2026-07-11T20:53:58Z,72.6,77.2,USD,yfinance
AEHR,2026-07-13T22:58:17Z,68.02,72.948,USD,yfinance
AEHR,2026-07-14T22:59:44Z,72.01,66.76,USD,yfinance
AEHR,2026-07-15T23:00:10Z,87.79,93.9017,USD,yfinance
AEHR,2026-07-16T22:59:37Z,84.2,87.8549,USD,yfinance
AEHR,2026-07-17T22:52:47Z,81.05,82.69,USD,yfinance
AEHR,2026-07-20T23:03:13Z,77.36,80.57,USD,yfinance
AEHR,2026-07-21T23:00:20Z,98.91,77.44,USD,yfinance
AEHR,2026-07-22T23:07:14Z,93.54,99.9886,USD,yfinance
AEHR,2026-07-23T22:58:47Z,88.51,94.8049,USD,yfinance
AEHR,2026-07-24T23:03:37Z,76.32,88.0,USD,yfinance
AEHR,2026-07-27T23:04:54Z,77.48,76.0,USD,yfinance
AEHR,2026-07-28T23:02:20Z,70.0,73.7,USD,yfinance
AEHR,2026-07-29T23:00:53Z,65.4,70.95,USD,yfinance
AEHR,2026-07-30T23:10:23Z,76.87,66.02,USD,yfinance
AEHR,2026-07-31T23:03:44Z,79.98,80.75,USD,yfinance
AEHR,2026-08-03T23:03:44Z,91.71,78.71,USD,yfinance
AEHR,2026-08-04T23:05:33Z,109.89,92.98,USD,yfinance
AEHR,2026-08-05T23:02:21Z,98.78,108.99,USD,yfinance
AEHR,2026-08-07T01:30:40Z,99.74,98.5,USD,yfinance
AEHR,2026-08-07T22:38:40Z,103.07,101.99,USD,yfinance
AEHR,2026-08-10T20:09:33Z,106.2,103.41,USD,yfinance
AEHR,2026-08-10T22:40:07Z,106.2,103.41,USD,yfinance
AEHR,2026-08-11T22:45:15Z,117.18,106.59,USD,yfinance
AEHR,2026-08-12T22:43:21Z,129.23,117.7,USD,yfinance
AEHR,2026-08-13T15:59:18Z,125.05,129.52,USD,yfinance
AEHR,2026-08-13T22:44:43Z,123.3,129.52,USD,yfinance
AEHR,2026-08-14T22:26:00Z,134.06,126.6776,USD,yfinance
AEHR,2026-08-17T22:27:23Z,145.61,133.51,USD,yfinance
AEHR,2026-08-18T22:26:03Z,123.25,145.57,USD,yfinance
AEHR,2026-08-19T22:27:26Z,107.96,120.15,USD,yfinance
AEHR,2026-08-20T22:30:15Z,105.97,111.51,USD,yfinance
AEHR,2026-08-21T22:27:41Z,101.73,106.05,USD,yfinance
AEHR,2026-08-24T22:28:53Z,96.43,101.89,USD,yfinance
AEHR,2026-08-25T22:30:08Z,95.59,95.43,USD,yfinance
AEHR,2026-08-27T03:00:13Z,91.12,95.99,USD,yfinance
AEHR,2026-08-27T20:18:55Z,90.46,96.9724,USD,yfinance
AEHR,2026-08-27T22:01:16Z,90.46,96.9724,USD,yfinance
AEHR,2026-08-28T06:00:35Z,90.46,96.9724,USD,yfinance
AEHR,2026-08-28T22:01:21Z,80.81,88.5775,USD,yfinance
AEHR,2026-08-29T03:34:22Z,80.81,88.5775,USD,yfinance
AEHR,2026-08-31T22:01:11Z,79.27,81.3,USD,yfinance
AEHR,2026-09-01T01:04:05Z,79.27,81.3,USD,yfinance
AEHR,2026-09-01T22:01:14Z,76.59,80.12,USD,yfinance
AEHR,2026-09-01T23:52:28Z,76.59,80.12,USD,yfinance
AEHR,2026-09-02T03:59:17Z,76.59,80.12,USD,yfinance
AEHR,2026-09-02T04:04:41Z,76.59,80.12,USD,yfinance
AEHR,2026-09-02T22:01:13Z,80.24,77.19,USD,yfinance
AEHR,2026-09-02T23:54:46Z,80.24,77.19,USD,yfinance
AEHR,2026-09-03T22:01:08Z,76.27,81.62,USD,yfinance
AEHR,2026-09-03T23:51:13Z,76.27,81.62,USD,yfinance
AEHR,2026-09-04T22:01:13Z,86.26,76.66,USD,yfinance
AEM,2026-06-18T18:51:21Z,166.865,173.75,USD,yfinance
AEM,2026-06-18T23:49:07Z,166.66,173.75,USD,yfinance
AEM,2026-06-19T23:02:26Z,166.66,173.75,USD,yfinance
AEM,2026-06-22T23:24:07Z,166.85,167.2556,USD,yfinance
AEM,2026-06-23T23:12:07Z,160.16,163.73,USD,yfinance
AEM,2026-06-24T23:08:02Z,153.46,160.1,USD,yfinance
AEM,2026-06-25T23:22:37Z,156.18,154.85,USD,yfinance
AEM,2026-06-26T23:11:07Z,157.23,156.57,USD,yfinance
AEM,2026-06-29T23:03:01Z,153.76,158.285,USD,yfinance
AEM,2026-06-30T23:17:57Z,155.13,153.175,USD,yfinance
AEM,2026-07-01T23:19:47Z,154.85,154.6,USD,yfinance
AEM,2026-07-02T23:12:08Z,153.86,154.283,USD,yfinance
AEM,2026-07-03T23:08:33Z,153.86,154.283,USD,yfinance
AEM,2026-07-06T23:12:27Z,154.94,155.0,USD,yfinance
AEM,2026-07-07T23:05:55Z,150.33,155.66,USD,yfinance
AEM,2026-07-08T23:11:52Z,144.89,150.0,USD,yfinance
AEM,2026-07-09T23:15:29Z,149.03,145.5,USD,yfinance
AEM,2026-07-10T23:02:22Z,146.87,149.0,USD,yfinance
AEM,2026-07-11T20:54:26Z,146.87,149.0,USD,yfinance
AEM,2026-07-13T22:58:44Z,143.51,147.0,USD,yfinance
AEM,2026-07-14T23:00:13Z,144.41,142.39,USD,yfinance
AEM,2026-07-15T23:01:10Z,142.23,144.75,USD,yfinance
AEM,2026-07-16T23:00:33Z,137.29,143.0,USD,yfinance
AEM,2026-07-17T22:53:40Z,136.97,138.0,USD,yfinance
AEM,2026-07-20T23:03:56Z,136.34,137.0,USD,yfinance
AEM,2026-07-21T23:01:13Z,141.62,136.49,USD,yfinance
AEM,2026-07-22T23:07:57Z,147.05,142.37,USD,yfinance
AEM,2026-07-23T22:59:41Z,144.51,147.44,USD,yfinance
AEM,2026-07-24T23:04:18Z,145.13,144.45,USD,yfinance
AEM,2026-07-27T23:05:35Z,145.96,145.2038,USD,yfinance
AEM,2026-07-28T23:03:01Z,143.71,145.7,USD,yfinance
AEM,2026-07-29T23:01:36Z,144.43,143.99,USD,yfinance
AEM,2026-07-30T23:11:11Z,150.75,146.2625,USD,yfinance
AEM,2026-07-31T23:04:31Z,145.27,150.8593,USD,yfinance
AEM,2026-08-03T23:04:27Z,147.42,144.79,USD,yfinance
AEM,2026-08-04T23:06:17Z,150.61,147.85,USD,yfinance
AEM,2026-08-05T23:03:04Z,165.45,150.9201,USD,yfinance
AEM,2026-08-07T01:31:23Z,167.92,167.0,USD,yfinance
AEM,2026-08-07T22:39:21Z,178.82,168.32,USD,yfinance
AEM,2026-08-10T20:10:14Z,180.49,179.84,USD,yfinance
AEM,2026-08-10T22:41:02Z,180.48,179.84,USD,yfinance
AEM,2026-08-11T22:46:07Z,181.75,181.2592,USD,yfinance
AEM,2026-08-12T22:44:13Z,185.18,180.6016,USD,yfinance
AEM,2026-08-13T16:00:07Z,179.46,185.18,USD,yfinance
AEM,2026-08-13T22:45:28Z,180.36,185.18,USD,yfinance
AEM,2026-08-14T22:26:47Z,186.46,180.895,USD,yfinance
AEM,2026-08-17T22:28:13Z,188.78,187.04,USD,yfinance
AEM,2026-08-18T22:26:52Z,186.94,190.07,USD,yfinance
AEM,2026-08-19T22:28:14Z,207.72,186.47,USD,yfinance
AEM,2026-08-20T22:31:08Z,212.04,209.4799,USD,yfinance
AEM,2026-08-21T22:28:39Z,216.06,212.0,USD,yfinance
AEM,2026-08-24T22:29:43Z,217.89,216.45,USD,yfinance
AEM,2026-08-25T22:30:59Z,224.11,219.44,USD,yfinance
AEM,2026-08-27T03:01:02Z,214.04,224.69,USD,yfinance
AEM,2026-08-27T20:19:50Z,215.44,216.2433,USD,yfinance
AEM,2026-08-27T22:02:13Z,215.44,216.2433,USD,yfinance
AEM,2026-08-28T06:01:28Z,215.44,216.2433,USD,yfinance
AEM,2026-08-28T22:02:24Z,206.25,215.4,USD,yfinance
AEM,2026-08-29T03:35:21Z,206.25,215.4,USD,yfinance
AEM,2026-08-31T22:02:01Z,203.11,205.99,USD,yfinance
AEM,2026-09-01T01:04:51Z,203.11,205.99,USD,yfinance
AEM,2026-09-01T22:02:09Z,193.46,203.68,USD,yfinance
AEM,2026-09-01T23:53:19Z,193.46,203.68,USD,yfinance
AEM,2026-09-02T04:00:04Z,193.46,203.68,USD,yfinance
AEM,2026-09-02T04:05:30Z,193.46,203.68,USD,yfinance
AEM,2026-09-02T22:02:11Z,196.66,194.25,USD,yfinance
AEM,2026-09-02T23:55:50Z,196.66,194.25,USD,yfinance
AEM,2026-09-03T22:02:08Z,207.13,197.0,USD,yfinance
AEM,2026-09-03T23:52:19Z,207.13,197.0,USD,yfinance
AEM,2026-09-04T22:02:30Z,204.73,207.56,USD,yfinance
AG,2026-06-18T18:51:28Z,18.055,18.69,USD,yfinance
AG,2026-06-18T23:49:14Z,18.0,18.69,USD,yfinance
AG,2026-06-19T23:02:32Z,18.0,18.69,USD,yfinance
AG,2026-06-22T23:24:14Z,17.72,18.0116,USD,yfinance
AG,2026-06-23T23:12:15Z,16.5,17.62,USD,yfinance
AG,2026-06-24T23:08:09Z,16.06,16.55,USD,yfinance
AG,2026-06-25T23:22:43Z,16.5,16.24,USD,yfinance
AG,2026-06-26T23:11:15Z,16.89,16.7,USD,yfinance
AG,2026-06-29T23:03:09Z,16.81,16.95,USD,yfinance
AG,2026-06-30T23:18:05Z,16.96,16.85,USD,yfinance
AG,2026-07-01T23:19:53Z,17.04,16.94,USD,yfinance
AG,2026-07-02T23:12:15Z,17.82,17.1008,USD,yfinance
AG,2026-07-03T23:08:40Z,17.82,17.1008,USD,yfinance
AG,2026-07-06T23:12:34Z,17.31,17.83,USD,yfinance
AG,2026-07-07T23:06:02Z,16.45,17.3268,USD,yfinance
AG,2026-07-08T23:11:58Z,15.8,16.39,USD,yfinance
AG,2026-07-09T23:15:37Z,17.16,15.75,USD,yfinance
AG,2026-07-10T23:02:29Z,16.95,17.29,USD,yfinance
AG,2026-07-11T20:54:34Z,16.95,17.29,USD,yfinance
AG,2026-07-13T22:58:50Z,16.4,16.98,USD,yfinance
AG,2026-07-14T23:00:21Z,16.93,16.4,USD,yfinance
AG,2026-07-15T23:01:20Z,16.84,16.929,USD,yfinance
AG,2026-07-16T23:00:41Z,15.88,16.97,USD,yfinance
AG,2026-07-17T22:53:48Z,15.81,15.81,USD,yfinance
AG,2026-07-20T23:04:02Z,15.85,15.86,USD,yfinance
AG,2026-07-21T23:01:21Z,16.87,15.8,USD,yfinance
AG,2026-07-22T23:08:03Z,17.31,16.92,USD,yfinance
AG,2026-07-23T22:59:49Z,16.45,17.29,USD,yfinance
AG,2026-07-24T23:04:25Z,16.31,16.45,USD,yfinance
AG,2026-07-27T23:05:42Z,16.22,16.39,USD,yfinance
AG,2026-07-28T23:03:07Z,15.69,16.21,USD,yfinance
AG,2026-07-29T23:01:42Z,15.22,15.69,USD,yfinance
AG,2026-07-30T23:11:18Z,15.69,15.6,USD,yfinance
AG,2026-07-31T23:04:38Z,15.03,15.72,USD,yfinance
AG,2026-08-03T23:04:34Z,15.7,14.99,USD,yfinance
AG,2026-08-04T23:06:23Z,16.49,15.7,USD,yfinance
AG,2026-08-05T23:03:10Z,17.61,16.56,USD,yfinance
AG,2026-08-07T01:31:30Z,17.28,17.74,USD,yfinance
AG,2026-08-07T22:39:28Z,18.4,17.33,USD,yfinance
AG,2026-08-10T20:10:20Z,18.8501,18.48,USD,yfinance
AG,2026-08-10T22:41:11Z,18.85,18.48,USD,yfinance
AG,2026-08-11T22:46:15Z,18.96,18.93,USD,yfinance
AG,2026-08-12T22:44:21Z,19.16,18.972,USD,yfinance
AG,2026-08-13T16:00:14Z,18.645,19.12,USD,yfinance
AG,2026-08-13T22:45:35Z,18.78,19.12,USD,yfinance
AG,2026-08-14T22:26:53Z,19.26,18.8,USD,yfinance
AG,2026-08-17T22:28:19Z,19.57,19.22,USD,yfinance
AG,2026-08-18T22:26:59Z,18.48,19.6,USD,yfinance
AG,2026-08-19T22:28:21Z,20.85,18.33,USD,yfinance
AG,2026-08-20T22:31:16Z,21.19,21.0,USD,yfinance
AG,2026-08-21T22:28:47Z,21.09,21.34,USD,yfinance
AG,2026-08-24T22:29:50Z,20.83,21.14,USD,yfinance
AG,2026-08-25T22:31:05Z,21.24,21.04,USD,yfinance
AG,2026-08-27T03:01:09Z,20.99,21.27,USD,yfinance
AG,2026-08-27T20:19:57Z,21.74,21.25,USD,yfinance
AG,2026-08-27T22:02:21Z,21.74,21.25,USD,yfinance
AG,2026-08-28T06:01:35Z,21.74,21.25,USD,yfinance
AG,2026-08-28T22:02:32Z,20.76,21.7216,USD,yfinance
AG,2026-08-29T03:35:28Z,20.76,21.7216,USD,yfinance
AG,2026-08-31T22:02:08Z,20.59,20.66,USD,yfinance
AG,2026-09-01T01:04:57Z,20.59,20.66,USD,yfinance
AG,2026-09-01T22:02:16Z,19.86,20.6312,USD,yfinance
AG,2026-09-01T23:53:26Z,19.86,20.6312,USD,yfinance
AG,2026-09-02T04:00:10Z,19.86,20.6312,USD,yfinance
AG,2026-09-02T04:05:37Z,19.86,20.6312,USD,yfinance
AG,2026-09-02T22:02:17Z,21.2,19.96,USD,yfinance
AG,2026-09-02T23:55:58Z,21.2,19.96,USD,yfinance
AG,2026-09-03T22:02:15Z,21.39,21.22,USD,yfinance
AG,2026-09-03T23:52:26Z,21.39,21.22,USD,yfinance
AG,2026-09-04T22:02:39Z,20.97,21.3929,USD,yfinance
AGI,2026-06-18T18:51:23Z,36.13,37.6194,USD,yfinance
AGI,2026-06-18T23:49:10Z,36.34,37.6194,USD,yfinance
AGI,2026-06-19T23:02:28Z,36.34,37.6194,USD,yfinance
AGI,2026-06-22T23:24:10Z,32.04,35.2,USD,yfinance
AGI,2026-06-23T23:12:10Z,30.88,32.2,USD,yfinance
AGI,2026-06-24T23:08:05Z,30.1,30.88,USD,yfinance
AGI,2026-06-25T23:22:39Z,31.11,30.4,USD,yfinance
AGI,2026-06-26T23:11:10Z,31.32,31.16,USD,yfinance
AGI,2026-06-29T23:03:04Z,30.74,31.77,USD,yfinance
AGI,2026-06-30T23:18:00Z,30.34,31.35,USD,yfinance
AGI,2026-07-01T23:19:49Z,30.31,30.5,USD,yfinance
AGI,2026-07-02T23:12:11Z,31.58,30.2119,USD,yfinance
AGI,2026-07-03T23:08:36Z,31.58,30.2119,USD,yfinance
AGI,2026-07-06T23:12:30Z,31.57,31.68,USD,yfinance
AGI,2026-07-07T23:05:58Z,30.52,31.35,USD,yfinance
AGI,2026-07-08T23:11:54Z,29.23,30.8,USD,yfinance
AGI,2026-07-09T23:15:32Z,29.88,29.25,USD,yfinance
AGI,2026-07-10T23:02:25Z,29.46,29.88,USD,yfinance
AGI,2026-07-11T20:54:29Z,29.46,29.88,USD,yfinance
AGI,2026-07-13T22:58:46Z,28.86,29.5401,USD,yfinance
AGI,2026-07-14T23:00:16Z,29.37,29.2,USD,yfinance
AGI,2026-07-15T23:01:14Z,29.02,29.11,USD,yfinance
AGI,2026-07-16T23:00:36Z,28.25,29.0304,USD,yfinance
AGI,2026-07-17T22:53:43Z,28.26,28.25,USD,yfinance
AGI,2026-07-20T23:03:58Z,28.17,28.3,USD,yfinance
AGI,2026-07-21T23:01:16Z,29.52,28.17,USD,yfinance
AGI,2026-07-22T23:07:59Z,30.54,29.65,USD,yfinance
AGI,2026-07-23T22:59:44Z,29.38,30.68,USD,yfinance
AGI,2026-07-24T23:04:21Z,29.58,29.4062,USD,yfinance
AGI,2026-07-27T23:05:38Z,29.72,30.0,USD,yfinance
AGI,2026-07-28T23:03:03Z,28.79,29.86,USD,yfinance
AGI,2026-07-29T23:01:38Z,28.58,28.75,USD,yfinance
AGI,2026-07-30T23:11:14Z,28.4,29.4732,USD,yfinance
AGI,2026-07-31T23:04:34Z,27.83,28.41,USD,yfinance
AGI,2026-08-03T23:04:30Z,28.7,27.75,USD,yfinance
AGI,2026-08-04T23:06:19Z,28.76,28.79,USD,yfinance
AGI,2026-08-05T23:03:06Z,31.27,28.8,USD,yfinance
AGI,2026-08-07T01:31:26Z,31.1,31.52,USD,yfinance
AGI,2026-08-07T22:39:24Z,33.15,31.48,USD,yfinance
AGI,2026-08-10T20:10:17Z,33.205,33.4,USD,yfinance
AGI,2026-08-10T22:41:06Z,33.19,33.4,USD,yfinance
AGI,2026-08-11T22:46:10Z,33.45,33.44,USD,yfinance
AGI,2026-08-12T22:44:16Z,33.53,33.16,USD,yfinance
AGI,2026-08-13T16:00:09Z,32.67,33.8675,USD,yfinance
AGI,2026-08-13T22:45:31Z,32.85,33.8675,USD,yfinance
AGI,2026-08-14T22:26:49Z,33.36,32.91,USD,yfinance
AGI,2026-08-17T22:28:15Z,33.99,33.38,USD,yfinance
AGI,2026-08-18T22:26:54Z,32.9,34.3072,USD,yfinance
AGI,2026-08-19T22:28:17Z,35.74,33.19,USD,yfinance
AGI,2026-08-20T22:31:11Z,36.69,36.04,USD,yfinance
AGI,2026-08-21T22:28:42Z,37.86,36.69,USD,yfinance
AGI,2026-08-24T22:29:46Z,38.32,37.85,USD,yfinance
AGI,2026-08-25T22:31:01Z,39.02,38.63,USD,yfinance
AGI,2026-08-27T03:01:05Z,37.55,39.1,USD,yfinance
AGI,2026-08-27T20:19:53Z,37.88,37.76,USD,yfinance
AGI,2026-08-27T22:02:17Z,37.88,37.76,USD,yfinance
AGI,2026-08-28T06:01:31Z,37.88,37.76,USD,yfinance
AGI,2026-08-28T22:02:27Z,36.75,37.89,USD,yfinance
AGI,2026-08-29T03:35:24Z,36.75,37.89,USD,yfinance
AGI,2026-08-31T22:02:04Z,36.61,36.6395,USD,yfinance
AGI,2026-09-01T01:04:53Z,36.61,36.6395,USD,yfinance
AGI,2026-09-01T22:02:12Z,34.92,36.62,USD,yfinance
AGI,2026-09-01T23:53:22Z,34.92,36.62,USD,yfinance
AGI,2026-09-02T04:00:06Z,34.92,36.62,USD,yfinance
AGI,2026-09-02T04:05:33Z,34.92,36.62,USD,yfinance
AGI,2026-09-02T22:02:13Z,36.13,35.315,USD,yfinance
AGI,2026-09-02T23:55:53Z,36.13,35.315,USD,yfinance
AGI,2026-09-03T22:02:11Z,37.69,36.11,USD,yfinance
AGI,2026-09-03T23:52:22Z,37.69,36.11,USD,yfinance
AGI,2026-09-04T22:02:33Z,36.97,37.834,USD,yfinance
ALAB,2026-06-18T18:50:22Z,411.93,382.9,USD,yfinance
ALAB,2026-06-18T23:48:14Z,417.07,382.9,USD,yfinance
ALAB,2026-06-19T23:01:32Z,417.07,382.9,USD,yfinance
ALAB,2026-06-22T23:23:16Z,439.66,419.8,USD,yfinance
ALAB,2026-06-23T23:11:01Z,397.02,438.6999,USD,yfinance
ALAB,2026-06-24T23:07:08Z,399.92,402.42,USD,yfinance
ALAB,2026-06-25T23:21:42Z,398.0,418.22,USD,yfinance
ALAB,2026-06-26T23:09:59Z,391.74,396.0,USD,yfinance
ALAB,2026-06-29T23:01:53Z,455.96,391.0,USD,yfinance
ALAB,2026-06-30T23:16:51Z,483.02,454.2,USD,yfinance
ALAB,2026-07-01T23:18:52Z,430.86,487.99,USD,yfinance
ALAB,2026-07-02T23:11:14Z,406.42,434.5,USD,yfinance
ALAB,2026-07-03T23:07:40Z,406.42,434.5,USD,yfinance
ALAB,2026-07-06T23:11:31Z,432.74,409.6,USD,yfinance
ALAB,2026-07-07T23:04:56Z,382.89,430.0,USD,yfinance
ALAB,2026-07-08T23:10:57Z,393.16,375.0,USD,yfinance
ALAB,2026-07-09T23:14:28Z,417.45,396.0,USD,yfinance
ALAB,2026-07-10T23:01:22Z,412.97,417.6,USD,yfinance
ALAB,2026-07-11T20:53:29Z,412.97,417.6,USD,yfinance
ALAB,2026-07-13T22:57:50Z,362.05,412.5,USD,yfinance
ALAB,2026-07-14T22:59:14Z,361.78,355.0,USD,yfinance
ALAB,2026-07-15T23:00:03Z,350.62,366.4181,USD,yfinance
ALAB,2026-07-16T22:59:31Z,319.74,345.0,USD,yfinance
ALAB,2026-07-17T22:52:41Z,303.62,314.5,USD,yfinance
ALAB,2026-07-20T23:03:08Z,309.09,303.6098,USD,yfinance
ALAB,2026-07-21T23:00:14Z,319.79,310.0,USD,yfinance
ALAB,2026-07-22T23:07:09Z,330.895,323.2652,USD,yfinance
ALAB,2026-07-23T22:58:41Z,326.97,335.2,USD,yfinance
ALAB,2026-07-24T23:03:32Z,291.58,327.5,USD,yfinance
ALAB,2026-07-27T23:04:49Z,282.52,288.8505,USD,yfinance
ALAB,2026-07-28T23:02:15Z,260.23,279.4625,USD,yfinance
ALAB,2026-07-29T23:00:48Z,249.74,264.4788,USD,yfinance
ALAB,2026-07-30T23:10:18Z,299.69,252.7815,USD,yfinance
ALAB,2026-07-31T23:03:38Z,311.23,323.0,USD,yfinance
ALAB,2026-08-03T23:03:39Z,321.05,304.5,USD,yfinance
ALAB,2026-08-04T23:05:28Z,361.67,327.9,USD,yfinance
ALAB,2026-08-05T23:02:16Z,318.43,358.004,USD,yfinance
ALAB,2026-08-07T01:30:35Z,331.5,320.0,USD,yfinance
ALAB,2026-08-07T22:38:35Z,334.17,338.97,USD,yfinance
ALAB,2026-08-10T20:09:28Z,317.23,333.9999,USD,yfinance
ALAB,2026-08-10T22:40:01Z,317.23,333.9999,USD,yfinance
ALAB,2026-08-11T22:45:09Z,311.99,317.9335,USD,yfinance
ALAB,2026-08-12T22:43:15Z,318.8,312.9321,USD,yfinance
ALAB,2026-08-13T15:59:12Z,323.09,320.0,USD,yfinance
ALAB,2026-08-13T22:44:38Z,322.78,320.0,USD,yfinance
ALAB,2026-08-14T22:25:55Z,321.61,324.8614,USD,yfinance
ALAB,2026-08-17T22:27:18Z,320.17,321.2,USD,yfinance
ALAB,2026-08-18T22:25:58Z,303.44,321.324,USD,yfinance
ALAB,2026-08-19T22:27:20Z,289.02,299.47,USD,yfinance
ALAB,2026-08-20T22:30:10Z,290.52,291.79,USD,yfinance
ALAB,2026-08-21T22:27:35Z,284.97,288.85,USD,yfinance
ALAB,2026-08-24T22:28:47Z,277.53,284.9225,USD,yfinance
ALAB,2026-08-25T22:30:03Z,282.65,276.075,USD,yfinance
ALAB,2026-08-27T03:00:07Z,290.3,282.02,USD,yfinance
ALAB,2026-08-27T20:18:49Z,304.09,300.75,USD,yfinance
ALAB,2026-08-27T22:01:10Z,304.09,300.75,USD,yfinance
ALAB,2026-08-28T06:00:29Z,304.09,300.75,USD,yfinance
ALAB,2026-08-28T22:01:14Z,289.47,300.32,USD,yfinance
ALAB,2026-08-29T03:34:16Z,289.47,300.32,USD,yfinance
ALAB,2026-08-31T22:01:06Z,296.98,290.2958,USD,yfinance
ALAB,2026-09-01T01:04:00Z,296.98,290.2958,USD,yfinance
ALAB,2026-09-01T22:01:08Z,279.91,296.0,USD,yfinance
ALAB,2026-09-01T23:52:23Z,279.91,296.0,USD,yfinance
ALAB,2026-09-02T03:59:13Z,279.91,296.0,USD,yfinance
ALAB,2026-09-02T04:04:36Z,279.91,296.0,USD,yfinance
ALAB,2026-09-02T22:01:08Z,274.13,279.45,USD,yfinance
ALAB,2026-09-02T23:54:41Z,274.13,279.45,USD,yfinance
ALAB,2026-09-03T22:01:04Z,282.82,274.8,USD,yfinance
ALAB,2026-09-03T23:51:07Z,282.82,274.8,USD,yfinance
ALAB,2026-09-04T22:01:07Z,310.4,280.4185,USD,yfinance
AMD,2026-06-18T18:50:44Z,529.65,521.99,USD,yfinance
AMD,2026-06-18T23:48:34Z,537.37,521.99,USD,yfinance
AMD,2026-06-19T23:01:52Z,537.37,521.99,USD,yfinance
AMD,2026-06-22T23:23:35Z,551.63,536.62,USD,yfinance
AMD,2026-06-23T23:11:26Z,519.85,546.5,USD,yfinance
AMD,2026-06-24T23:07:28Z,519.74,522.2,USD,yfinance
AMD,2026-06-25T23:22:02Z,532.57,538.7802,USD,yfinance
AMD,2026-06-26T23:10:24Z,521.58,529.325,USD,yfinance
AMD,2026-06-29T23:02:19Z,539.49,518.6983,USD,yfinance
AMD,2026-06-30T23:17:16Z,580.91,540.28,USD,yfinance
AMD,2026-07-01T23:19:13Z,540.88,579.54,USD,yfinance
AMD,2026-07-02T23:11:34Z,517.82,544.104,USD,yfinance
AMD,2026-07-03T23:08:00Z,517.82,544.104,USD,yfinance
AMD,2026-07-06T23:11:53Z,552.05,519.68,USD,yfinance
AMD,2026-07-07T23:05:19Z,516.11,549.15,USD,yfinance
AMD,2026-07-08T23:11:18Z,517.405,512.365,USD,yfinance
AMD,2026-07-09T23:14:51Z,546.72,516.79,USD,yfinance
AMD,2026-07-10T23:01:45Z,557.89,547.06,USD,yfinance
AMD,2026-07-11T20:53:51Z,557.89,547.06,USD,yfinance
AMD,2026-07-13T22:58:10Z,534.39,559.77,USD,yfinance
AMD,2026-07-14T22:59:36Z,548.13,532.56,USD,yfinance
AMD,2026-07-15T22:59:51Z,529.14,549.97,USD,yfinance
AMD,2026-07-16T22:59:20Z,500.94,528.275,USD,yfinance
AMD,2026-07-17T22:52:32Z,495.76,494.3,USD,yfinance
AMD,2026-07-20T23:03:00Z,503.57,492.5,USD,yfinance
AMD,2026-07-21T23:00:04Z,544.43,505.0,USD,yfinance
AMD,2026-07-22T23:07:01Z,552.33,545.8799,USD,yfinance
AMD,2026-07-23T22:58:32Z,539.69,554.0,USD,yfinance
AMD,2026-07-24T23:03:24Z,521.95,548.7,USD,yfinance
AMD,2026-07-27T23:04:42Z,494.95,521.6,USD,yfinance
AMD,2026-07-28T23:02:08Z,454.62,491.48,USD,yfinance
AMD,2026-07-29T23:00:40Z,429.56,460.4,USD,yfinance
AMD,2026-07-30T23:10:09Z,485.39,427.75,USD,yfinance
AMD,2026-07-31T23:03:29Z,476.15,499.3,USD,yfinance
AMD,2026-08-03T23:03:31Z,484.64,472.1188,USD,yfinance
AMD,2026-08-04T23:05:20Z,518.58,494.6,USD,yfinance
AMD,2026-08-05T23:02:08Z,482.05,472.8504,USD,yfinance
AMD,2026-08-07T01:30:27Z,489.28,481.2,USD,yfinance
AMD,2026-08-07T22:38:27Z,483.36,491.7055,USD,yfinance
AMD,2026-08-10T20:09:21Z,469.56,483.1799,USD,yfinance
AMD,2026-08-10T22:39:51Z,469.56,483.1799,USD,yfinance
AMD,2026-08-11T22:45:00Z,474.32,469.2183,USD,yfinance
AMD,2026-08-12T22:43:05Z,482.93,474.9303,USD,yfinance
AMD,2026-08-13T15:59:03Z,491.8294,483.01,USD,yfinance
AMD,2026-08-13T22:44:30Z,483.01,483.01,USD,yfinance
AMD,2026-08-14T22:25:47Z,514.39,486.85,USD,yfinance
AMD,2026-08-17T22:27:11Z,506.0,515.5,USD,yfinance
AMD,2026-08-18T22:25:50Z,484.39,507.9,USD,yfinance
AMD,2026-08-19T22:27:12Z,466.42,479.4,USD,yfinance
AMD,2026-08-20T22:30:00Z,469.455,469.43,USD,yfinance
AMD,2026-08-21T22:27:24Z,473.25,467.9,USD,yfinance
AMD,2026-08-24T22:28:37Z,456.745,472.3145,USD,yfinance
AMD,2026-08-25T22:29:53Z,479.18,454.59,USD,yfinance
AMD,2026-08-27T02:59:58Z,480.93,479.6301,USD,yfinance
AMD,2026-08-27T20:18:39Z,476.67,485.06,USD,yfinance
AMD,2026-08-27T22:01:00Z,476.67,485.06,USD,yfinance
AMD,2026-08-28T06:00:19Z,476.67,485.06,USD,yfinance
AMD,2026-08-28T22:01:03Z,465.58,474.29,USD,yfinance
AMD,2026-08-29T03:34:04Z,465.58,474.29,USD,yfinance
AMD,2026-08-31T22:00:56Z,470.72,466.05,USD,yfinance
AMD,2026-09-01T01:03:52Z,470.72,466.05,USD,yfinance
AMD,2026-09-01T22:00:58Z,459.61,469.6,USD,yfinance
AMD,2026-09-01T23:52:13Z,459.61,469.6,USD,yfinance
AMD,2026-09-02T03:59:04Z,459.61,469.6,USD,yfinance
AMD,2026-09-02T04:04:27Z,459.61,469.6,USD,yfinance
AMD,2026-09-02T22:00:59Z,457.06,459.5,USD,yfinance
AMD,2026-09-02T23:54:31Z,457.06,459.5,USD,yfinance
AMD,2026-09-03T22:00:55Z,456.16,456.731,USD,yfinance
AMD,2026-09-03T23:50:57Z,456.16,456.731,USD,yfinance
AMD,2026-09-04T22:00:55Z,477.57,455.09,USD,yfinance
AMLP,2026-09-02T16:44:23Z,55.85,55.8754,USD,yfinance
AMLP,2026-09-02T22:03:26Z,55.79,55.8754,USD,yfinance
AMLP,2026-09-02T23:57:14Z,55.79,55.8754,USD,yfinance
AMLP,2026-09-03T22:03:24Z,55.42,56.0,USD,yfinance
AMLP,2026-09-03T23:53:42Z,55.42,56.0,USD,yfinance
AMLP,2026-09-04T22:04:09Z,55.72,55.4903,USD,yfinance
AMSC,2026-06-18T18:50:05Z,42.72,40.64,USD,yfinance
AMSC,2026-06-18T23:47:58Z,43.4,40.64,USD,yfinance
AMSC,2026-06-19T23:01:16Z,43.4,40.64,USD,yfinance
AMSC,2026-06-22T23:23:00Z,45.325,43.29,USD,yfinance
AMSC,2026-06-23T23:10:41Z,41.63,45.23,USD,yfinance
AMSC,2026-06-24T23:06:51Z,40.85,41.8504,USD,yfinance
AMSC,2026-06-25T23:21:25Z,40.28,41.75,USD,yfinance
AMSC,2026-06-26T23:09:37Z,39.73,40.65,USD,yfinance
AMSC,2026-06-29T23:01:32Z,39.83,39.6,USD,yfinance
AMSC,2026-06-30T23:16:31Z,41.51,39.5675,USD,yfinance
AMSC,2026-07-01T23:18:35Z,39.92,41.3,USD,yfinance
AMSC,2026-07-02T23:10:57Z,37.11,39.95,USD,yfinance
AMSC,2026-07-03T23:07:23Z,37.11,39.95,USD,yfinance
AMSC,2026-07-06T23:11:13Z,38.13,37.3,USD,yfinance
AMSC,2026-07-07T23:04:39Z,35.55,38.1711,USD,yfinance
AMSC,2026-07-08T23:10:41Z,36.0,35.46,USD,yfinance
AMSC,2026-07-09T23:14:08Z,37.17,36.297,USD,yfinance
AMSC,2026-07-10T23:01:04Z,35.96,37.11,USD,yfinance
AMSC,2026-07-11T20:53:11Z,35.96,37.11,USD,yfinance
AMSC,2026-07-13T22:57:34Z,34.18,36.2558,USD,yfinance
AMSC,2026-07-14T22:58:56Z,35.46,33.776,USD,yfinance
AMSC,2026-07-15T23:00:28Z,35.3,35.53,USD,yfinance
AMSC,2026-07-16T22:59:54Z,33.09,35.88,USD,yfinance
AMSC,2026-07-17T22:53:03Z,33.025,32.22,USD,yfinance
AMSC,2026-07-20T23:03:25Z,32.51,33.28,USD,yfinance
AMSC,2026-07-21T23:00:36Z,34.545,32.68,USD,yfinance
AMSC,2026-07-22T23:07:27Z,33.4,34.6,USD,yfinance
AMSC,2026-07-23T22:59:04Z,33.0,33.57,USD,yfinance
AMSC,2026-07-24T23:03:49Z,30.52,32.87,USD,yfinance
AMSC,2026-07-27T23:05:07Z,30.53,30.65,USD,yfinance
AMSC,2026-07-28T23:02:32Z,28.75,30.5919,USD,yfinance
AMSC,2026-07-29T23:01:06Z,26.64,29.19,USD,yfinance
AMSC,2026-07-30T23:10:37Z,29.45,26.79,USD,yfinance
AMSC,2026-07-31T23:03:58Z,29.37,29.883,USD,yfinance
AMSC,2026-08-03T23:03:57Z,30.99,29.2084,USD,yfinance
AMSC,2026-08-04T23:05:46Z,33.45,31.25,USD,yfinance
AMSC,2026-08-05T23:02:34Z,32.94,33.75,USD,yfinance
AMSC,2026-08-07T01:30:53Z,32.9,31.2417,USD,yfinance
AMSC,2026-08-07T22:38:52Z,32.765,32.61,USD,yfinance
AMSC,2026-08-10T20:09:45Z,30.99,32.83,USD,yfinance
AMSC,2026-08-10T22:40:23Z,30.99,32.83,USD,yfinance
AMSC,2026-08-11T22:45:31Z,32.13,30.8385,USD,yfinance
AMSC,2026-08-12T22:43:37Z,32.28,31.6,USD,yfinance
AMSC,2026-08-13T15:59:33Z,32.0,32.42,USD,yfinance
AMSC,2026-08-13T22:44:58Z,31.51,32.42,USD,yfinance
AMSC,2026-08-14T22:26:16Z,31.92,31.76,USD,yfinance
AMSC,2026-08-17T22:27:41Z,32.13,31.5,USD,yfinance
AMSC,2026-08-18T22:26:20Z,31.02,32.0,USD,yfinance
AMSC,2026-08-19T22:27:42Z,31.16,30.97,USD,yfinance
AMSC,2026-08-20T22:30:33Z,30.05,31.2,USD,yfinance
AMSC,2026-08-21T22:27:59Z,30.01,30.12,USD,yfinance
AMSC,2026-08-24T22:29:08Z,28.92,30.1,USD,yfinance
AMSC,2026-08-25T22:30:24Z,29.65,28.98,USD,yfinance
AMSC,2026-08-27T03:00:28Z,29.49,29.815,USD,yfinance
AMSC,2026-08-27T20:19:12Z,29.84,29.9,USD,yfinance
AMSC,2026-08-27T22:01:35Z,29.84,29.9,USD,yfinance
AMSC,2026-08-28T06:00:52Z,29.84,29.9,USD,yfinance
AMSC,2026-08-28T22:01:41Z,28.49,29.968,USD,yfinance
AMSC,2026-08-29T03:34:41Z,28.49,29.968,USD,yfinance
AMSC,2026-08-31T22:01:27Z,28.71,28.7,USD,yfinance
AMSC,2026-09-01T01:04:19Z,28.71,28.7,USD,yfinance
AMSC,2026-09-01T22:01:30Z,28.56,29.0,USD,yfinance
AMSC,2026-09-01T23:52:43Z,28.56,29.0,USD,yfinance
AMSC,2026-09-02T03:59:32Z,28.56,29.0,USD,yfinance
AMSC,2026-09-02T04:04:56Z,28.56,29.0,USD,yfinance
AMSC,2026-09-02T22:01:32Z,28.49,28.83,USD,yfinance
AMSC,2026-09-02T23:55:07Z,28.49,28.83,USD,yfinance
AMSC,2026-09-03T22:01:28Z,29.01,28.55,USD,yfinance
AMSC,2026-09-03T23:51:34Z,29.01,28.55,USD,yfinance
AMSC,2026-09-04T22:01:38Z,29.55,29.1891,USD,yfinance
AMZN,2026-09-01T15:00:09Z,254.41,260.2015,USD,yfinance
AMZN,2026-09-01T22:03:10Z,254.92,260.2015,USD,yfinance
AMZN,2026-09-01T23:54:19Z,254.92,260.2015,USD,yfinance
AMZN,2026-09-02T04:00:56Z,254.92,260.2015,USD,yfinance
AMZN,2026-09-02T04:06:26Z,254.92,260.2015,USD,yfinance
AMZN,2026-09-02T22:03:05Z,254.98,255.08,USD,yfinance
AMZN,2026-09-02T23:56:51Z,254.98,255.08,USD,yfinance
AMZN,2026-09-03T22:03:03Z,258.9,256.4,USD,yfinance
AMZN,2026-09-03T23:53:19Z,258.9,256.4,USD,yfinance
AMZN,2026-09-04T22:03:43Z,258.51,259.25,USD,yfinance
AOSL,2026-06-18T18:50:21Z,47.17,45.2127,USD,yfinance
AOSL,2026-06-18T23:48:13Z,48.04,45.2127,USD,yfinance
AOSL,2026-06-19T23:01:31Z,48.04,45.2127,USD,yfinance
AOSL,2026-06-22T23:23:14Z,49.36,49.0,USD,yfinance
AOSL,2026-06-23T23:10:59Z,45.07,49.19,USD,yfinance
AOSL,2026-06-24T23:07:06Z,41.98,44.76,USD,yfinance
AOSL,2026-06-25T23:21:41Z,45.7,44.4,USD,yfinance
AOSL,2026-06-26T23:09:57Z,43.99,44.31,USD,yfinance
AOSL,2026-06-29T23:01:52Z,45.21,43.99,USD,yfinance
AOSL,2026-06-30T23:16:50Z,47.33,45.98,USD,yfinance
AOSL,2026-07-01T23:18:51Z,43.52,47.59,USD,yfinance
AOSL,2026-07-02T23:11:12Z,37.11,43.0,USD,yfinance
AOSL,2026-07-03T23:07:39Z,37.11,43.0,USD,yfinance
AOSL,2026-07-06T23:11:29Z,38.24,37.3,USD,yfinance
AOSL,2026-07-07T23:04:55Z,34.77,38.15,USD,yfinance
AOSL,2026-07-08T23:10:56Z,37.37,34.2935,USD,yfinance
AOSL,2026-07-09T23:14:26Z,37.98,37.0,USD,yfinance
AOSL,2026-07-10T23:01:21Z,37.56,38.64,USD,yfinance
AOSL,2026-07-11T20:53:28Z,37.56,38.64,USD,yfinance
AOSL,2026-07-13T22:57:49Z,34.69,38.26,USD,yfinance
AOSL,2026-07-14T22:59:12Z,34.81,34.68,USD,yfinance
AOSL,2026-07-15T23:00:15Z,35.35,35.48,USD,yfinance
AOSL,2026-07-16T22:59:42Z,30.71,35.8718,USD,yfinance
AOSL,2026-07-17T22:52:52Z,31.27,30.0,USD,yfinance
AOSL,2026-07-20T23:03:16Z,31.41,31.8,USD,yfinance
AOSL,2026-07-21T23:00:25Z,34.99,31.01,USD,yfinance
AOSL,2026-07-22T23:07:18Z,34.75,35.67,USD,yfinance
AOSL,2026-07-23T22:58:52Z,33.81,34.75,USD,yfinance
AOSL,2026-07-24T23:03:40Z,30.85,34.46,USD,yfinance
AOSL,2026-07-27T23:04:58Z,30.82,30.6825,USD,yfinance
AOSL,2026-07-28T23:02:24Z,28.85,30.37,USD,yfinance
AOSL,2026-07-29T23:00:57Z,27.7,28.9557,USD,yfinance
AOSL,2026-07-30T23:10:27Z,31.11,27.7001,USD,yfinance
AOSL,2026-07-31T23:03:48Z,31.74,31.94,USD,yfinance
AOSL,2026-08-03T23:03:48Z,31.47,31.75,USD,yfinance
AOSL,2026-08-04T23:05:37Z,33.78,31.47,USD,yfinance
AOSL,2026-08-05T23:02:25Z,32.54,33.27,USD,yfinance
AOSL,2026-08-07T01:30:44Z,33.33,32.48,USD,yfinance
AOSL,2026-08-07T22:38:43Z,36.08,33.54,USD,yfinance
AOSL,2026-08-10T20:09:37Z,34.56,35.36,USD,yfinance
AOSL,2026-08-10T22:40:12Z,34.56,35.36,USD,yfinance
AOSL,2026-08-11T22:45:20Z,34.84,34.4,USD,yfinance
AOSL,2026-08-12T22:43:26Z,36.28,34.295,USD,yfinance
AOSL,2026-08-13T15:59:22Z,31.47,31.56,USD,yfinance
AOSL,2026-08-13T22:44:47Z,30.62,31.56,USD,yfinance
AOSL,2026-08-14T22:26:04Z,30.77,30.7,USD,yfinance
AOSL,2026-08-17T22:27:28Z,31.07,30.8,USD,yfinance
AOSL,2026-08-18T22:26:07Z,28.38,31.62,USD,yfinance
AOSL,2026-08-19T22:27:30Z,27.14,28.3417,USD,yfinance
AOSL,2026-08-20T22:30:20Z,26.22,27.65,USD,yfinance
AOSL,2026-08-21T22:27:45Z,26.39,26.2,USD,yfinance
AOSL,2026-08-24T22:28:56Z,25.89,26.91,USD,yfinance
AOSL,2026-08-25T22:30:12Z,26.62,26.4,USD,yfinance
AOSL,2026-08-27T03:00:16Z,26.2,27.0,USD,yfinance
AOSL,2026-08-27T20:18:59Z,26.23,26.5,USD,yfinance
AOSL,2026-08-27T22:01:21Z,26.23,26.5,USD,yfinance
AOSL,2026-08-28T06:00:39Z,26.23,26.5,USD,yfinance
AOSL,2026-08-28T22:01:26Z,24.63,26.21,USD,yfinance
AOSL,2026-08-29T03:34:27Z,24.63,26.21,USD,yfinance
AOSL,2026-08-31T22:01:15Z,24.66,24.5653,USD,yfinance
AOSL,2026-09-01T01:04:09Z,24.66,24.5653,USD,yfinance
AOSL,2026-09-01T22:01:18Z,23.64,24.3,USD,yfinance
AOSL,2026-09-01T23:52:32Z,23.64,24.3,USD,yfinance
AOSL,2026-09-02T03:59:21Z,23.64,24.3,USD,yfinance
AOSL,2026-09-02T04:04:45Z,23.64,24.3,USD,yfinance
AOSL,2026-09-02T22:01:17Z,24.62,23.34,USD,yfinance
AOSL,2026-09-02T23:54:50Z,24.62,23.34,USD,yfinance
AOSL,2026-09-03T22:01:13Z,24.45,24.9797,USD,yfinance
AOSL,2026-09-03T23:51:17Z,24.45,24.9797,USD,yfinance
AOSL,2026-09-04T22:01:18Z,25.2,24.39,USD,yfinance
APLD,2026-09-02T13:38:33Z,24.17,24.22,USD,yfinance
APLD,2026-09-02T22:01:53Z,24.91,24.22,USD,yfinance
APLD,2026-09-02T23:55:31Z,24.91,24.22,USD,yfinance
APLD,2026-09-03T22:01:49Z,25.91,24.9494,USD,yfinance
APLD,2026-09-03T23:51:58Z,25.91,24.9494,USD,yfinance
APLD,2026-09-04T22:02:06Z,26.37,25.9275,USD,yfinance
ARKX,2026-09-02T13:38:16Z,31.73,32.0,USD,yfinance
ARKX,2026-09-02T22:04:33Z,31.85,32.0,USD,yfinance
ARKX,2026-09-02T23:58:26Z,31.85,32.0,USD,yfinance
ARKX,2026-09-03T22:04:30Z,32.35,31.9,USD,yfinance
ARKX,2026-09-03T23:54:55Z,32.35,31.9,USD,yfinance
ARKX,2026-09-04T22:05:37Z,32.22,32.28,USD,yfinance
ARQQ,2026-09-02T13:38:25Z,18.725,19.21,USD,yfinance
ARQQ,2026-09-02T22:04:41Z,20.54,19.21,USD,yfinance
ARQQ,2026-09-02T23:58:36Z,20.54,19.21,USD,yfinance
ARQQ,2026-09-03T22:04:39Z,20.62,19.99,USD,yfinance
ARQQ,2026-09-03T23:55:04Z,20.62,19.99,USD,yfinance
ARQQ,2026-09-04T22:05:49Z,21.37,20.7,USD,yfinance
ARTY,2026-08-14T02:36:38Z,77.56,75.89,USD,yfinance
ARTY,2026-08-14T22:27:42Z,77.18,78.35,USD,yfinance
ARTY,2026-08-17T22:29:07Z,77.67,77.04,USD,yfinance
ARTY,2026-08-18T22:27:46Z,73.55,77.9,USD,yfinance
ARTY,2026-08-19T22:29:11Z,73.58,73.4,USD,yfinance
ARTY,2026-08-20T22:32:11Z,73.93,74.4,USD,yfinance
ARTY,2026-08-21T22:29:48Z,74.17,73.89,USD,yfinance
ARTY,2026-08-24T22:30:45Z,72.32,74.17,USD,yfinance
ARTY,2026-08-25T22:31:59Z,74.07,71.0,USD,yfinance
ARTY,2026-08-27T03:02:01Z,74.77,74.08,USD,yfinance
ARTY,2026-08-27T20:21:07Z,75.73,76.876,USD,yfinance
ARTY,2026-08-27T22:03:35Z,75.73,76.876,USD,yfinance
ARTY,2026-08-28T06:02:45Z,75.73,76.876,USD,yfinance
ARTY,2026-08-28T22:03:53Z,74.57,75.37,USD,yfinance
ARTY,2026-08-29T03:36:45Z,74.57,75.37,USD,yfinance
ARTY,2026-08-31T22:03:12Z,74.43,75.75,USD,yfinance
ARTY,2026-09-01T01:05:56Z,74.43,75.75,USD,yfinance
ARTY,2026-09-01T22:03:29Z,73.2,74.47,USD,yfinance
ARTY,2026-09-01T23:54:37Z,73.2,74.47,USD,yfinance
ARTY,2026-09-02T04:01:12Z,73.2,74.47,USD,yfinance
ARTY,2026-09-02T04:06:44Z,73.2,74.47,USD,yfinance
ARTY,2026-09-02T22:04:58Z,73.12,72.9986,USD,yfinance
ARTY,2026-09-02T23:58:54Z,73.12,72.9986,USD,yfinance
ARTY,2026-09-03T22:04:56Z,74.37,74.0,USD,yfinance
ARTY,2026-09-03T23:55:22Z,74.37,74.0,USD,yfinance
ARTY,2026-09-04T22:06:10Z,76.15,75.0,USD,yfinance
ASML,2026-06-18T18:50:06Z,1918.25,1909.0,USD,yfinance
ASML,2026-06-18T23:47:59Z,1929.6801,1909.0,USD,yfinance
ASML,2026-06-19T23:01:17Z,1929.6801,1909.0,USD,yfinance
ASML,2026-06-22T23:23:01Z,1929.25,1928.695,USD,yfinance
ASML,2026-06-23T23:10:42Z,1778.46,1920.679,USD,yfinance
ASML,2026-06-24T23:06:52Z,1762.77,1788.0,USD,yfinance
ASML,2026-06-25T23:21:26Z,1841.1801,1860.0,USD,yfinance
ASML,2026-06-26T23:09:38Z,1794.62,1829.37,USD,yfinance
ASML,2026-06-29T23:01:34Z,1883.11,1793.0,USD,yfinance
ASML,2026-06-30T23:16:33Z,1989.4399,1880.0,USD,yfinance
ASML,2026-07-01T23:18:37Z,1843.04,1988.5,USD,yfinance
ASML,2026-07-02T23:10:58Z,1769.3199,1850.9,USD,yfinance
ASML,2026-07-03T23:07:25Z,1769.3199,1850.9,USD,yfinance
ASML,2026-07-06T23:11:14Z,1825.0699,1776.9812,USD,yfinance
ASML,2026-07-07T23:04:40Z,1747.28,1813.95,USD,yfinance
ASML,2026-07-08T23:10:42Z,1768.65,1735.1948,USD,yfinance
ASML,2026-07-09T23:14:10Z,1804.25,1774.01,USD,yfinance
ASML,2026-07-10T23:01:06Z,1797.3199,1816.4899,USD,yfinance
ASML,2026-07-11T20:53:13Z,1797.3199,1816.4899,USD,yfinance
ASML,2026-07-13T22:57:35Z,1726.04,1800.0,USD,yfinance
ASML,2026-07-14T22:58:57Z,1775.64,1725.0,USD,yfinance
ASML,2026-07-15T23:00:01Z,1815.27,1806.8,USD,yfinance
ASML,2026-07-16T22:59:29Z,1784.87,1809.49,USD,yfinance
ASML,2026-07-17T22:52:40Z,1747.58,1765.8542,USD,yfinance
ASML,2026-07-20T23:03:07Z,1739.02,1741.3096,USD,yfinance
ASML,2026-07-21T23:00:12Z,1801.51,1738.0,USD,yfinance
ASML,2026-07-22T23:07:08Z,1801.86,1802.0,USD,yfinance
ASML,2026-07-23T22:58:40Z,1803.0,1808.43,USD,yfinance
ASML,2026-07-24T23:03:30Z,1757.09,1826.7098,USD,yfinance
ASML,2026-07-27T23:04:48Z,1655.26,1756.5,USD,yfinance
ASML,2026-07-28T23:02:14Z,1582.95,1648.98,USD,yfinance
ASML,2026-07-29T23:00:47Z,1550.6899,1590.18,USD,yfinance
ASML,2026-07-30T23:10:16Z,1651.4399,1567.0,USD,yfinance
ASML,2026-07-31T23:03:37Z,1629.0,1681.4,USD,yfinance
ASML,2026-08-03T23:03:37Z,1642.52,1625.19,USD,yfinance
ASML,2026-08-04T23:05:27Z,1711.89,1651.29,USD,yfinance
ASML,2026-08-05T23:02:15Z,1678.22,1707.3,USD,yfinance
ASML,2026-08-07T01:30:34Z,1704.37,1679.99,USD,yfinance
ASML,2026-08-07T22:38:34Z,1740.99,1711.46,USD,yfinance
ASML,2026-08-10T20:09:27Z,1733.48,1742.4626,USD,yfinance
ASML,2026-08-10T22:39:59Z,1733.48,1742.4626,USD,yfinance
ASML,2026-08-11T22:45:08Z,1799.38,1734.3455,USD,yfinance
ASML,2026-08-12T22:43:13Z,1810.0699,1805.36,USD,yfinance
ASML,2026-08-13T15:59:11Z,1850.96,1816.0,USD,yfinance
ASML,2026-08-13T22:44:37Z,1847.9,1816.0,USD,yfinance
ASML,2026-08-14T22:25:54Z,1844.08,1860.38,USD,yfinance
ASML,2026-08-17T22:27:17Z,1883.12,1841.0072,USD,yfinance
ASML,2026-08-18T22:25:57Z,1802.98,1884.51,USD,yfinance
ASML,2026-08-19T22:27:19Z,1751.73,1791.127,USD,yfinance
ASML,2026-08-20T22:30:08Z,1750.3101,1763.21,USD,yfinance
ASML,2026-08-21T22:27:32Z,1763.76,1752.7,USD,yfinance
ASML,2026-08-24T22:28:44Z,1740.13,1763.3945,USD,yfinance
ASML,2026-08-25T22:30:00Z,1744.16,1738.0,USD,yfinance
ASML,2026-08-27T03:00:05Z,1745.64,1743.0,USD,yfinance
ASML,2026-08-27T20:18:46Z,1735.01,1785.0,USD,yfinance
ASML,2026-08-27T22:01:07Z,1735.01,1785.0,USD,yfinance
ASML,2026-08-28T06:00:27Z,1735.01,1785.0,USD,yfinance
ASML,2026-08-28T22:01:11Z,1696.16,1730.73,USD,yfinance
ASML,2026-08-29T03:34:13Z,1696.16,1730.73,USD,yfinance
ASML,2026-08-31T22:01:03Z,1696.01,1704.9888,USD,yfinance
ASML,2026-09-01T01:03:58Z,1696.01,1704.9888,USD,yfinance
ASML,2026-09-01T22:01:05Z,1665.14,1692.9775,USD,yfinance
ASML,2026-09-01T23:52:20Z,1665.14,1692.9775,USD,yfinance
ASML,2026-09-02T03:59:10Z,1665.14,1692.9775,USD,yfinance
ASML,2026-09-02T04:04:33Z,1665.14,1692.9775,USD,yfinance
ASML,2026-09-02T22:01:06Z,1682.3,1665.7,USD,yfinance
ASML,2026-09-02T23:54:38Z,1682.3,1665.7,USD,yfinance
ASML,2026-09-03T22:01:01Z,1646.1899,1677.718,USD,yfinance
ASML,2026-09-03T23:51:05Z,1646.1899,1677.718,USD,yfinance
ASML,2026-09-04T22:01:04Z,1714.88,1646.28,USD,yfinance
AU,2026-06-18T18:51:19Z,90.54,91.8,USD,yfinance
AU,2026-06-18T23:49:06Z,90.87,91.8,USD,yfinance
AU,2026-06-19T23:02:24Z,90.87,91.8,USD,yfinance
AU,2026-06-22T23:24:06Z,86.23,90.88,USD,yfinance
AU,2026-06-23T23:12:06Z,83.79,85.95,USD,yfinance
AU,2026-06-24T23:08:01Z,78.59,83.52,USD,yfinance
AU,2026-06-25T23:22:35Z,79.34,79.89,USD,yfinance
AU,2026-06-26T23:11:05Z,81.62,80.33,USD,yfinance
AU,2026-06-29T23:02:59Z,81.79,81.95,USD,yfinance
AU,2026-06-30T23:17:55Z,80.89,81.65,USD,yfinance
AU,2026-07-01T23:19:45Z,80.89,81.94,USD,yfinance
AU,2026-07-02T23:12:07Z,84.65,80.5481,USD,yfinance
AU,2026-07-03T23:08:32Z,84.65,80.5481,USD,yfinance
AU,2026-07-06T23:12:26Z,84.05,83.56,USD,yfinance
AU,2026-07-07T23:05:53Z,82.08,84.84,USD,yfinance
AU,2026-07-08T23:11:50Z,79.83,81.96,USD,yfinance
AU,2026-07-09T23:15:28Z,81.91,79.97,USD,yfinance
AU,2026-07-10T23:02:20Z,82.1,82.0,USD,yfinance
AU,2026-07-11T20:54:25Z,82.1,82.0,USD,yfinance
AU,2026-07-13T22:58:42Z,79.76,82.14,USD,yfinance
AU,2026-07-14T23:00:12Z,80.34,79.355,USD,yfinance
AU,2026-07-15T23:01:09Z,79.14,80.33,USD,yfinance
AU,2026-07-16T23:00:31Z,76.35,78.7011,USD,yfinance
AU,2026-07-17T22:53:38Z,76.76,76.5,USD,yfinance
AU,2026-07-20T23:03:54Z,74.88,77.0,USD,yfinance
AU,2026-07-21T23:01:11Z,78.5,74.88,USD,yfinance
AU,2026-07-22T23:07:55Z,81.17,78.4,USD,yfinance
AU,2026-07-23T22:59:39Z,78.42,81.19,USD,yfinance
AU,2026-07-24T23:04:17Z,79.67,79.0,USD,yfinance
AU,2026-07-27T23:05:34Z,80.48,78.8998,USD,yfinance
AU,2026-07-28T23:02:59Z,78.95,80.44,USD,yfinance
AU,2026-07-29T23:01:35Z,77.87,78.94,USD,yfinance
AU,2026-07-30T23:11:09Z,82.33,78.31,USD,yfinance
AU,2026-07-31T23:04:30Z,79.32,82.35,USD,yfinance
AU,2026-08-03T23:04:26Z,81.61,78.75,USD,yfinance
AU,2026-08-04T23:06:15Z,81.5,81.75,USD,yfinance
AU,2026-08-05T23:03:02Z,88.6,81.5,USD,yfinance
AU,2026-08-07T01:31:22Z,87.59,89.4,USD,yfinance
AU,2026-08-07T22:39:20Z,96.22,87.718,USD,yfinance
AU,2026-08-10T20:10:13Z,97.255,96.6,USD,yfinance
AU,2026-08-10T22:41:00Z,97.25,96.6,USD,yfinance
AU,2026-08-11T22:46:05Z,97.44,97.29,USD,yfinance
AU,2026-08-12T22:44:11Z,97.92,97.5,USD,yfinance
AU,2026-08-13T16:00:05Z,94.91,97.66,USD,yfinance
AU,2026-08-13T22:45:27Z,95.07,97.66,USD,yfinance
AU,2026-08-14T22:26:45Z,96.3,94.65,USD,yfinance
AU,2026-08-17T22:28:11Z,99.6,96.4,USD,yfinance
AU,2026-08-18T22:26:50Z,97.95,100.2,USD,yfinance
AU,2026-08-19T22:28:13Z,108.54,97.76,USD,yfinance
AU,2026-08-20T22:31:07Z,115.14,108.9397,USD,yfinance
AU,2026-08-21T22:28:38Z,121.22,115.8,USD,yfinance
AU,2026-08-24T22:29:42Z,120.47,121.67,USD,yfinance
AU,2026-08-25T22:30:57Z,123.39,120.66,USD,yfinance
AU,2026-08-27T03:01:01Z,118.11,123.43,USD,yfinance
AU,2026-08-27T20:19:48Z,118.4,119.2199,USD,yfinance
AU,2026-08-27T22:02:12Z,118.4,119.2199,USD,yfinance
AU,2026-08-28T06:01:27Z,118.4,119.2199,USD,yfinance
AU,2026-08-28T22:02:22Z,113.19,118.2,USD,yfinance
AU,2026-08-29T03:35:19Z,113.19,118.2,USD,yfinance
AU,2026-08-31T22:02:00Z,112.32,112.89,USD,yfinance
AU,2026-09-01T01:04:50Z,112.32,112.89,USD,yfinance
AU,2026-09-01T22:02:08Z,108.13,111.35,USD,yfinance
AU,2026-09-01T23:53:18Z,108.13,111.35,USD,yfinance
AU,2026-09-02T04:00:03Z,108.13,111.35,USD,yfinance
AU,2026-09-02T04:05:29Z,108.13,111.35,USD,yfinance
AU,2026-09-02T22:02:09Z,107.83,109.27,USD,yfinance
AU,2026-09-02T23:55:49Z,107.83,109.27,USD,yfinance
AU,2026-09-03T22:02:07Z,111.67,108.23,USD,yfinance
AU,2026-09-03T23:52:17Z,111.67,108.23,USD,yfinance
AU,2026-09-04T22:02:28Z,109.07,112.53,USD,yfinance
AVGO,2026-06-18T18:50:42Z,407.95,398.31,USD,yfinance
AVGO,2026-06-18T23:48:33Z,411.35,398.31,USD,yfinance
AVGO,2026-06-19T23:01:51Z,411.35,398.31,USD,yfinance
AVGO,2026-06-22T23:23:34Z,392.13,411.3,USD,yfinance
AVGO,2026-06-23T23:11:25Z,380.15,392.5,USD,yfinance
AVGO,2026-06-24T23:07:27Z,382.07,381.5,USD,yfinance
AVGO,2026-06-25T23:22:01Z,378.91,389.55,USD,yfinance
AVGO,2026-06-26T23:10:22Z,365.02,379.8,USD,yfinance
AVGO,2026-06-29T23:02:17Z,372.45,366.59,USD,yfinance
AVGO,2026-06-30T23:17:14Z,377.75,373.3815,USD,yfinance
AVGO,2026-07-01T23:19:11Z,369.34,378.35,USD,yfinance
AVGO,2026-07-02T23:11:33Z,360.45,369.0,USD,yfinance
AVGO,2026-07-03T23:07:59Z,360.45,369.0,USD,yfinance
AVGO,2026-07-06T23:11:51Z,373.9,361.75,USD,yfinance
AVGO,2026-07-07T23:05:17Z,370.78,373.99,USD,yfinance
AVGO,2026-07-08T23:11:17Z,388.69,367.87,USD,yfinance
AVGO,2026-07-09T23:14:50Z,401.11,389.9,USD,yfinance
AVGO,2026-07-10T23:01:44Z,399.97,400.855,USD,yfinance
AVGO,2026-07-11T20:53:50Z,399.97,400.855,USD,yfinance
AVGO,2026-07-13T22:58:09Z,384.05,400.3999,USD,yfinance
AVGO,2026-07-14T22:59:35Z,389.11,383.435,USD,yfinance
AVGO,2026-07-15T22:59:53Z,394.28,391.0,USD,yfinance
AVGO,2026-07-16T22:59:22Z,374.45,393.46,USD,yfinance
AVGO,2026-07-17T22:52:33Z,370.825,373.9,USD,yfinance
AVGO,2026-07-20T23:03:01Z,378.16,370.0,USD,yfinance
AVGO,2026-07-21T23:00:06Z,386.5,379.69,USD,yfinance
AVGO,2026-07-22T23:07:03Z,396.81,384.42,USD,yfinance
AVGO,2026-07-23T22:58:33Z,392.47,397.6,USD,yfinance
AVGO,2026-07-24T23:03:25Z,381.92,391.5,USD,yfinance
AVGO,2026-07-27T23:04:43Z,383.22,381.84,USD,yfinance
AVGO,2026-07-28T23:02:09Z,380.91,382.2813,USD,yfinance
AVGO,2026-07-29T23:00:41Z,370.32,384.3404,USD,yfinance
AVGO,2026-07-30T23:10:10Z,387.84,372.91,USD,yfinance
AVGO,2026-07-31T23:03:31Z,389.28,390.7,USD,yfinance
AVGO,2026-08-03T23:03:32Z,392.23,387.4499,USD,yfinance
AVGO,2026-08-04T23:05:21Z,418.16,392.1969,USD,yfinance
AVGO,2026-08-05T23:02:09Z,418.28,417.55,USD,yfinance
AVGO,2026-08-07T01:30:28Z,420.565,421.0,USD,yfinance
AVGO,2026-08-07T22:38:28Z,427.76,422.0,USD,yfinance
AVGO,2026-08-10T20:09:22Z,422.4,426.65,USD,yfinance
AVGO,2026-08-10T22:39:53Z,422.4,426.65,USD,yfinance
AVGO,2026-08-11T22:45:01Z,416.08,422.34,USD,yfinance
AVGO,2026-08-12T22:43:07Z,416.05,416.62,USD,yfinance
AVGO,2026-08-13T15:59:05Z,421.55,415.2222,USD,yfinance
AVGO,2026-08-13T22:44:32Z,417.82,415.2222,USD,yfinance
AVGO,2026-08-14T22:25:48Z,392.99,418.52,USD,yfinance
AVGO,2026-08-17T22:27:12Z,392.43,393.52,USD,yfinance
AVGO,2026-08-18T22:25:52Z,380.0,392.84,USD,yfinance
AVGO,2026-08-19T22:27:13Z,362.48,379.9273,USD,yfinance
AVGO,2026-08-20T22:30:02Z,364.03,365.8,USD,yfinance
AVGO,2026-08-21T22:27:26Z,368.45,364.55,USD,yfinance
AVGO,2026-08-24T22:28:39Z,358.76,368.99,USD,yfinance
AVGO,2026-08-25T22:29:54Z,356.74,358.6291,USD,yfinance
AVGO,2026-08-27T02:59:59Z,355.59,357.602,USD,yfinance
AVGO,2026-08-27T20:18:40Z,371.54,362.13,USD,yfinance
AVGO,2026-08-27T22:01:01Z,371.54,362.13,USD,yfinance
AVGO,2026-08-28T06:00:20Z,371.54,362.13,USD,yfinance
AVGO,2026-08-28T22:01:04Z,368.79,370.99,USD,yfinance
AVGO,2026-08-29T03:34:07Z,368.79,370.99,USD,yfinance
AVGO,2026-08-31T22:00:58Z,370.34,369.1201,USD,yfinance
AVGO,2026-09-01T01:03:53Z,370.34,369.1201,USD,yfinance
AVGO,2026-09-01T22:00:59Z,369.68,371.3081,USD,yfinance
AVGO,2026-09-01T23:52:15Z,369.68,371.3081,USD,yfinance
AVGO,2026-09-02T03:59:05Z,369.68,371.3081,USD,yfinance
AVGO,2026-09-02T04:04:28Z,369.68,371.3081,USD,yfinance
AVGO,2026-09-02T22:01:00Z,367.24,371.27,USD,yfinance
AVGO,2026-09-02T23:54:33Z,367.24,371.27,USD,yfinance
AVGO,2026-09-03T22:00:56Z,357.16,364.2268,USD,yfinance
AVGO,2026-09-03T23:50:59Z,357.16,364.2268,USD,yfinance
AVGO,2026-09-04T22:00:57Z,357.895,356.48,USD,yfinance
AXTI,2026-06-18T18:50:47Z,81.63,93.96,USD,yfinance
AXTI,2026-06-18T23:48:38Z,84.57,93.96,USD,yfinance
AXTI,2026-06-19T23:01:56Z,84.57,93.96,USD,yfinance
AXTI,2026-06-22T23:23:39Z,92.44,84.6975,USD,yfinance
AXTI,2026-06-23T23:11:31Z,77.91,91.55,USD,yfinance
AXTI,2026-06-24T23:07:32Z,70.14,78.36,USD,yfinance
AXTI,2026-06-25T23:22:06Z,69.06,75.06,USD,yfinance
AXTI,2026-06-26T23:10:29Z,70.15,68.92,USD,yfinance
AXTI,2026-06-29T23:02:23Z,71.46,69.495,USD,yfinance
AXTI,2026-06-30T23:17:20Z,72.08,71.2,USD,yfinance
AXTI,2026-07-01T23:19:16Z,65.03,71.8,USD,yfinance
AXTI,2026-07-02T23:11:38Z,56.62,64.59,USD,yfinance
AXTI,2026-07-03T23:08:04Z,56.62,64.59,USD,yfinance
AXTI,2026-07-06T23:11:57Z,63.52,59.6535,USD,yfinance
AXTI,2026-07-07T23:05:23Z,58.15,62.1999,USD,yfinance
AXTI,2026-07-08T23:11:22Z,60.12,57.36,USD,yfinance
AXTI,2026-07-09T23:14:56Z,62.55,61.3,USD,yfinance
AXTI,2026-07-10T23:01:49Z,57.21,63.87,USD,yfinance
AXTI,2026-07-11T20:53:55Z,57.21,63.87,USD,yfinance
AXTI,2026-07-13T22:58:14Z,50.46,57.31,USD,yfinance
AXTI,2026-07-14T22:59:41Z,57.57,49.6989,USD,yfinance
AXTI,2026-07-15T23:00:06Z,53.42,57.8,USD,yfinance
AXTI,2026-07-16T22:59:34Z,45.57,52.95,USD,yfinance
AXTI,2026-07-17T22:52:44Z,45.86,45.3099,USD,yfinance
AXTI,2026-07-20T23:03:10Z,48.83,45.4,USD,yfinance
AXTI,2026-07-21T23:00:17Z,56.51,48.79,USD,yfinance
AXTI,2026-07-22T23:07:12Z,52.98,57.56,USD,yfinance
AXTI,2026-07-23T22:58:44Z,52.93,53.68,USD,yfinance
AXTI,2026-07-24T23:03:34Z,47.23,53.15,USD,yfinance
AXTI,2026-07-27T23:04:52Z,47.88,47.15,USD,yfinance
AXTI,2026-07-28T23:02:18Z,42.76,46.8,USD,yfinance
AXTI,2026-07-29T23:00:50Z,36.97,43.32,USD,yfinance
AXTI,2026-07-30T23:10:20Z,46.94,37.8698,USD,yfinance
AXTI,2026-07-31T23:03:41Z,60.43,58.3085,USD,yfinance
AXTI,2026-08-03T23:03:41Z,68.67,58.79,USD,yfinance
AXTI,2026-08-04T23:05:31Z,65.27,70.88,USD,yfinance
AXTI,2026-08-05T23:02:18Z,68.61,63.81,USD,yfinance
AXTI,2026-08-07T01:30:37Z,75.17,68.5,USD,yfinance
AXTI,2026-08-07T22:38:37Z,88.58,76.7,USD,yfinance
AXTI,2026-08-10T20:09:31Z,73.81,90.4536,USD,yfinance
AXTI,2026-08-10T22:40:04Z,73.81,90.4536,USD,yfinance
AXTI,2026-08-11T22:45:12Z,73.78,72.91,USD,yfinance
AXTI,2026-08-12T22:43:18Z,78.47,74.4388,USD,yfinance
AXTI,2026-08-13T15:59:15Z,76.19,77.7386,USD,yfinance
AXTI,2026-08-13T22:44:41Z,77.45,77.7386,USD,yfinance
AXTI,2026-08-14T22:25:57Z,81.64,77.98,USD,yfinance
AXTI,2026-08-17T22:27:21Z,95.97,81.86,USD,yfinance
AXTI,2026-08-18T22:26:01Z,82.31,95.21,USD,yfinance
AXTI,2026-08-19T22:27:23Z,73.43,80.19,USD,yfinance
AXTI,2026-08-20T22:30:13Z,73.12,75.15,USD,yfinance
AXTI,2026-08-21T22:27:38Z,70.74,72.8707,USD,yfinance
AXTI,2026-08-24T22:28:50Z,65.4,69.4999,USD,yfinance
AXTI,2026-08-25T22:30:05Z,67.45,64.7046,USD,yfinance
AXTI,2026-08-27T03:00:10Z,65.18,67.37,USD,yfinance
AXTI,2026-08-27T20:18:52Z,66.92,70.2,USD,yfinance
AXTI,2026-08-27T22:01:13Z,66.92,70.2,USD,yfinance
AXTI,2026-08-28T06:00:32Z,66.92,70.2,USD,yfinance
AXTI,2026-08-28T22:01:18Z,58.63,66.05,USD,yfinance
AXTI,2026-08-29T03:34:19Z,58.63,66.05,USD,yfinance
AXTI,2026-08-31T22:01:08Z,60.61,59.36,USD,yfinance
AXTI,2026-09-01T01:04:03Z,60.61,59.36,USD,yfinance
AXTI,2026-09-01T22:01:11Z,56.11,60.5,USD,yfinance
AXTI,2026-09-01T23:52:25Z,56.11,60.5,USD,yfinance
AXTI,2026-09-02T03:59:15Z,56.11,60.5,USD,yfinance
AXTI,2026-09-02T04:04:38Z,56.11,60.5,USD,yfinance
AXTI,2026-09-02T22:01:11Z,56.95,55.8506,USD,yfinance
AXTI,2026-09-02T23:54:44Z,56.95,55.8506,USD,yfinance
AXTI,2026-09-03T22:01:06Z,56.2,56.91,USD,yfinance
AXTI,2026-09-03T23:51:10Z,56.2,56.91,USD,yfinance
AXTI,2026-09-04T22:01:10Z,61.64,56.76,USD,yfinance
BE,2026-06-18T18:51:12Z,316.84,290.2798,USD,yfinance
BE,2026-06-18T23:48:59Z,328.91,290.2798,USD,yfinance
BE,2026-06-19T23:02:18Z,328.91,290.2798,USD,yfinance
BE,2026-06-22T23:24:00Z,345.85,329.0,USD,yfinance
BE,2026-06-23T23:11:57Z,321.98,344.84,USD,yfinance
BE,2026-06-24T23:07:54Z,326.19,323.5,USD,yfinance
BE,2026-06-25T23:22:28Z,309.18,344.8558,USD,yfinance
BE,2026-06-26T23:10:57Z,252.02,308.2894,USD,yfinance
BE,2026-06-29T23:02:51Z,275.01,257.9654,USD,yfinance
BE,2026-06-30T23:17:47Z,302.7,276.78,USD,yfinance
BE,2026-07-01T23:19:38Z,289.5,330.57,USD,yfinance
BE,2026-07-02T23:12:00Z,270.89,294.5,USD,yfinance
BE,2026-07-03T23:08:25Z,270.89,294.5,USD,yfinance
BE,2026-07-06T23:12:19Z,295.05,271.97,USD,yfinance
BE,2026-07-07T23:05:46Z,269.57,292.25,USD,yfinance
BE,2026-07-08T23:11:43Z,254.29,265.523,USD,yfinance
BE,2026-07-09T23:15:20Z,257.02,253.75,USD,yfinance
BE,2026-07-10T23:02:13Z,244.61,256.8,USD,yfinance
BE,2026-07-11T20:54:18Z,244.61,256.8,USD,yfinance
BE,2026-07-13T22:58:36Z,233.49,239.58,USD,yfinance
BE,2026-07-14T23:00:04Z,243.4,230.35,USD,yfinance
BE,2026-07-15T23:01:01Z,239.38,245.7,USD,yfinance
BE,2026-07-16T23:00:24Z,206.73,236.0,USD,yfinance
BE,2026-07-17T22:53:31Z,214.96,204.8472,USD,yfinance
BE,2026-07-20T23:03:49Z,197.06,216.12,USD,yfinance
BE,2026-07-21T23:01:05Z,226.26,199.3806,USD,yfinance
BE,2026-07-22T23:07:50Z,218.22,228.9,USD,yfinance
BE,2026-07-23T22:59:33Z,217.3,222.95,USD,yfinance
BE,2026-07-24T23:04:12Z,184.89,218.94,USD,yfinance
BE,2026-07-27T23:05:29Z,188.18,186.3042,USD,yfinance
BE,2026-07-28T23:02:54Z,166.84,186.58,USD,yfinance
BE,2026-07-29T23:01:29Z,163.75,188.0,USD,yfinance
BE,2026-07-30T23:11:03Z,207.12,166.31,USD,yfinance
BE,2026-07-31T23:04:24Z,205.81,219.3,USD,yfinance
BE,2026-08-03T23:04:21Z,218.32,201.56,USD,yfinance
BE,2026-08-04T23:06:10Z,228.11,221.37,USD,yfinance
BE,2026-08-05T23:02:57Z,234.33,227.4683,USD,yfinance
BE,2026-08-07T01:31:16Z,228.96,234.0,USD,yfinance
BE,2026-08-07T22:39:15Z,219.34,231.6,USD,yfinance
BE,2026-08-10T20:10:07Z,210.618,220.0,USD,yfinance
BE,2026-08-10T22:40:54Z,210.63,220.0,USD,yfinance
BE,2026-08-11T22:45:59Z,211.21,211.0178,USD,yfinance
BE,2026-08-12T22:44:05Z,237.16,213.29,USD,yfinance
BE,2026-08-13T15:59:59Z,240.59,239.4,USD,yfinance
BE,2026-08-13T22:45:22Z,236.22,239.4,USD,yfinance
BE,2026-08-14T22:26:40Z,229.94,237.4001,USD,yfinance
BE,2026-08-17T22:28:06Z,232.16,231.16,USD,yfinance
BE,2026-08-18T22:26:45Z,209.01,234.19,USD,yfinance
BE,2026-08-19T22:28:07Z,206.63,205.26,USD,yfinance
BE,2026-08-20T22:31:01Z,202.48,207.87,USD,yfinance
BE,2026-08-21T22:28:32Z,201.45,201.8,USD,yfinance
BE,2026-08-24T22:29:34Z,204.02,201.0,USD,yfinance
BE,2026-08-25T22:30:49Z,217.45,208.3,USD,yfinance
BE,2026-08-27T03:00:53Z,218.21,217.4205,USD,yfinance
BE,2026-08-27T20:19:40Z,217.83,227.0,USD,yfinance
BE,2026-08-27T22:02:03Z,217.83,227.0,USD,yfinance
BE,2026-08-28T06:01:18Z,217.83,227.0,USD,yfinance
BE,2026-08-28T22:02:12Z,210.77,216.0,USD,yfinance
BE,2026-08-29T03:35:10Z,210.77,216.0,USD,yfinance
BE,2026-08-31T22:01:52Z,206.3,210.3,USD,yfinance
BE,2026-09-01T01:04:42Z,206.3,210.3,USD,yfinance
BE,2026-09-01T22:01:58Z,213.63,205.938,USD,yfinance
BE,2026-09-01T23:53:09Z,213.63,205.938,USD,yfinance
BE,2026-09-02T03:59:54Z,213.63,205.938,USD,yfinance
BE,2026-09-02T04:05:20Z,213.63,205.938,USD,yfinance
BE,2026-09-02T22:02:01Z,217.28,212.5,USD,yfinance
BE,2026-09-02T23:55:39Z,217.28,212.5,USD,yfinance
BE,2026-09-03T22:01:57Z,235.55,216.8,USD,yfinance
BE,2026-09-03T23:52:06Z,235.55,216.8,USD,yfinance
BE,2026-09-04T22:02:16Z,252.87,235.45,USD,yfinance
BMNR,2026-06-18T18:51:47Z,15.565,15.9568,USD,yfinance
BMNR,2026-06-18T23:49:31Z,16.14,15.9568,USD,yfinance
BMNR,2026-06-19T23:02:50Z,16.14,15.9568,USD,yfinance
BMNR,2026-06-22T23:24:31Z,15.86,16.01,USD,yfinance
BMNR,2026-06-23T23:12:37Z,15.13,15.94,USD,yfinance
BMNR,2026-06-24T23:08:27Z,14.02,15.2098,USD,yfinance
BMNR,2026-06-25T23:23:01Z,13.32,14.3087,USD,yfinance
BMNR,2026-06-26T23:11:37Z,13.56,13.39,USD,yfinance
BMNR,2026-06-29T23:03:31Z,13.8,13.55,USD,yfinance
BMNR,2026-06-30T23:18:27Z,13.31,13.74,USD,yfinance
BMNR,2026-07-01T23:20:11Z,14.15,13.2498,USD,yfinance
BMNR,2026-07-02T23:12:33Z,14.36,14.1903,USD,yfinance
BMNR,2026-07-03T23:08:57Z,14.36,14.1903,USD,yfinance
BMNR,2026-07-06T23:12:54Z,15.55,14.46,USD,yfinance
BMNR,2026-07-07T23:06:21Z,14.8,15.83,USD,yfinance
BMNR,2026-07-08T23:12:17Z,14.86,14.76,USD,yfinance
BMNR,2026-07-09T23:15:57Z,14.69,14.88,USD,yfinance
BMNR,2026-07-10T23:02:49Z,14.98,14.73,USD,yfinance
BMNR,2026-07-11T20:54:53Z,14.98,14.73,USD,yfinance
BMNR,2026-07-13T22:59:08Z,14.61,15.05,USD,yfinance
BMNR,2026-07-14T23:00:41Z,16.29,14.53,USD,yfinance
BMNR,2026-07-15T23:02:13Z,15.79,16.46,USD,yfinance
BMNR,2026-07-16T23:01:32Z,15.44,15.7509,USD,yfinance
BMNR,2026-07-17T22:54:34Z,15.69,15.31,USD,yfinance
BMNR,2026-07-20T23:04:41Z,16.63,15.73,USD,yfinance
BMNR,2026-07-21T23:02:10Z,17.23,16.6831,USD,yfinance
BMNR,2026-07-22T23:08:41Z,17.74,17.2396,USD,yfinance
BMNR,2026-07-23T23:00:38Z,16.59,17.74,USD,yfinance
BMNR,2026-07-24T23:05:02Z,15.79,16.6,USD,yfinance
BMNR,2026-07-27T23:06:19Z,17.92,15.8,USD,yfinance
BMNR,2026-07-28T23:03:44Z,17.57,17.3,USD,yfinance
BMNR,2026-07-29T23:02:21Z,16.59,17.65,USD,yfinance
BMNR,2026-07-30T23:12:01Z,18.08,16.765,USD,yfinance
BMNR,2026-07-31T23:05:21Z,17.28,18.09,USD,yfinance
BMNR,2026-08-03T23:05:13Z,17.42,17.0741,USD,yfinance
BMNR,2026-08-04T23:07:02Z,18.1,17.3,USD,yfinance
BMNR,2026-08-05T23:03:48Z,18.43,17.98,USD,yfinance
BMNR,2026-08-07T01:32:08Z,18.3,18.29,USD,yfinance
BMNR,2026-08-07T22:40:05Z,18.82,18.2705,USD,yfinance
BMNR,2026-08-10T20:11:04Z,18.08,18.8285,USD,yfinance
BMNR,2026-08-10T22:42:14Z,18.1,18.8285,USD,yfinance
BMNR,2026-08-11T22:47:11Z,18.09,18.0954,USD,yfinance
BMNR,2026-08-12T22:45:20Z,17.89,18.12,USD,yfinance
BMNR,2026-08-13T16:01:06Z,17.83,17.945,USD,yfinance
BMNR,2026-08-13T22:46:20Z,18.29,17.945,USD,yfinance
BMNR,2026-08-14T22:27:51Z,18.08,18.28,USD,yfinance
BMNR,2026-08-17T22:29:15Z,18.73,18.06,USD,yfinance
BMNR,2026-08-18T22:27:54Z,18.28,18.7985,USD,yfinance
BMNR,2026-08-19T22:29:19Z,20.24,18.31,USD,yfinance
BMNR,2026-08-20T22:32:20Z,21.57,21.55,USD,yfinance
BMNR,2026-08-21T22:29:57Z,22.83,21.52,USD,yfinance
BMNR,2026-08-24T22:30:53Z,24.14,23.56,USD,yfinance
BMNR,2026-08-25T22:32:10Z,24.82,24.29,USD,yfinance
BMNR,2026-08-27T03:02:11Z,24.91,24.674,USD,yfinance
BMNR,2026-08-27T20:21:18Z,25.63,25.4987,USD,yfinance
BMNR,2026-08-27T22:03:46Z,25.63,25.4987,USD,yfinance
BMNR,2026-08-28T06:02:58Z,25.63,25.4987,USD,yfinance
BMNR,2026-08-28T22:04:07Z,23.8,26.01,USD,yfinance
BMNR,2026-08-29T03:36:58Z,23.8,26.01,USD,yfinance
BMNR,2026-08-31T22:03:22Z,25.32,23.7049,USD,yfinance
BMNR,2026-09-01T01:06:06Z,25.32,23.7049,USD,yfinance
BMNR,2026-09-01T22:03:41Z,23.37,25.0,USD,yfinance
BMNR,2026-09-01T23:54:48Z,23.37,25.0,USD,yfinance
BMNR,2026-09-02T04:01:22Z,23.37,25.0,USD,yfinance
BMNR,2026-09-02T04:06:54Z,23.37,25.0,USD,yfinance
BMNR,2026-09-02T22:05:08Z,23.06,23.3592,USD,yfinance
BMNR,2026-09-02T23:59:06Z,23.06,23.3592,USD,yfinance
BMNR,2026-09-03T22:05:07Z,26.45,22.9302,USD,yfinance
BMNR,2026-09-03T23:55:33Z,26.45,22.9302,USD,yfinance
BMNR,2026-09-04T22:06:24Z,24.97,26.1841,USD,yfinance
BOTZ,2026-08-14T02:36:44Z,37.82,37.8499,USD,yfinance
BOTZ,2026-08-14T22:27:46Z,37.74,37.73,USD,yfinance
BOTZ,2026-08-17T22:29:11Z,37.82,37.77,USD,yfinance
BOTZ,2026-08-18T22:27:50Z,36.55,38.0,USD,yfinance
BOTZ,2026-08-19T22:29:15Z,36.38,36.69,USD,yfinance
BOTZ,2026-08-20T22:32:15Z,35.81,36.45,USD,yfinance
BOTZ,2026-08-21T22:29:52Z,36.04,35.83,USD,yfinance
BOTZ,2026-08-24T22:30:49Z,35.25,36.05,USD,yfinance
BOTZ,2026-08-25T22:32:03Z,35.85,35.47,USD,yfinance
BOTZ,2026-08-27T03:02:05Z,35.63,35.88,USD,yfinance
BOTZ,2026-08-27T20:21:11Z,36.14,36.1,USD,yfinance
BOTZ,2026-08-27T22:03:39Z,36.14,36.1,USD,yfinance
BOTZ,2026-08-28T06:02:49Z,36.14,36.1,USD,yfinance
BOTZ,2026-08-28T22:03:59Z,35.75,36.0,USD,yfinance
BOTZ,2026-08-29T03:36:49Z,35.75,36.0,USD,yfinance
BOTZ,2026-08-31T22:03:16Z,35.89,36.19,USD,yfinance
BOTZ,2026-09-01T01:06:00Z,35.89,36.19,USD,yfinance
BOTZ,2026-09-01T22:03:34Z,35.15,36.2,USD,yfinance
BOTZ,2026-09-01T23:54:41Z,35.15,36.2,USD,yfinance
BOTZ,2026-09-02T04:01:16Z,35.15,36.2,USD,yfinance
BOTZ,2026-09-02T04:06:47Z,35.15,36.2,USD,yfinance
BOTZ,2026-09-02T22:05:01Z,35.19,35.0,USD,yfinance
BOTZ,2026-09-02T23:58:58Z,35.19,35.0,USD,yfinance
BOTZ,2026-09-03T22:05:01Z,35.81,35.15,USD,yfinance
BOTZ,2026-09-03T23:55:26Z,35.81,35.15,USD,yfinance
BOTZ,2026-09-04T22:06:15Z,35.95,35.65,USD,yfinance
BTC-USD,2026-06-18T18:52:04Z,62689.1406,64446.0391,USD,yfinance
BTC-USD,2026-06-18T23:49:47Z,62800.4297,64452.6602,USD,yfinance
BTC-USD,2026-06-19T23:03:06Z,63233.0391,62879.0117,USD,yfinance
BTC-USD,2026-06-22T23:24:47Z,63921.0312,63224.8711,USD,yfinance
BTC-USD,2026-06-23T23:12:57Z,62469.9414,63950.6094,USD,yfinance
BTC-USD,2026-06-24T23:08:43Z,60814.7109,62644.7383,USD,yfinance
BTC-USD,2026-06-25T23:23:18Z,60039.3906,60983.1406,USD,yfinance
BTC-USD,2026-06-26T23:11:58Z,59985.1719,59699.6211,USD,yfinance
BTC-USD,2026-06-29T23:03:51Z,60284.3984,59472.3008,USD,yfinance
BTC-USD,2026-06-30T23:18:47Z,58497.9805,60161.5391,USD,yfinance
BTC-USD,2026-07-01T23:20:28Z,60244.3789,58523.9297,USD,yfinance
BTC-USD,2026-07-02T23:12:49Z,61278.4219,59961.4492,USD,yfinance
BTC-USD,2026-07-03T23:09:14Z,62473.5117,61484.0312,USD,yfinance
BTC-USD,2026-07-06T23:13:11Z,64222.5391,63583.5195,USD,yfinance
BTC-USD,2026-07-07T23:06:38Z,63591.9688,64001.8398,USD,yfinance
BTC-USD,2026-07-08T23:12:33Z,62293.25,63325.0117,USD,yfinance
BTC-USD,2026-07-09T23:16:15Z,63094.0586,62237.6992,USD,yfinance
BTC-USD,2026-07-10T23:03:07Z,64056.7188,63175.25,USD,yfinance
BTC-USD,2026-07-11T20:55:09Z,64338.0586,64128.4883,USD,yfinance
BTC-USD,2026-07-13T22:59:24Z,61865.9688,63740.3203,USD,yfinance
BTC-USD,2026-07-14T23:00:59Z,64845.2812,62264.9414,USD,yfinance
BTC-USD,2026-07-15T23:02:34Z,64858.0117,64988.6602,USD,yfinance
BTC-USD,2026-07-16T23:01:52Z,63938.6211,64712.0117,USD,yfinance
BTC-USD,2026-07-17T22:54:52Z,63932.6406,63769.8711,USD,yfinance
BTC-USD,2026-07-20T23:04:55Z,65130.0,64681.8281,USD,yfinance
BTC-USD,2026-07-21T23:02:28Z,66221.2734,65213.0508,USD,yfinance
BTC-USD,2026-07-22T23:08:56Z,66025.2891,66516.1797,USD,yfinance
BTC-USD,2026-07-23T23:00:56Z,65154.7188,66086.6094,USD,yfinance
BTC-USD,2026-07-24T23:05:17Z,64095.8086,65051.2305,USD,yfinance
BTC-USD,2026-07-27T23:06:33Z,63785.4297,65336.3086,USD,yfinance
BTC-USD,2026-07-28T23:03:58Z,63634.1719,63693.5703,USD,yfinance
BTC-USD,2026-07-29T23:02:36Z,63840.0,63848.7891,USD,yfinance
BTC-USD,2026-07-30T23:12:18Z,64867.5703,63897.5703,USD,yfinance
BTC-USD,2026-07-31T23:05:36Z,62929.4414,64721.8906,USD,yfinance
BTC-USD,2026-08-03T23:05:28Z,63505.5,63493.3516,USD,yfinance
BTC-USD,2026-08-04T23:07:17Z,64239.1797,63466.5195,USD,yfinance
BTC-USD,2026-08-05T23:04:03Z,64563.2695,64050.5117,USD,yfinance
BTC-USD,2026-08-07T01:32:23Z,64393.2695,64423.6914,USD,yfinance
BTC-USD,2026-08-07T22:40:20Z,64840.1406,64267.3008,USD,yfinance
BTC-USD,2026-08-10T20:11:19Z,64004.1484,64848.6914,USD,yfinance
BTC-USD,2026-08-10T22:42:34Z,63916.9805,64848.6914,USD,yfinance
BTC-USD,2026-08-11T22:47:29Z,63574.4883,63911.8789,USD,yfinance
BTC-USD,2026-08-12T22:45:39Z,63349.9688,63531.75,USD,yfinance
BTC-USD,2026-08-13T16:01:23Z,63407.6992,63411.7188,USD,yfinance
BTC-USD,2026-08-13T22:46:35Z,63491.3086,63413.0586,USD,yfinance
BTC-USD,2026-08-14T22:28:06Z,62749.4414,63425.3516,USD,yfinance
BTC-USD,2026-08-17T22:29:30Z,64249.8789,62836.6602,USD,yfinance
BTC-USD,2026-08-18T22:28:09Z,64534.6406,64477.25,USD,yfinance
BTC-USD,2026-08-19T22:29:39Z,69139.8906,64681.3281,USD,yfinance
BTC-USD,2026-08-20T22:32:40Z,72701.5625,69300.7578,USD,yfinance
BTC-USD,2026-08-21T22:30:19Z,78490.5,72998.3203,USD,yfinance
BTC-USD,2026-08-24T22:31:18Z,78768.4922,77725.5391,USD,yfinance
BTC-USD,2026-08-25T22:32:36Z,78740.6484,78987.4297,USD,yfinance
BTC-USD,2026-08-27T03:02:36Z,78720.0703,79026.1797,USD,yfinance
BTC-USD,2026-08-27T20:21:47Z,80084.3594,79026.1797,USD,yfinance
BTC-USD,2026-08-27T22:04:14Z,80308.8125,79026.1719,USD,yfinance
BTC-USD,2026-08-28T06:03:25Z,79834.5703,80269.3906,USD,yfinance
BTC-USD,2026-08-28T22:04:39Z,77372.2891,80275.3438,USD,yfinance
BTC-USD,2026-08-29T03:37:29Z,77611.0,77683.0,USD,yfinance
BTC-USD,2026-08-31T22:03:48Z,78945.7578,77683.5,USD,yfinance
BTC-USD,2026-09-01T01:06:31Z,78779.0703,78844.3984,USD,yfinance
BTC-USD,2026-09-01T22:04:09Z,77266.0625,78561.2266,USD,yfinance
BTC-USD,2026-09-01T23:55:15Z,77420.0078,78562.7266,USD,yfinance
BTC-USD,2026-09-02T04:01:45Z,77458.2266,77398.6172,USD,yfinance
BTC-USD,2026-09-02T04:07:19Z,77417.2031,77398.6172,USD,yfinance
BTC-USD,2026-09-02T22:05:32Z,77124.8438,77398.7031,USD,yfinance
BTC-USD,2026-09-02T23:59:33Z,77335.0078,77398.6172,USD,yfinance
BTC-USD,2026-09-03T22:05:32Z,81567.6094,77316.1016,USD,yfinance
BTC-USD,2026-09-03T23:56:00Z,81257.8125,77307.3594,USD,yfinance
BTC-USD,2026-09-04T22:06:56Z,79675.0234,81272.4609,USD,yfinance
BZ=F,2026-06-18T18:52:03Z,79.69,78.21,USD,yfinance
BZ=F,2026-06-18T23:49:46Z,79.11,78.21,USD,yfinance
BZ=F,2026-06-19T23:03:04Z,80.59,78.21,USD,yfinance
BZ=F,2026-06-22T23:24:45Z,78.15,79.4,USD,yfinance
BZ=F,2026-06-23T23:12:56Z,76.77,77.53,USD,yfinance
BZ=F,2026-06-24T23:08:42Z,73.11,76.33,USD,yfinance
BZ=F,2026-06-25T23:23:17Z,75.04,72.51,USD,yfinance
BZ=F,2026-06-26T23:11:57Z,73.57,74.22,USD,yfinance
BZ=F,2026-06-29T23:03:50Z,73.56,73.29,USD,yfinance
BZ=F,2026-06-30T23:18:45Z,73.35,73.59,USD,yfinance
BZ=F,2026-07-01T23:20:27Z,71.18,73.24,USD,yfinance
BZ=F,2026-07-02T23:12:47Z,71.61,70.72,USD,yfinance
BZ=F,2026-07-03T23:09:12Z,72.13,70.72,USD,yfinance
BZ=F,2026-07-06T23:13:10Z,72.12,71.71,USD,yfinance
BZ=F,2026-07-07T23:06:37Z,76.24,72.42,USD,yfinance
BZ=F,2026-07-08T23:12:32Z,78.98,76.04,USD,yfinance
BZ=F,2026-07-09T23:16:14Z,76.06,78.87,USD,yfinance
BZ=F,2026-07-10T23:03:05Z,76.0,76.59,USD,yfinance
BZ=F,2026-07-11T20:55:08Z,76.01,76.59,USD,yfinance
BZ=F,2026-07-13T22:59:23Z,83.61,79.09,USD,yfinance
BZ=F,2026-07-14T23:00:58Z,85.44,84.71,USD,yfinance
BZ=F,2026-07-15T23:02:32Z,85.53,85.7,USD,yfinance
BZ=F,2026-07-16T23:01:50Z,84.89,84.75,USD,yfinance
BZ=F,2026-07-17T22:54:51Z,88.09,85.05,USD,yfinance
BZ=F,2026-07-20T23:04:54Z,89.11,90.27,USD,yfinance
BZ=F,2026-07-21T23:02:27Z,91.62,88.55,USD,yfinance
BZ=F,2026-07-22T23:08:55Z,95.49,92.18,USD,yfinance
BZ=F,2026-07-23T23:00:55Z,100.38,96.29,USD,yfinance
BZ=F,2026-07-24T23:05:16Z,98.38,100.72,USD,yfinance
BZ=F,2026-07-27T23:06:32Z,87.76,92.87,USD,yfinance
BZ=F,2026-07-28T23:03:57Z,87.5,87.18,USD,yfinance
BZ=F,2026-07-29T23:02:35Z,90.4,87.81,USD,yfinance
BZ=F,2026-07-30T23:12:16Z,89.45,89.5,USD,yfinance
BZ=F,2026-07-31T23:05:35Z,90.12,88.05,USD,yfinance
BZ=F,2026-08-03T23:05:26Z,83.38,90.12,USD,yfinance
BZ=F,2026-08-04T23:07:16Z,79.01,85.04,USD,yfinance
BZ=F,2026-08-05T23:04:02Z,79.41,78.36,USD,yfinance
BZ=F,2026-08-07T01:32:22Z,83.31,79.37,USD,yfinance
BZ=F,2026-08-07T22:40:19Z,82.27,83.45,USD,yfinance
BZ=F,2026-08-10T20:11:17Z,87.64,84.4,USD,yfinance
BZ=F,2026-08-10T22:42:32Z,87.7,84.4,USD,yfinance
BZ=F,2026-08-11T22:47:27Z,89.23,87.68,USD,yfinance
BZ=F,2026-08-12T22:45:37Z,88.48,89.98,USD,yfinance
BZ=F,2026-08-13T16:01:22Z,88.08,88.46,USD,yfinance
BZ=F,2026-08-13T22:46:34Z,86.91,88.46,USD,yfinance
BZ=F,2026-08-14T22:28:05Z,88.59,87.12,USD,yfinance
BZ=F,2026-08-17T22:29:29Z,91.37,88.7,USD,yfinance
BZ=F,2026-08-18T22:28:08Z,91.38,91.43,USD,yfinance
BZ=F,2026-08-19T22:29:38Z,91.61,91.59,USD,yfinance
BZ=F,2026-08-20T22:32:39Z,93.15,91.8,USD,yfinance
BZ=F,2026-08-21T22:30:18Z,93.87,93.61,USD,yfinance
BZ=F,2026-08-24T22:31:12Z,92.07,93.04,USD,yfinance
BZ=F,2026-08-25T22:32:28Z,86.15,92.47,USD,yfinance
BZ=F,2026-08-27T03:02:28Z,86.19,85.18,USD,yfinance
BZ=F,2026-08-27T20:21:38Z,88.6,86.55,USD,yfinance
BZ=F,2026-08-27T22:04:06Z,88.56,86.51,USD,yfinance
BZ=F,2026-08-28T06:03:16Z,88.27,88.42,USD,yfinance
BZ=F,2026-08-28T22:04:29Z,88.29,88.19,USD,yfinance
BZ=F,2026-08-29T03:37:19Z,88.29,88.19,USD,yfinance
BZ=F,2026-08-31T22:03:40Z,88.53,90.14,USD,yfinance
BZ=F,2026-09-01T01:06:23Z,88.87,90.14,USD,yfinance
BZ=F,2026-09-01T22:04:00Z,95.22,88.97,USD,yfinance
BZ=F,2026-09-01T23:55:07Z,95.24,88.97,USD,yfinance
BZ=F,2026-09-02T04:01:38Z,95.42,88.97,USD,yfinance
BZ=F,2026-09-02T04:07:12Z,95.35,88.97,USD,yfinance
BZ=F,2026-09-02T22:05:25Z,95.23,95.45,USD,yfinance
BZ=F,2026-09-02T23:59:24Z,95.2,95.45,USD,yfinance
BZ=F,2026-09-03T22:05:25Z,95.82,95.47,USD,yfinance
BZ=F,2026-09-03T23:55:52Z,95.91,95.47,USD,yfinance
BZ=F,2026-09-04T22:06:46Z,95.83,96.0,USD,yfinance
CAT,2026-06-18T18:51:09Z,987.625,963.03,USD,yfinance
CAT,2026-06-18T23:48:57Z,985.82,963.03,USD,yfinance
CAT,2026-06-19T23:02:15Z,985.82,963.03,USD,yfinance
CAT,2026-06-22T23:23:57Z,1022.28,988.0,USD,yfinance
CAT,2026-06-23T23:11:54Z,984.24,1027.95,USD,yfinance
CAT,2026-06-24T23:07:52Z,994.45,987.39,USD,yfinance
CAT,2026-06-25T23:22:26Z,1057.01,1007.65,USD,yfinance
CAT,2026-06-26T23:10:53Z,997.47,1058.944,USD,yfinance
CAT,2026-06-29T23:02:47Z,1033.1899,999.6,USD,yfinance
CAT,2026-06-30T23:17:44Z,1064.9,1034.0,USD,yfinance
CAT,2026-07-01T23:19:36Z,991.41,1054.7601,USD,yfinance
CAT,2026-07-02T23:11:57Z,963.53,993.74,USD,yfinance
CAT,2026-07-03T23:08:23Z,963.53,993.74,USD,yfinance
CAT,2026-07-06T23:12:17Z,969.92,965.41,USD,yfinance
CAT,2026-07-07T23:05:43Z,940.12,971.0,USD,yfinance
CAT,2026-07-08T23:11:41Z,948.08,937.67,USD,yfinance
CAT,2026-07-09T23:15:17Z,938.39,946.1,USD,yfinance
CAT,2026-07-10T23:02:10Z,952.41,938.9233,USD,yfinance
CAT,2026-07-11T20:54:15Z,952.41,938.9233,USD,yfinance
CAT,2026-07-13T22:58:33Z,931.47,953.8,USD,yfinance
CAT,2026-07-14T23:00:02Z,933.34,929.01,USD,yfinance
CAT,2026-07-15T23:00:58Z,914.3,934.8173,USD,yfinance
CAT,2026-07-16T23:00:21Z,877.17,914.7827,USD,yfinance
CAT,2026-07-17T22:53:28Z,880.28,872.1,USD,yfinance
CAT,2026-07-20T23:03:46Z,864.3,879.33,USD,yfinance
CAT,2026-07-21T23:01:01Z,889.97,864.97,USD,yfinance
CAT,2026-07-22T23:07:47Z,889.31,889.97,USD,yfinance
CAT,2026-07-23T22:59:30Z,894.54,892.87,USD,yfinance
CAT,2026-07-24T23:04:09Z,888.73,892.2,USD,yfinance
CAT,2026-07-27T23:05:27Z,873.28,887.317,USD,yfinance
CAT,2026-07-28T23:02:52Z,840.85,871.0,USD,yfinance
CAT,2026-07-29T23:01:26Z,782.71,843.5,USD,yfinance
CAT,2026-07-30T23:11:00Z,809.14,784.98,USD,yfinance
CAT,2026-07-31T23:04:21Z,814.81,817.0,USD,yfinance
CAT,2026-08-03T23:04:18Z,830.03,814.211,USD,yfinance
CAT,2026-08-04T23:06:07Z,876.54,842.0,USD,yfinance
CAT,2026-08-05T23:02:55Z,871.08,878.9195,USD,yfinance
CAT,2026-08-07T01:31:14Z,856.96,874.2,USD,yfinance
CAT,2026-08-07T22:39:12Z,842.19,862.7038,USD,yfinance
CAT,2026-08-10T20:10:05Z,837.585,843.019,USD,yfinance
CAT,2026-08-10T22:40:50Z,837.58,843.019,USD,yfinance
CAT,2026-08-11T22:45:56Z,843.37,840.0,USD,yfinance
CAT,2026-08-12T22:44:02Z,855.6,844.75,USD,yfinance
CAT,2026-08-13T15:59:56Z,856.6791,858.0,USD,yfinance
CAT,2026-08-13T22:45:19Z,854.6,858.0,USD,yfinance
CAT,2026-08-14T22:26:37Z,856.57,856.32,USD,yfinance
CAT,2026-08-17T22:28:03Z,881.65,857.75,USD,yfinance
CAT,2026-08-18T22:26:42Z,840.87,886.5,USD,yfinance
CAT,2026-08-19T22:28:05Z,816.15,841.5997,USD,yfinance
CAT,2026-08-20T22:30:58Z,815.39,818.8,USD,yfinance
CAT,2026-08-21T22:28:29Z,827.9,813.69,USD,yfinance
CAT,2026-08-24T22:29:31Z,811.02,827.2,USD,yfinance
CAT,2026-08-25T22:30:47Z,811.29,810.9535,USD,yfinance
CAT,2026-08-27T03:00:50Z,821.93,810.5,USD,yfinance
CAT,2026-08-27T20:19:37Z,817.0,828.26,USD,yfinance
CAT,2026-08-27T22:02:00Z,817.0,828.26,USD,yfinance
CAT,2026-08-28T06:01:15Z,817.0,828.26,USD,yfinance
CAT,2026-08-28T22:02:08Z,800.25,816.39,USD,yfinance
CAT,2026-08-29T03:35:07Z,800.25,816.39,USD,yfinance
CAT,2026-08-31T22:01:49Z,797.47,800.0,USD,yfinance
CAT,2026-09-01T01:04:40Z,797.47,800.0,USD,yfinance
CAT,2026-09-01T22:01:55Z,779.16,799.0,USD,yfinance
CAT,2026-09-01T23:53:06Z,779.16,799.0,USD,yfinance
CAT,2026-09-02T03:59:52Z,779.16,799.0,USD,yfinance
CAT,2026-09-02T04:05:18Z,779.16,799.0,USD,yfinance
CAT,2026-09-02T22:01:58Z,792.28,777.51,USD,yfinance
CAT,2026-09-02T23:55:36Z,792.28,777.51,USD,yfinance
CAT,2026-09-03T22:01:54Z,800.14,790.85,USD,yfinance
CAT,2026-09-03T23:52:03Z,800.14,790.85,USD,yfinance
CAT,2026-09-04T22:02:13Z,813.94,800.5,USD,yfinance
CDE,2026-06-18T18:51:29Z,17.165,17.79,USD,yfinance
CDE,2026-06-18T23:49:15Z,17.51,17.79,USD,yfinance
CDE,2026-06-19T23:02:33Z,17.51,17.79,USD,yfinance
CDE,2026-06-22T23:24:15Z,17.47,17.47,USD,yfinance
CDE,2026-06-23T23:12:17Z,16.32,17.35,USD,yfinance
CDE,2026-06-24T23:08:10Z,15.47,16.3984,USD,yfinance
CDE,2026-06-25T23:22:45Z,15.99,15.7044,USD,yfinance
CDE,2026-06-26T23:11:17Z,16.02,16.09,USD,yfinance
CDE,2026-06-29T23:03:11Z,16.33,16.08,USD,yfinance
CDE,2026-06-30T23:18:06Z,16.32,16.31,USD,yfinance
CDE,2026-07-01T23:19:55Z,16.54,16.32,USD,yfinance
CDE,2026-07-02T23:12:16Z,17.3,16.52,USD,yfinance
CDE,2026-07-03T23:08:41Z,17.3,16.52,USD,yfinance
CDE,2026-07-06T23:12:36Z,16.99,17.34,USD,yfinance
CDE,2026-07-07T23:06:03Z,16.04,16.98,USD,yfinance
CDE,2026-07-08T23:12:00Z,15.24,16.0,USD,yfinance
CDE,2026-07-09T23:15:38Z,16.02,15.24,USD,yfinance
CDE,2026-07-10T23:02:31Z,15.98,15.95,USD,yfinance
CDE,2026-07-11T20:54:35Z,15.98,15.95,USD,yfinance
CDE,2026-07-13T22:58:51Z,15.59,16.08,USD,yfinance
CDE,2026-07-14T23:00:22Z,16.0,15.55,USD,yfinance
CDE,2026-07-15T23:01:21Z,15.91,16.05,USD,yfinance
CDE,2026-07-16T23:00:43Z,14.79,16.04,USD,yfinance
CDE,2026-07-17T22:53:49Z,14.35,14.8004,USD,yfinance
CDE,2026-07-20T23:04:04Z,14.16,14.3865,USD,yfinance
CDE,2026-07-21T23:01:23Z,15.3,14.2,USD,yfinance
CDE,2026-07-22T23:08:05Z,15.84,15.33,USD,yfinance
CDE,2026-07-23T22:59:51Z,15.24,15.83,USD,yfinance
CDE,2026-07-24T23:04:26Z,15.13,15.3,USD,yfinance
CDE,2026-07-27T23:05:43Z,15.36,15.1594,USD,yfinance
CDE,2026-07-28T23:03:08Z,14.91,15.3583,USD,yfinance
CDE,2026-07-29T23:01:44Z,14.63,14.9315,USD,yfinance
CDE,2026-07-30T23:11:19Z,15.4,14.99,USD,yfinance
CDE,2026-07-31T23:04:40Z,14.91,15.48,USD,yfinance
CDE,2026-08-03T23:04:35Z,15.56,14.8,USD,yfinance
CDE,2026-08-04T23:06:25Z,16.21,15.576,USD,yfinance
CDE,2026-08-05T23:03:11Z,17.43,16.21,USD,yfinance
CDE,2026-08-07T01:31:31Z,15.65,16.9385,USD,yfinance
CDE,2026-08-07T22:39:29Z,17.39,15.7692,USD,yfinance
CDE,2026-08-10T20:10:22Z,18.175,17.4338,USD,yfinance
CDE,2026-08-10T22:41:12Z,18.15,17.4338,USD,yfinance
CDE,2026-08-11T22:46:16Z,18.58,18.1293,USD,yfinance
CDE,2026-08-12T22:44:23Z,18.8,18.57,USD,yfinance
CDE,2026-08-13T16:00:16Z,18.23,18.76,USD,yfinance
CDE,2026-08-13T22:45:36Z,18.45,18.76,USD,yfinance
CDE,2026-08-14T22:26:55Z,18.81,18.49,USD,yfinance
CDE,2026-08-17T22:28:21Z,19.31,18.9,USD,yfinance
CDE,2026-08-18T22:27:00Z,18.51,19.3998,USD,yfinance
CDE,2026-08-19T22:28:22Z,20.93,18.5,USD,yfinance
CDE,2026-08-20T22:31:17Z,21.11,21.0951,USD,yfinance
CDE,2026-08-21T22:28:48Z,20.97,21.1495,USD,yfinance
CDE,2026-08-24T22:29:52Z,20.88,21.0201,USD,yfinance
CDE,2026-08-25T22:31:07Z,21.59,20.8386,USD,yfinance
CDE,2026-08-27T03:01:10Z,21.44,21.6304,USD,yfinance
CDE,2026-08-27T20:19:59Z,22.21,21.64,USD,yfinance
CDE,2026-08-27T22:02:23Z,22.21,21.64,USD,yfinance
CDE,2026-08-28T06:01:38Z,22.21,21.64,USD,yfinance
CDE,2026-08-28T22:02:33Z,21.13,22.18,USD,yfinance
CDE,2026-08-29T03:35:30Z,21.13,22.18,USD,yfinance
CDE,2026-08-31T22:02:09Z,20.78,21.1314,USD,yfinance
CDE,2026-09-01T01:04:58Z,20.78,21.1314,USD,yfinance
CDE,2026-09-01T22:02:18Z,20.2,20.8223,USD,yfinance
CDE,2026-09-01T23:53:27Z,20.2,20.8223,USD,yfinance
CDE,2026-09-02T04:00:11Z,20.2,20.8223,USD,yfinance
CDE,2026-09-02T04:05:38Z,20.2,20.8223,USD,yfinance
CDE,2026-09-02T22:02:18Z,21.42,20.2407,USD,yfinance
CDE,2026-09-02T23:55:59Z,21.42,20.2407,USD,yfinance
CDE,2026-09-03T22:02:16Z,21.65,21.3882,USD,yfinance
CDE,2026-09-03T23:52:27Z,21.65,21.3882,USD,yfinance
CDE,2026-09-04T22:02:40Z,21.24,21.6493,USD,yfinance
CEG,2026-09-02T13:38:06Z,279.3,280.13,USD,yfinance
CEG,2026-09-02T22:04:23Z,290.04,280.13,USD,yfinance
CEG,2026-09-02T23:58:15Z,290.04,280.13,USD,yfinance
CEG,2026-09-03T22:04:20Z,285.05,288.7,USD,yfinance
CEG,2026-09-03T23:54:43Z,285.05,288.7,USD,yfinance
CEG,2026-09-04T22:05:24Z,298.96,285.3488,USD,yfinance
CIBR,2026-08-27T20:16:01Z,100.79,97.23,USD,yfinance
CIBR,2026-08-27T20:20:27Z,100.79,97.23,USD,yfinance
CIBR,2026-08-27T22:02:52Z,100.79,97.23,USD,yfinance
CIBR,2026-08-28T06:02:07Z,100.79,97.23,USD,yfinance
CIBR,2026-08-28T22:03:05Z,98.56,100.73,USD,yfinance
CIBR,2026-08-29T03:36:02Z,98.56,100.73,USD,yfinance
CIBR,2026-08-31T22:02:35Z,100.15,98.55,USD,yfinance
CIBR,2026-09-01T01:05:22Z,100.15,98.55,USD,yfinance
CIBR,2026-09-01T22:02:45Z,96.2,100.01,USD,yfinance
CIBR,2026-09-01T23:53:54Z,96.2,100.01,USD,yfinance
CIBR,2026-09-02T04:00:35Z,96.2,100.01,USD,yfinance
CIBR,2026-09-02T04:06:03Z,96.2,100.01,USD,yfinance
CIBR,2026-09-02T22:02:43Z,93.54,96.2008,USD,yfinance
CIBR,2026-09-02T23:56:26Z,93.54,96.2008,USD,yfinance
CIBR,2026-09-03T22:02:41Z,95.32,93.9706,USD,yfinance
CIBR,2026-09-03T23:52:55Z,95.32,93.9706,USD,yfinance
CIBR,2026-09-04T22:03:13Z,94.59,95.3197,USD,yfinance
CIEN,2026-06-18T18:50:57Z,426.707,438.5,USD,yfinance
CIEN,2026-06-18T23:48:47Z,428.22,438.5,USD,yfinance
CIEN,2026-06-19T23:02:05Z,428.22,438.5,USD,yfinance
CIEN,2026-06-22T23:23:47Z,460.33,429.6,USD,yfinance
CIEN,2026-06-23T23:11:41Z,459.85,458.0,USD,yfinance
CIEN,2026-06-24T23:07:41Z,463.51,460.7,USD,yfinance
CIEN,2026-06-25T23:22:15Z,484.69,480.87,USD,yfinance
CIEN,2026-06-26T23:10:40Z,479.5,487.88,USD,yfinance
CIEN,2026-06-29T23:02:34Z,478.93,477.04,USD,yfinance
CIEN,2026-06-30T23:17:31Z,490.56,476.0,USD,yfinance
CIEN,2026-07-01T23:19:25Z,462.44,491.32,USD,yfinance
CIEN,2026-07-02T23:11:47Z,422.46,463.0,USD,yfinance
CIEN,2026-07-03T23:08:12Z,422.46,463.0,USD,yfinance
CIEN,2026-07-06T23:12:06Z,433.83,423.2,USD,yfinance
CIEN,2026-07-07T23:05:32Z,418.91,432.99,USD,yfinance
CIEN,2026-07-08T23:11:30Z,440.97,418.87,USD,yfinance
CIEN,2026-07-09T23:15:06Z,462.34,440.1899,USD,yfinance
CIEN,2026-07-10T23:01:59Z,460.72,464.7125,USD,yfinance
CIEN,2026-07-11T20:54:04Z,460.72,464.7125,USD,yfinance
CIEN,2026-07-13T22:58:23Z,445.44,461.21,USD,yfinance
CIEN,2026-07-14T22:59:51Z,446.93,441.0,USD,yfinance
CIEN,2026-07-15T23:00:44Z,418.46,449.8,USD,yfinance
CIEN,2026-07-16T23:00:09Z,388.81,415.0,USD,yfinance
CIEN,2026-07-17T22:53:17Z,374.41,380.8667,USD,yfinance
CIEN,2026-07-20T23:03:37Z,378.77,370.0,USD,yfinance
CIEN,2026-07-21T23:00:50Z,408.73,378.31,USD,yfinance
CIEN,2026-07-22T23:07:38Z,397.16,408.7301,USD,yfinance
CIEN,2026-07-23T22:59:18Z,407.53,399.13,USD,yfinance
CIEN,2026-07-24T23:04:00Z,390.96,408.2628,USD,yfinance
CIEN,2026-07-27T23:05:18Z,377.27,389.9746,USD,yfinance
CIEN,2026-07-28T23:02:43Z,350.51,374.0,USD,yfinance
CIEN,2026-07-29T23:01:17Z,330.37,352.0,USD,yfinance
CIEN,2026-07-30T23:10:50Z,372.07,329.51,USD,yfinance
CIEN,2026-07-31T23:04:11Z,377.05,379.805,USD,yfinance
CIEN,2026-08-03T23:04:09Z,390.76,373.38,USD,yfinance
CIEN,2026-08-04T23:05:58Z,411.13,392.69,USD,yfinance
CIEN,2026-08-05T23:02:45Z,408.83,409.08,USD,yfinance
CIEN,2026-08-07T01:31:04Z,403.76,408.0,USD,yfinance
CIEN,2026-08-07T22:39:03Z,412.39,409.47,USD,yfinance
CIEN,2026-08-10T20:09:56Z,387.91,411.9,USD,yfinance
CIEN,2026-08-10T22:40:38Z,387.7,411.9,USD,yfinance
CIEN,2026-08-11T22:45:45Z,387.53,390.0,USD,yfinance
CIEN,2026-08-12T22:43:51Z,432.05,392.11,USD,yfinance
CIEN,2026-08-13T15:59:45Z,457.27,436.26,USD,yfinance
CIEN,2026-08-13T22:45:10Z,442.79,436.26,USD,yfinance
CIEN,2026-08-14T22:26:28Z,428.77,447.97,USD,yfinance
CIEN,2026-08-17T22:27:54Z,445.18,428.82,USD,yfinance
CIEN,2026-08-18T22:26:33Z,405.54,449.89,USD,yfinance
CIEN,2026-08-19T22:27:55Z,399.47,401.1753,USD,yfinance
CIEN,2026-08-20T22:30:47Z,392.48,403.0,USD,yfinance
CIEN,2026-08-21T22:28:18Z,395.79,391.2,USD,yfinance
CIEN,2026-08-24T22:29:22Z,371.95,397.0,USD,yfinance
CIEN,2026-08-25T22:30:37Z,387.66,371.0,USD,yfinance
CIEN,2026-08-27T03:00:41Z,404.03,386.9,USD,yfinance
CIEN,2026-08-27T20:19:27Z,399.85,417.02,USD,yfinance
CIEN,2026-08-27T22:01:50Z,399.85,417.02,USD,yfinance
CIEN,2026-08-28T06:01:06Z,399.85,417.02,USD,yfinance
CIEN,2026-08-28T22:01:57Z,378.44,396.75,USD,yfinance
CIEN,2026-08-29T03:34:56Z,378.44,396.75,USD,yfinance
CIEN,2026-08-31T22:01:40Z,382.8,378.51,USD,yfinance
CIEN,2026-09-01T01:04:31Z,382.8,378.51,USD,yfinance
CIEN,2026-09-01T22:01:45Z,360.33,383.8553,USD,yfinance
CIEN,2026-09-01T23:52:56Z,360.33,383.8553,USD,yfinance
CIEN,2026-09-02T03:59:43Z,360.33,383.8553,USD,yfinance
CIEN,2026-09-02T04:05:09Z,360.33,383.8553,USD,yfinance
CIEN,2026-09-02T22:01:44Z,354.16,360.0,USD,yfinance
CIEN,2026-09-02T23:55:21Z,354.16,360.0,USD,yfinance
CIEN,2026-09-03T22:01:41Z,317.46,361.99,USD,yfinance
CIEN,2026-09-03T23:51:48Z,317.46,361.99,USD,yfinance
CIEN,2026-09-04T22:01:54Z,321.0,315.9999,USD,yfinance
COHR,2026-06-18T18:50:10Z,388.255,384.7355,USD,yfinance
COHR,2026-06-18T23:48:03Z,389.57,384.7355,USD,yfinance
COHR,2026-06-19T23:01:21Z,389.57,384.7355,USD,yfinance
COHR,2026-06-22T23:23:05Z,425.48,394.0,USD,yfinance
COHR,2026-06-23T23:10:47Z,381.22,424.0,USD,yfinance
COHR,2026-06-24T23:06:56Z,392.5,382.01,USD,yfinance
COHR,2026-06-25T23:21:30Z,407.25,408.5036,USD,yfinance
COHR,2026-06-26T23:09:43Z,380.56,404.0,USD,yfinance
COHR,2026-06-29T23:01:39Z,391.22,378.89,USD,yfinance
COHR,2026-06-30T23:16:38Z,394.47,388.09,USD,yfinance
COHR,2026-07-01T23:18:40Z,368.65,393.02,USD,yfinance
COHR,2026-07-02T23:11:02Z,333.36,367.28,USD,yfinance
COHR,2026-07-03T23:07:29Z,333.36,367.28,USD,yfinance
COHR,2026-07-06T23:11:19Z,335.7,333.36,USD,yfinance
COHR,2026-07-07T23:04:45Z,314.13,332.004,USD,yfinance
COHR,2026-07-08T23:10:46Z,317.05,310.06,USD,yfinance
COHR,2026-07-09T23:14:14Z,327.24,318.6085,USD,yfinance
COHR,2026-07-10T23:01:10Z,324.5,328.7,USD,yfinance
COHR,2026-07-11T20:53:17Z,324.5,328.7,USD,yfinance
COHR,2026-07-13T22:57:39Z,307.39,324.6,USD,yfinance
COHR,2026-07-14T22:59:02Z,310.77,305.01,USD,yfinance
COHR,2026-07-15T23:00:39Z,299.38,313.0005,USD,yfinance
COHR,2026-07-16T23:00:04Z,276.96,293.52,USD,yfinance
COHR,2026-07-17T22:53:13Z,277.6,271.46,USD,yfinance
COHR,2026-07-20T23:03:33Z,285.4,277.19,USD,yfinance
COHR,2026-07-21T23:00:45Z,317.22,286.78,USD,yfinance
COHR,2026-07-22T23:07:34Z,312.19,320.3175,USD,yfinance
COHR,2026-07-23T22:59:13Z,313.22,316.21,USD,yfinance
COHR,2026-07-24T23:03:56Z,282.39,313.5291,USD,yfinance
COHR,2026-07-27T23:05:14Z,271.31,281.7,USD,yfinance
COHR,2026-07-28T23:02:40Z,243.33,267.31,USD,yfinance
COHR,2026-07-29T23:01:13Z,222.05,246.14,USD,yfinance
COHR,2026-07-30T23:10:46Z,249.06,221.9,USD,yfinance
COHR,2026-07-31T23:04:07Z,262.89,260.95,USD,yfinance
COHR,2026-08-03T23:04:05Z,288.14,260.81,USD,yfinance
COHR,2026-08-04T23:05:54Z,323.73,293.479,USD,yfinance
COHR,2026-08-05T23:02:42Z,328.22,323.97,USD,yfinance
COHR,2026-08-07T01:31:01Z,334.22,324.64,USD,yfinance
COHR,2026-08-07T22:38:59Z,379.13,344.61,USD,yfinance
COHR,2026-08-10T20:09:53Z,325.18,383.0,USD,yfinance
COHR,2026-08-10T22:40:33Z,325.15,383.0,USD,yfinance
COHR,2026-08-11T22:45:40Z,328.57,325.2105,USD,yfinance
COHR,2026-08-12T22:43:46Z,355.64,337.8,USD,yfinance
COHR,2026-08-13T15:59:41Z,337.79,346.0,USD,yfinance
COHR,2026-08-13T22:45:06Z,327.23,346.0,USD,yfinance
COHR,2026-08-14T22:26:24Z,325.83,330.02,USD,yfinance
COHR,2026-08-17T22:27:50Z,351.22,327.15,USD,yfinance
COHR,2026-08-18T22:26:29Z,306.43,351.94,USD,yfinance
COHR,2026-08-19T22:27:51Z,287.47,301.5366,USD,yfinance
COHR,2026-08-20T22:30:43Z,290.03,292.16,USD,yfinance
COHR,2026-08-21T22:28:14Z,289.52,288.8,USD,yfinance
COHR,2026-08-24T22:29:18Z,275.49,289.2,USD,yfinance
COHR,2026-08-25T22:30:33Z,288.14,272.5,USD,yfinance
COHR,2026-08-27T03:00:37Z,294.37,287.04,USD,yfinance
COHR,2026-08-27T20:19:22Z,295.39,304.2289,USD,yfinance
COHR,2026-08-27T22:01:46Z,295.39,304.2289,USD,yfinance
COHR,2026-08-28T06:01:02Z,295.39,304.2289,USD,yfinance
COHR,2026-08-28T22:01:52Z,279.2,291.0356,USD,yfinance
COHR,2026-08-29T03:34:51Z,279.2,291.0356,USD,yfinance
COHR,2026-08-31T22:01:36Z,277.83,279.0,USD,yfinance
COHR,2026-09-01T01:04:28Z,277.83,279.0,USD,yfinance
COHR,2026-09-01T22:01:41Z,272.03,278.36,USD,yfinance
COHR,2026-09-01T23:52:52Z,272.03,278.36,USD,yfinance
COHR,2026-09-02T03:59:40Z,272.03,278.36,USD,yfinance
COHR,2026-09-02T04:05:05Z,272.03,278.36,USD,yfinance
COHR,2026-09-02T22:01:40Z,268.64,269.5,USD,yfinance
COHR,2026-09-02T23:55:17Z,268.64,269.5,USD,yfinance
COHR,2026-09-03T22:01:37Z,264.41,269.6,USD,yfinance
COHR,2026-09-03T23:51:44Z,264.41,269.6,USD,yfinance
COHR,2026-09-04T22:01:49Z,281.86,264.54,USD,yfinance
COPX,2026-09-02T16:44:29Z,89.19,89.31,USD,yfinance
COPX,2026-09-02T22:03:31Z,89.9,89.31,USD,yfinance
COPX,2026-09-02T23:57:19Z,89.9,89.31,USD,yfinance
COPX,2026-09-03T22:03:29Z,91.25,90.57,USD,yfinance
COPX,2026-09-03T23:53:48Z,91.25,90.57,USD,yfinance
COPX,2026-09-04T22:04:16Z,90.66,91.29,USD,yfinance
CORZ,2026-09-02T13:38:35Z,16.0,16.22,USD,yfinance
CORZ,2026-09-02T22:01:54Z,16.81,16.22,USD,yfinance
CORZ,2026-09-02T23:55:32Z,16.81,16.22,USD,yfinance
CORZ,2026-09-03T22:01:51Z,17.9,16.6625,USD,yfinance
CORZ,2026-09-03T23:51:59Z,17.9,16.6625,USD,yfinance
CORZ,2026-09-04T22:02:07Z,17.89,17.9,USD,yfinance
CPER,2026-08-23T20:33:05Z,39.99,39.6,USD,yfinance
CPER,2026-08-24T22:31:13Z,40.07,39.8,USD,yfinance
CPER,2026-08-25T22:32:29Z,40.76,40.17,USD,yfinance
CPER,2026-08-27T03:02:30Z,40.06,40.7,USD,yfinance
CPER,2026-08-27T20:21:40Z,39.98,40.1889,USD,yfinance
CPER,2026-08-27T22:04:07Z,39.98,40.1889,USD,yfinance
CPER,2026-08-28T06:03:18Z,39.98,40.1889,USD,yfinance
CPER,2026-08-28T22:04:31Z,39.67,40.0,USD,yfinance
CPER,2026-08-29T03:37:21Z,39.67,40.0,USD,yfinance
CPER,2026-08-31T22:03:41Z,40.0,40.0,USD,yfinance
CPER,2026-09-01T01:06:24Z,40.0,40.0,USD,yfinance
CPER,2026-09-01T22:04:02Z,39.07,39.9999,USD,yfinance
CPER,2026-09-01T23:55:08Z,39.07,39.9999,USD,yfinance
CPER,2026-09-02T04:01:39Z,39.07,39.9999,USD,yfinance
CPER,2026-09-02T04:07:13Z,39.07,39.9999,USD,yfinance
CPER,2026-09-02T22:05:26Z,39.53,39.1,USD,yfinance
CPER,2026-09-02T23:59:26Z,39.53,39.1,USD,yfinance
CPER,2026-09-03T22:05:26Z,39.91,39.55,USD,yfinance
CPER,2026-09-03T23:55:53Z,39.91,39.55,USD,yfinance
CPER,2026-09-04T22:06:48Z,39.95,40.0,USD,yfinance
CRWD,2026-08-10T20:10:43Z,225.16,214.33,USD,yfinance
CRWD,2026-08-10T22:41:44Z,225.16,214.33,USD,yfinance
CRWD,2026-08-11T22:46:44Z,221.9,223.5,USD,yfinance
CRWD,2026-08-12T22:44:53Z,221.78,221.75,USD,yfinance
CRWD,2026-08-13T16:00:42Z,223.0,221.48,USD,yfinance
CRWD,2026-08-13T22:45:59Z,225.53,221.48,USD,yfinance
CRWD,2026-08-14T22:27:18Z,216.95,225.5799,USD,yfinance
CRWD,2026-08-17T22:28:44Z,213.9,217.65,USD,yfinance
CRWD,2026-08-18T22:27:23Z,212.92,213.6,USD,yfinance
CRWD,2026-08-19T22:28:46Z,201.63,212.2,USD,yfinance
CRWD,2026-08-20T22:31:43Z,190.34,202.2,USD,yfinance
CRWD,2026-08-21T22:29:16Z,191.95,190.7401,USD,yfinance
CRWD,2026-08-24T22:30:16Z,190.68,191.6999,USD,yfinance
CRWD,2026-08-25T22:31:31Z,185.38,190.4999,USD,yfinance
CRWD,2026-08-27T03:01:33Z,189.18,184.8956,USD,yfinance
CRWD,2026-08-27T20:20:24Z,227.96,209.1,USD,yfinance
CRWD,2026-08-27T22:02:50Z,227.96,209.1,USD,yfinance
CRWD,2026-08-28T06:02:04Z,227.96,209.1,USD,yfinance
CRWD,2026-08-28T22:03:02Z,218.4,227.7,USD,yfinance
CRWD,2026-08-29T03:35:59Z,218.4,227.7,USD,yfinance
CRWD,2026-08-31T22:02:33Z,231.0,217.75,USD,yfinance
CRWD,2026-09-01T01:05:20Z,231.0,217.75,USD,yfinance
CRWD,2026-09-01T22:02:43Z,215.07,229.57,USD,yfinance
CRWD,2026-09-01T23:53:52Z,215.07,229.57,USD,yfinance
CRWD,2026-09-02T04:00:32Z,215.07,229.57,USD,yfinance
CRWD,2026-09-02T04:06:01Z,215.07,229.57,USD,yfinance
CRWD,2026-09-02T22:02:41Z,203.42,214.1959,USD,yfinance
CRWD,2026-09-02T23:56:24Z,203.42,214.1959,USD,yfinance
CRWD,2026-09-03T22:02:38Z,214.97,205.4,USD,yfinance
CRWD,2026-09-03T23:52:52Z,214.97,205.4,USD,yfinance
CRWD,2026-09-04T22:03:10Z,213.1,214.49,USD,yfinance
CRWV,2026-06-18T18:50:46Z,115.06,118.96,USD,yfinance
CRWV,2026-06-18T23:48:37Z,117.95,118.96,USD,yfinance
CRWV,2026-06-19T23:01:55Z,117.95,118.96,USD,yfinance
CRWV,2026-06-22T23:23:38Z,111.29,117.61,USD,yfinance
CRWV,2026-06-23T23:11:29Z,105.72,110.3,USD,yfinance
CRWV,2026-06-24T23:07:31Z,100.88,105.8355,USD,yfinance
CRWV,2026-06-25T23:22:05Z,98.76,105.1393,USD,yfinance
CRWV,2026-06-26T23:10:27Z,96.58,99.18,USD,yfinance
CRWV,2026-06-29T23:02:22Z,95.51,96.093,USD,yfinance
CRWV,2026-06-30T23:17:19Z,99.54,95.75,USD,yfinance
CRWV,2026-07-01T23:19:15Z,85.685,101.32,USD,yfinance
CRWV,2026-07-02T23:11:37Z,81.745,86.4,USD,yfinance
CRWV,2026-07-03T23:08:02Z,81.745,86.4,USD,yfinance
CRWV,2026-07-06T23:11:55Z,86.46,82.99,USD,yfinance
CRWV,2026-07-07T23:05:21Z,83.53,86.0,USD,yfinance
CRWV,2026-07-08T23:11:20Z,90.0,82.11,USD,yfinance
CRWV,2026-07-09T23:14:54Z,89.7,89.25,USD,yfinance
CRWV,2026-07-10T23:01:48Z,88.88,89.9917,USD,yfinance
CRWV,2026-07-11T20:53:54Z,88.88,89.9917,USD,yfinance
CRWV,2026-07-13T22:58:13Z,83.31,88.81,USD,yfinance
CRWV,2026-07-14T22:59:39Z,79.94,82.374,USD,yfinance
CRWV,2026-07-15T23:00:54Z,77.12,80.484,USD,yfinance
CRWV,2026-07-16T23:00:17Z,72.91,76.79,USD,yfinance
CRWV,2026-07-17T22:53:25Z,73.21,71.64,USD,yfinance
CRWV,2026-07-20T23:03:43Z,73.06,73.25,USD,yfinance
CRWV,2026-07-21T23:00:58Z,79.58,74.022,USD,yfinance
CRWV,2026-07-22T23:07:44Z,82.64,81.7849,USD,yfinance
CRWV,2026-07-23T22:59:26Z,81.1,85.05,USD,yfinance
CRWV,2026-07-24T23:04:06Z,71.88,80.8403,USD,yfinance
CRWV,2026-07-27T23:05:24Z,70.79,72.09,USD,yfinance
CRWV,2026-07-28T23:02:49Z,67.3,70.61,USD,yfinance
CRWV,2026-07-29T23:01:24Z,60.82,67.5,USD,yfinance
CRWV,2026-07-30T23:10:57Z,73.9,62.0996,USD,yfinance
CRWV,2026-07-31T23:04:18Z,71.77,76.32,USD,yfinance
CRWV,2026-08-03T23:04:15Z,85.76,71.279,USD,yfinance
CRWV,2026-08-04T23:06:05Z,91.9,86.45,USD,yfinance
CRWV,2026-08-05T23:02:52Z,89.89,90.76,USD,yfinance
CRWV,2026-08-07T01:31:11Z,85.33,89.0001,USD,yfinance
CRWV,2026-08-07T22:39:10Z,90.67,86.22,USD,yfinance
CRWV,2026-08-10T20:10:02Z,88.19,91.36,USD,yfinance
CRWV,2026-08-10T22:40:46Z,88.19,91.36,USD,yfinance
CRWV,2026-08-11T22:45:53Z,90.32,87.64,USD,yfinance
CRWV,2026-08-12T22:43:59Z,107.73,104.5198,USD,yfinance
CRWV,2026-08-13T15:59:52Z,109.275,106.21,USD,yfinance
CRWV,2026-08-13T22:45:16Z,106.29,106.21,USD,yfinance
CRWV,2026-08-14T22:26:34Z,105.26,106.9721,USD,yfinance
CRWV,2026-08-17T22:28:00Z,106.0,105.18,USD,yfinance
CRWV,2026-08-18T22:26:39Z,93.17,105.47,USD,yfinance
CRWV,2026-08-19T22:28:02Z,90.87,92.1,USD,yfinance
CRWV,2026-08-20T22:30:55Z,89.76,92.15,USD,yfinance
CRWV,2026-08-21T22:28:26Z,87.85,89.6572,USD,yfinance
CRWV,2026-08-24T22:29:29Z,86.25,87.6833,USD,yfinance
CRWV,2026-08-25T22:30:44Z,88.04,85.4638,USD,yfinance
CRWV,2026-08-27T03:00:48Z,88.01,88.3655,USD,yfinance
CRWV,2026-08-27T20:19:34Z,86.8,92.8433,USD,yfinance
CRWV,2026-08-27T22:01:57Z,86.8,92.8433,USD,yfinance
CRWV,2026-08-28T06:01:13Z,86.8,92.8433,USD,yfinance
CRWV,2026-08-28T22:02:05Z,84.23,85.89,USD,yfinance
CRWV,2026-08-29T03:35:04Z,84.23,85.89,USD,yfinance
CRWV,2026-08-31T22:01:46Z,84.89,84.006,USD,yfinance
CRWV,2026-09-01T01:04:37Z,84.89,84.006,USD,yfinance
CRWV,2026-09-01T22:01:52Z,81.85,85.05,USD,yfinance
CRWV,2026-09-01T23:53:03Z,81.85,85.05,USD,yfinance
CRWV,2026-09-02T03:59:49Z,81.85,85.05,USD,yfinance
CRWV,2026-09-02T04:05:15Z,81.85,85.05,USD,yfinance
CRWV,2026-09-02T22:01:52Z,80.93,81.159,USD,yfinance
CRWV,2026-09-02T23:55:29Z,80.93,81.159,USD,yfinance
CRWV,2026-09-03T22:01:48Z,84.56,81.0,USD,yfinance
CRWV,2026-09-03T23:51:56Z,84.56,81.0,USD,yfinance
CRWV,2026-09-04T22:02:04Z,89.36,84.3826,USD,yfinance
DDOG,2026-08-10T20:10:42Z,260.78,235.5,USD,yfinance
DDOG,2026-08-10T22:41:42Z,260.78,235.5,USD,yfinance
DDOG,2026-08-11T22:46:43Z,246.78,260.66,USD,yfinance
DDOG,2026-08-12T22:44:51Z,240.91,247.5013,USD,yfinance
DDOG,2026-08-13T16:00:41Z,248.395,240.8999,USD,yfinance
DDOG,2026-08-13T22:45:58Z,252.24,240.8999,USD,yfinance
DDOG,2026-08-14T22:27:17Z,255.46,253.7971,USD,yfinance
DDOG,2026-08-17T22:28:43Z,247.32,255.25,USD,yfinance
DDOG,2026-08-18T22:27:22Z,246.0,247.5,USD,yfinance
DDOG,2026-08-19T22:28:45Z,233.52,247.5,USD,yfinance
DDOG,2026-08-20T22:31:41Z,232.55,234.12,USD,yfinance
DDOG,2026-08-21T22:29:14Z,235.62,232.5204,USD,yfinance
DDOG,2026-08-24T22:30:15Z,225.77,235.0204,USD,yfinance
DDOG,2026-08-25T22:31:29Z,222.99,226.2,USD,yfinance
DDOG,2026-08-27T03:01:32Z,227.67,222.5,USD,yfinance
DDOG,2026-08-27T20:20:23Z,242.93,230.59,USD,yfinance
DDOG,2026-08-27T22:02:48Z,242.93,230.59,USD,yfinance
DDOG,2026-08-28T06:02:02Z,242.93,230.59,USD,yfinance
DDOG,2026-08-28T22:03:00Z,236.98,243.02,USD,yfinance
DDOG,2026-08-29T03:35:57Z,236.98,243.02,USD,yfinance
DDOG,2026-08-31T22:02:32Z,237.04,237.5,USD,yfinance
DDOG,2026-09-01T01:05:19Z,237.04,237.5,USD,yfinance
DDOG,2026-09-01T22:02:41Z,223.84,237.21,USD,yfinance
DDOG,2026-09-01T23:53:50Z,223.84,237.21,USD,yfinance
DDOG,2026-09-02T04:00:31Z,223.84,237.21,USD,yfinance
DDOG,2026-09-02T04:06:00Z,223.84,237.21,USD,yfinance
DDOG,2026-09-02T22:02:39Z,209.23,222.6,USD,yfinance
DDOG,2026-09-02T23:56:22Z,209.23,222.6,USD,yfinance
DDOG,2026-09-03T22:02:37Z,214.76,221.99,USD,yfinance
DDOG,2026-09-03T23:52:50Z,214.76,221.99,USD,yfinance
DDOG,2026-09-04T22:03:08Z,212.93,214.75,USD,yfinance
DPC,2026-09-03T17:10:02Z,40.79,40.25,USD,yfinance
DPC,2026-09-03T22:02:03Z,41.56,40.25,USD,yfinance
DPC,2026-09-03T23:52:13Z,41.56,40.25,USD,yfinance
DPC,2026-09-04T22:02:24Z,44.88,42.07,USD,yfinance
DRAM,2026-06-18T18:51:01Z,77.37,72.3922,USD,yfinance
DRAM,2026-06-18T23:48:50Z,76.71,72.3922,USD,yfinance
DRAM,2026-06-19T23:02:09Z,76.71,72.3922,USD,yfinance
DRAM,2026-06-22T23:23:51Z,80.72,78.15,USD,yfinance
DRAM,2026-06-23T23:11:46Z,69.22,80.45,USD,yfinance
DRAM,2026-06-24T23:07:45Z,69.93,70.58,USD,yfinance
DRAM,2026-06-25T23:22:19Z,76.89,80.1666,USD,yfinance
DRAM,2026-06-26T23:10:45Z,71.88,76.5414,USD,yfinance
DRAM,2026-06-29T23:02:39Z,71.94,72.29,USD,yfinance
DRAM,2026-06-30T23:17:36Z,73.85,71.77,USD,yfinance
DRAM,2026-07-01T23:19:29Z,65.86,73.4,USD,yfinance
DRAM,2026-07-02T23:11:51Z,60.63,64.85,USD,yfinance
DRAM,2026-07-03T23:08:16Z,60.63,64.85,USD,yfinance
DRAM,2026-07-06T23:12:10Z,64.76,61.2,USD,yfinance
DRAM,2026-07-07T23:05:37Z,60.59,62.19,USD,yfinance
DRAM,2026-07-08T23:11:34Z,62.04,59.0552,USD,yfinance
DRAM,2026-07-09T23:15:10Z,64.36,62.85,USD,yfinance
DRAM,2026-07-10T23:02:03Z,63.04,65.1209,USD,yfinance
DRAM,2026-07-11T20:54:08Z,63.04,65.1209,USD,yfinance
DRAM,2026-07-13T22:58:27Z,57.3,62.9906,USD,yfinance
DRAM,2026-07-14T22:59:55Z,61.23,55.9,USD,yfinance
DRAM,2026-07-15T23:00:37Z,57.4,62.22,USD,yfinance
DRAM,2026-07-16T23:00:02Z,52.34,56.5,USD,yfinance
DRAM,2026-07-17T22:53:11Z,52.72,51.37,USD,yfinance
DRAM,2026-07-20T23:03:32Z,53.06,52.11,USD,yfinance
DRAM,2026-07-21T23:00:44Z,58.85,53.25,USD,yfinance
DRAM,2026-07-22T23:07:33Z,57.77,59.99,USD,yfinance
DRAM,2026-07-23T22:59:12Z,58.3,59.0745,USD,yfinance
DRAM,2026-07-24T23:03:55Z,53.2,58.22,USD,yfinance
DRAM,2026-07-27T23:05:13Z,52.43,52.82,USD,yfinance
DRAM,2026-07-28T23:02:38Z,47.77,51.57,USD,yfinance
DRAM,2026-07-29T23:01:12Z,44.85,48.64,USD,yfinance
DRAM,2026-07-30T23:10:45Z,52.34,44.7997,USD,yfinance
DRAM,2026-07-31T23:04:05Z,50.37,53.6,USD,yfinance
DRAM,2026-08-03T23:04:04Z,51.13,49.8093,USD,yfinance
DRAM,2026-08-04T23:05:53Z,54.89,51.9993,USD,yfinance
DRAM,2026-08-05T23:02:40Z,53.74,54.87,USD,yfinance
DRAM,2026-08-07T01:31:00Z,51.44,52.12,USD,yfinance
DRAM,2026-08-07T22:38:58Z,50.6,51.7672,USD,yfinance
DRAM,2026-08-10T20:09:51Z,49.59,50.56,USD,yfinance
DRAM,2026-08-10T22:40:32Z,49.6,50.56,USD,yfinance
DRAM,2026-08-11T22:45:39Z,50.89,49.62,USD,yfinance
DRAM,2026-08-12T22:43:45Z,54.8,51.12,USD,yfinance
DRAM,2026-08-13T15:59:40Z,57.31,55.2551,USD,yfinance
DRAM,2026-08-13T22:45:05Z,56.93,55.2551,USD,yfinance
DRAM,2026-08-14T22:26:22Z,57.32,57.932,USD,yfinance
DRAM,2026-08-17T22:27:49Z,60.39,57.37,USD,yfinance
DRAM,2026-08-18T22:26:28Z,55.1,60.71,USD,yfinance
DRAM,2026-08-19T22:27:50Z,55.14,54.4718,USD,yfinance
DRAM,2026-08-20T22:30:42Z,57.58,55.9299,USD,yfinance
DRAM,2026-08-21T22:28:12Z,57.68,57.03,USD,yfinance
DRAM,2026-08-24T22:29:17Z,54.28,57.65,USD,yfinance
DRAM,2026-08-25T22:30:32Z,56.24,53.7305,USD,yfinance
DRAM,2026-08-27T03:00:36Z,56.39,55.9,USD,yfinance
DRAM,2026-08-27T20:19:21Z,56.83,58.963,USD,yfinance
DRAM,2026-08-27T22:01:44Z,56.83,58.963,USD,yfinance
DRAM,2026-08-28T06:01:01Z,56.83,58.963,USD,yfinance
DRAM,2026-08-28T22:01:51Z,55.83,56.3,USD,yfinance
DRAM,2026-08-29T03:34:50Z,55.83,56.3,USD,yfinance
DRAM,2026-08-31T22:01:35Z,56.9,55.64,USD,yfinance
DRAM,2026-09-01T01:04:27Z,56.9,55.64,USD,yfinance
DRAM,2026-09-01T22:01:39Z,55.06,56.7662,USD,yfinance
DRAM,2026-09-01T23:52:51Z,55.06,56.7662,USD,yfinance
DRAM,2026-09-02T03:59:39Z,55.06,56.7662,USD,yfinance
DRAM,2026-09-02T04:05:04Z,55.06,56.7662,USD,yfinance
DRAM,2026-09-02T22:01:39Z,56.21,55.0761,USD,yfinance
DRAM,2026-09-02T23:55:16Z,56.21,55.0761,USD,yfinance
DRAM,2026-09-03T22:01:36Z,55.99,56.25,USD,yfinance
DRAM,2026-09-03T23:51:43Z,55.99,56.25,USD,yfinance
DRAM,2026-09-04T22:01:48Z,59.69,55.9061,USD,yfinance
DRIV,2026-09-02T16:44:42Z,34.0,34.09,USD,yfinance
DRIV,2026-09-02T22:03:43Z,34.0959,34.09,USD,yfinance
DRIV,2026-09-02T23:57:33Z,34.0959,34.09,USD,yfinance
DRIV,2026-09-03T22:03:41Z,34.49,34.0,USD,yfinance
DRIV,2026-09-03T23:54:01Z,34.49,34.0,USD,yfinance
DRIV,2026-09-04T22:04:33Z,34.76,34.49,USD,yfinance
DTCR,2026-08-25T04:36:23Z,28.01,28.34,USD,yfinance
DTCR,2026-08-25T22:32:07Z,28.56,27.7998,USD,yfinance
DTCR,2026-08-27T03:02:08Z,28.345,28.4,USD,yfinance
DTCR,2026-08-27T20:21:15Z,28.5,28.5912,USD,yfinance
DTCR,2026-08-27T22:03:43Z,28.5,28.5912,USD,yfinance
DTCR,2026-08-28T06:02:55Z,28.5,28.5912,USD,yfinance
DTCR,2026-08-28T22:04:04Z,28.0,29.0,USD,yfinance
DTCR,2026-08-29T03:36:54Z,28.0,29.0,USD,yfinance
DTCR,2026-08-31T22:03:20Z,27.89,28.0,USD,yfinance
DTCR,2026-09-01T01:06:03Z,27.89,28.0,USD,yfinance
DTCR,2026-09-01T22:03:38Z,27.49,28.23,USD,yfinance
DTCR,2026-09-01T23:54:45Z,27.49,28.23,USD,yfinance
DTCR,2026-09-02T04:01:19Z,27.49,28.23,USD,yfinance
DTCR,2026-09-02T04:06:51Z,27.49,28.23,USD,yfinance
DTCR,2026-09-02T22:05:05Z,27.44,27.4,USD,yfinance
DTCR,2026-09-02T23:59:03Z,27.44,27.4,USD,yfinance
DTCR,2026-09-03T22:05:05Z,27.94,27.9711,USD,yfinance
DTCR,2026-09-03T23:55:30Z,27.94,27.9711,USD,yfinance
DTCR,2026-09-04T22:06:21Z,28.18,27.9,USD,yfinance
ENPH,2026-08-24T22:29:37Z,37.18,38.6764,USD,yfinance
ENPH,2026-08-25T22:30:52Z,37.35,37.1814,USD,yfinance
ENPH,2026-08-27T03:00:56Z,38.415,37.2611,USD,yfinance
ENPH,2026-08-27T20:19:43Z,39.25,39.0,USD,yfinance
ENPH,2026-08-27T22:02:06Z,39.25,39.0,USD,yfinance
ENPH,2026-08-28T06:01:21Z,39.25,39.0,USD,yfinance
ENPH,2026-08-28T22:02:15Z,37.25,39.27,USD,yfinance
ENPH,2026-08-29T03:35:13Z,37.25,39.27,USD,yfinance
ENPH,2026-08-31T22:01:54Z,36.42,37.35,USD,yfinance
ENPH,2026-09-01T01:04:45Z,36.42,37.35,USD,yfinance
ENPH,2026-09-01T22:02:02Z,35.54,36.55,USD,yfinance
ENPH,2026-09-01T23:53:12Z,35.54,36.55,USD,yfinance
ENPH,2026-09-02T03:59:58Z,35.54,36.55,USD,yfinance
ENPH,2026-09-02T04:05:24Z,35.54,36.55,USD,yfinance
ENPH,2026-09-02T22:02:04Z,35.52,35.6718,USD,yfinance
ENPH,2026-09-02T23:55:43Z,35.52,35.6718,USD,yfinance
ENPH,2026-09-03T17:30:27Z,35.6333,35.6301,USD,yfinance
ENPH,2026-09-03T22:02:01Z,36.31,35.6301,USD,yfinance
ENPH,2026-09-03T23:52:10Z,36.31,35.6301,USD,yfinance
ENPH,2026-09-04T22:02:20Z,36.37,36.2908,USD,yfinance
EQIX,2026-08-21T18:03:30Z,1063.6851,1080.8646,USD,yfinance
EQIX,2026-08-21T22:29:31Z,1065.39,1080.8646,USD,yfinance
EQIX,2026-08-24T22:30:30Z,1055.2,1046.0,USD,yfinance
EQIX,2026-08-25T22:31:45Z,1073.4399,1063.6752,USD,yfinance
EQIX,2026-08-27T03:01:46Z,1079.61,1073.44,USD,yfinance
EQIX,2026-08-27T20:20:51Z,1076.45,1080.02,USD,yfinance
EQIX,2026-08-27T22:03:16Z,1076.45,1080.02,USD,yfinance
EQIX,2026-08-28T06:02:30Z,1076.45,1080.02,USD,yfinance
EQIX,2026-08-28T22:03:36Z,1044.41,1076.45,USD,yfinance
EQIX,2026-08-29T03:36:27Z,1044.41,1076.45,USD,yfinance
EQIX,2026-08-31T22:02:57Z,1046.72,1031.425,USD,yfinance
EQIX,2026-09-01T01:05:42Z,1046.72,1031.425,USD,yfinance
EQIX,2026-09-01T22:03:14Z,1027.59,1045.0,USD,yfinance
EQIX,2026-09-01T23:54:23Z,1027.59,1045.0,USD,yfinance
EQIX,2026-09-02T04:00:59Z,1027.59,1045.0,USD,yfinance
EQIX,2026-09-02T04:06:30Z,1027.59,1045.0,USD,yfinance
EQIX,2026-09-02T22:04:44Z,1019.24,1028.05,USD,yfinance
EQIX,2026-09-02T23:58:39Z,1019.24,1028.05,USD,yfinance
EQIX,2026-09-03T22:04:41Z,1040.83,1017.51,USD,yfinance
EQIX,2026-09-03T23:55:07Z,1040.83,1017.51,USD,yfinance
EQIX,2026-09-04T22:05:52Z,1035.98,1041.82,USD,yfinance
ESPO,2026-09-02T16:45:07Z,95.88,96.68,USD,yfinance
ESPO,2026-09-02T22:04:13Z,96.21,96.68,USD,yfinance
ESPO,2026-09-02T23:58:04Z,96.21,96.68,USD,yfinance
ESPO,2026-09-03T22:04:10Z,96.86,96.21,USD,yfinance
ESPO,2026-09-03T23:54:32Z,96.86,96.21,USD,yfinance
ESPO,2026-09-04T22:05:09Z,97.88,96.86,USD,yfinance
ETH-USD,2026-06-18T18:52:06Z,1683.7,1749.2,USD,yfinance
ETH-USD,2026-06-18T23:49:48Z,1707.1,1749.2,USD,yfinance
ETH-USD,2026-06-19T23:03:07Z,1704.91,1708.96,USD,yfinance
ETH-USD,2026-06-22T23:24:48Z,1724.03,1704.9399,USD,yfinance
ETH-USD,2026-06-23T23:12:59Z,1660.85,1726.15,USD,yfinance
ETH-USD,2026-06-24T23:08:44Z,1613.45,1665.05,USD,yfinance
ETH-USD,2026-06-25T23:23:19Z,1575.51,1619.72,USD,yfinance
ETH-USD,2026-06-26T23:12:00Z,1575.26,1564.86,USD,yfinance
ETH-USD,2026-06-29T23:03:53Z,1611.34,1569.4,USD,yfinance
ETH-USD,2026-06-30T23:18:48Z,1566.2,1610.73,USD,yfinance
ETH-USD,2026-07-01T23:20:29Z,1616.33,1569.49,USD,yfinance
ETH-USD,2026-07-02T23:12:50Z,1691.22,1607.62,USD,yfinance
ETH-USD,2026-07-03T23:09:15Z,1754.61,1698.4399,USD,yfinance
ETH-USD,2026-07-06T23:13:13Z,1806.96,1784.2,USD,yfinance
ETH-USD,2026-07-07T23:06:39Z,1777.25,1798.5601,USD,yfinance
ETH-USD,2026-07-08T23:12:35Z,1741.98,1770.0601,USD,yfinance
ETH-USD,2026-07-09T23:16:16Z,1743.0699,1742.0,USD,yfinance
ETH-USD,2026-07-10T23:03:08Z,1793.17,1743.8199,USD,yfinance
ETH-USD,2026-07-11T20:55:11Z,1825.38,1795.74,USD,yfinance
ETH-USD,2026-07-13T22:59:25Z,1756.29,1805.51,USD,yfinance
ETH-USD,2026-07-14T23:01:01Z,1881.28,1774.5699,USD,yfinance
ETH-USD,2026-07-15T23:02:36Z,1923.88,1890.54,USD,yfinance
ETH-USD,2026-07-16T23:01:53Z,1868.36,1916.76,USD,yfinance
ETH-USD,2026-07-17T22:54:54Z,1838.1801,1863.1801,USD,yfinance
ETH-USD,2026-07-20T23:04:57Z,1895.79,1870.86,USD,yfinance
ETH-USD,2026-07-21T23:02:30Z,1917.8,1903.54,USD,yfinance
ETH-USD,2026-07-22T23:08:57Z,1935.33,1928.63,USD,yfinance
ETH-USD,2026-07-23T23:00:58Z,1882.9,1933.54,USD,yfinance
ETH-USD,2026-07-24T23:05:18Z,1858.54,1876.91,USD,yfinance
ETH-USD,2026-07-27T23:06:34Z,1890.85,1952.9301,USD,yfinance
ETH-USD,2026-07-28T23:03:59Z,1906.17,1890.67,USD,yfinance
ETH-USD,2026-07-29T23:02:38Z,1901.5,1920.0,USD,yfinance
ETH-USD,2026-07-30T23:12:19Z,1926.55,1908.48,USD,yfinance
ETH-USD,2026-07-31T23:05:38Z,1861.6,1916.8199,USD,yfinance
ETH-USD,2026-08-03T23:05:29Z,1856.54,1883.35,USD,yfinance
ETH-USD,2026-08-04T23:07:19Z,1874.04,1858.89,USD,yfinance
ETH-USD,2026-08-05T23:04:04Z,1905.6,1868.39,USD,yfinance
ETH-USD,2026-08-07T01:32:25Z,1904.17,1906.35,USD,yfinance
ETH-USD,2026-08-07T22:40:21Z,1913.34,1902.42,USD,yfinance
ETH-USD,2026-08-10T20:11:20Z,1876.58,1909.09,USD,yfinance
ETH-USD,2026-08-10T22:42:36Z,1872.4,1909.09,USD,yfinance
ETH-USD,2026-08-11T22:47:30Z,1878.42,1871.26,USD,yfinance
ETH-USD,2026-08-12T22:45:41Z,1876.37,1880.72,USD,yfinance
ETH-USD,2026-08-13T16:01:25Z,1880.96,1877.6801,USD,yfinance
ETH-USD,2026-08-13T22:46:36Z,1889.04,1877.6801,USD,yfinance
ETH-USD,2026-08-14T22:28:07Z,1875.25,1884.61,USD,yfinance
ETH-USD,2026-08-17T22:29:31Z,1902.7,1874.13,USD,yfinance
ETH-USD,2026-08-18T22:28:11Z,1912.97,1911.9399,USD,yfinance
ETH-USD,2026-08-19T22:29:40Z,2257.2,1916.74,USD,yfinance
ETH-USD,2026-08-20T22:32:42Z,2312.5801,2251.6899,USD,yfinance
ETH-USD,2026-08-21T22:30:21Z,2532.1399,2326.6001,USD,yfinance
ETH-USD,2026-08-24T22:31:20Z,2478.3201,2463.3701,USD,yfinance
ETH-USD,2026-08-25T22:32:37Z,2446.76,2482.7,USD,yfinance
ETH-USD,2026-08-27T03:02:38Z,2494.3101,2507.24,USD,yfinance
ETH-USD,2026-08-27T20:21:48Z,2503.3999,2507.24,USD,yfinance
ETH-USD,2026-08-27T22:04:16Z,2510.8799,2506.8601,USD,yfinance
ETH-USD,2026-08-28T06:03:26Z,2499.2,2511.73,USD,yfinance
ETH-USD,2026-08-28T22:04:40Z,2423.8,2511.48,USD,yfinance
ETH-USD,2026-08-29T03:37:30Z,2438.0,2438.6399,USD,yfinance
ETH-USD,2026-08-31T22:03:49Z,2476.0901,2417.8101,USD,yfinance
ETH-USD,2026-09-01T01:06:32Z,2475.5801,2472.04,USD,yfinance
ETH-USD,2026-09-01T22:04:10Z,2416.8999,2467.29,USD,yfinance
ETH-USD,2026-09-01T23:55:16Z,2418.02,2467.29,USD,yfinance
ETH-USD,2026-09-02T04:01:46Z,2411.2,2417.1899,USD,yfinance
ETH-USD,2026-09-02T04:07:21Z,2411.3799,2417.1899,USD,yfinance
ETH-USD,2026-09-02T22:05:34Z,2383.76,2417.1899,USD,yfinance
ETH-USD,2026-09-02T23:59:34Z,2392.1299,2417.1899,USD,yfinance
ETH-USD,2026-09-03T22:05:34Z,2512.25,2390.8301,USD,yfinance
ETH-USD,2026-09-03T23:56:02Z,2506.73,2391.04,USD,yfinance
ETH-USD,2026-09-04T22:06:58Z,2452.8101,2507.4099,USD,yfinance
ETHA,2026-06-18T18:50:41Z,12.705,13.1906,USD,yfinance
ETHA,2026-06-18T23:48:32Z,12.88,13.1906,USD,yfinance
ETHA,2026-06-19T23:01:50Z,12.88,13.1906,USD,yfinance
ETHA,2026-06-22T23:23:33Z,13.06,12.8913,USD,yfinance
ETHA,2026-06-23T23:11:23Z,12.52,13.0239,USD,yfinance
ETHA,2026-06-24T23:07:26Z,11.92,12.5501,USD,yfinance
ETHA,2026-06-25T23:22:00Z,11.74,12.23,USD,yfinance
ETHA,2026-06-26T23:10:21Z,11.89,11.82,USD,yfinance
ETHA,2026-06-29T23:02:16Z,12.24,11.89,USD,yfinance
ETHA,2026-06-30T23:17:13Z,11.89,12.199,USD,yfinance
ETHA,2026-07-01T23:19:10Z,12.19,11.86,USD,yfinance
ETHA,2026-07-02T23:11:32Z,12.86,12.1748,USD,yfinance
ETHA,2026-07-03T23:07:57Z,12.86,12.1748,USD,yfinance
ETHA,2026-07-06T23:11:50Z,13.55,12.8494,USD,yfinance
ETHA,2026-07-07T23:05:16Z,13.51,13.55,USD,yfinance
ETHA,2026-07-08T23:11:15Z,13.11,13.37,USD,yfinance
ETHA,2026-07-09T23:14:48Z,13.19,13.1402,USD,yfinance
ETHA,2026-07-10T23:01:42Z,13.53,13.16,USD,yfinance
ETHA,2026-07-11T20:53:49Z,13.53,13.16,USD,yfinance
ETHA,2026-07-13T22:58:08Z,13.37,13.5695,USD,yfinance
ETHA,2026-07-14T22:59:33Z,14.18,13.38,USD,yfinance
ETHA,2026-07-15T23:02:16Z,14.52,14.27,USD,yfinance
ETHA,2026-07-16T23:01:35Z,14.13,14.4502,USD,yfinance
ETHA,2026-07-17T22:54:37Z,13.91,14.08,USD,yfinance
ETHA,2026-07-20T23:04:43Z,14.33,13.8832,USD,yfinance
ETHA,2026-07-21T23:02:13Z,14.53,14.3201,USD,yfinance
ETHA,2026-07-22T23:08:44Z,14.52,14.574,USD,yfinance
ETHA,2026-07-23T23:00:41Z,14.11,14.6,USD,yfinance
ETHA,2026-07-24T23:05:05Z,14.04,14.15,USD,yfinance
ETHA,2026-07-27T23:06:21Z,14.71,14.02,USD,yfinance
ETHA,2026-07-28T23:03:46Z,14.49,14.2554,USD,yfinance
ETHA,2026-07-29T23:02:24Z,14.24,14.4969,USD,yfinance
ETHA,2026-07-30T23:12:04Z,14.51,14.42,USD,yfinance
ETHA,2026-07-31T23:05:23Z,14.07,14.51,USD,yfinance
ETHA,2026-08-03T23:05:15Z,14.11,14.03,USD,yfinance
ETHA,2026-08-04T23:07:05Z,14.15,14.03,USD,yfinance
ETHA,2026-08-05T23:03:51Z,14.48,14.1049,USD,yfinance
ETHA,2026-08-07T01:32:11Z,14.4,14.39,USD,yfinance
ETHA,2026-08-07T22:40:08Z,14.47,14.3496,USD,yfinance
ETHA,2026-08-10T20:11:06Z,14.14,14.47,USD,yfinance
ETHA,2026-08-10T22:42:17Z,14.14,14.47,USD,yfinance
ETHA,2026-08-11T22:47:14Z,14.18,14.1297,USD,yfinance
ETHA,2026-08-12T22:45:23Z,14.16,14.18,USD,yfinance
ETHA,2026-08-13T16:01:08Z,14.195,14.1756,USD,yfinance
ETHA,2026-08-13T22:46:23Z,14.23,14.1756,USD,yfinance
ETHA,2026-08-14T22:27:53Z,14.18,14.23,USD,yfinance
ETHA,2026-08-17T22:29:17Z,14.4,14.1885,USD,yfinance
ETHA,2026-08-18T22:27:56Z,14.44,14.44,USD,yfinance
ETHA,2026-08-19T22:29:22Z,15.88,14.4898,USD,yfinance
ETHA,2026-08-20T22:32:22Z,17.55,17.01,USD,yfinance
ETHA,2026-08-21T22:30:00Z,18.24,17.5893,USD,yfinance
ETHA,2026-08-24T22:30:56Z,18.66,18.98,USD,yfinance
ETHA,2026-08-25T22:32:12Z,18.6,18.7229,USD,yfinance
ETHA,2026-08-27T03:02:13Z,18.65,18.4399,USD,yfinance
ETHA,2026-08-27T20:21:21Z,18.87,18.92,USD,yfinance
ETHA,2026-08-27T22:03:49Z,18.87,18.92,USD,yfinance
ETHA,2026-08-28T06:03:01Z,18.87,18.92,USD,yfinance
ETHA,2026-08-28T22:04:11Z,18.37,18.95,USD,yfinance
ETHA,2026-08-29T03:37:01Z,18.37,18.95,USD,yfinance
ETHA,2026-08-31T22:03:25Z,18.72,18.4129,USD,yfinance
ETHA,2026-09-01T01:06:08Z,18.72,18.4129,USD,yfinance
ETHA,2026-09-01T22:03:44Z,18.23,18.62,USD,yfinance
ETHA,2026-09-01T23:54:51Z,18.23,18.62,USD,yfinance
ETHA,2026-09-02T04:01:24Z,18.23,18.62,USD,yfinance
ETHA,2026-09-02T04:06:56Z,18.23,18.62,USD,yfinance
ETHA,2026-09-02T22:05:10Z,18.05,18.2886,USD,yfinance
ETHA,2026-09-02T23:59:09Z,18.05,18.2886,USD,yfinance
ETHA,2026-09-03T22:05:10Z,19.02,18.04,USD,yfinance
ETHA,2026-09-03T23:55:35Z,19.02,18.04,USD,yfinance
ETHA,2026-09-04T22:06:27Z,18.52,18.94,USD,yfinance
ETN,2026-09-02T13:38:10Z,388.12,390.4946,USD,yfinance
ETN,2026-09-02T22:04:26Z,390.85,390.4946,USD,yfinance
ETN,2026-09-02T23:58:19Z,390.85,390.4946,USD,yfinance
ETN,2026-09-03T22:04:24Z,397.12,390.79,USD,yfinance
ETN,2026-09-03T23:54:47Z,397.12,390.79,USD,yfinance
ETN,2026-09-04T22:05:29Z,410.85,397.25,USD,yfinance
EWY,2026-06-18T18:50:30Z,219.86,210.0,USD,yfinance
EWY,2026-06-18T23:48:22Z,219.2,210.0,USD,yfinance
EWY,2026-06-19T23:01:40Z,219.2,210.0,USD,yfinance
EWY,2026-06-22T23:23:23Z,219.02,219.21,USD,yfinance
EWY,2026-06-23T23:11:10Z,192.2,216.3907,USD,yfinance
EWY,2026-06-24T23:07:16Z,197.26,196.88,USD,yfinance
EWY,2026-06-25T23:21:50Z,205.0,212.08,USD,yfinance
EWY,2026-06-26T23:10:08Z,197.28,204.0,USD,yfinance
EWY,2026-06-29T23:02:03Z,197.5,197.8525,USD,yfinance
EWY,2026-06-30T23:17:01Z,201.9,197.3175,USD,yfinance
EWY,2026-07-01T23:19:00Z,185.5,200.75,USD,yfinance
EWY,2026-07-02T23:11:22Z,180.14,184.7,USD,yfinance
EWY,2026-07-03T23:07:47Z,180.14,184.7,USD,yfinance
EWY,2026-07-06T23:11:39Z,189.85,180.75,USD,yfinance
EWY,2026-07-07T23:05:05Z,181.29,187.24,USD,yfinance
EWY,2026-07-08T23:11:05Z,182.72,178.3003,USD,yfinance
EWY,2026-07-09T23:14:37Z,184.75,182.79,USD,yfinance
EWY,2026-07-10T23:01:31Z,183.52,184.71,USD,yfinance
EWY,2026-07-11T20:53:38Z,183.52,184.71,USD,yfinance
EWY,2026-07-13T22:57:58Z,168.02,183.13,USD,yfinance
EWY,2026-07-14T22:59:22Z,176.98,167.2,USD,yfinance
EWY,2026-07-15T23:02:02Z,171.64,178.88,USD,yfinance
EWY,2026-07-16T23:01:22Z,163.36,170.22,USD,yfinance
EWY,2026-07-17T22:54:25Z,162.54,162.05,USD,yfinance
EWY,2026-07-20T23:04:33Z,162.86,161.5,USD,yfinance
EWY,2026-07-21T23:02:00Z,172.9,162.83,USD,yfinance
EWY,2026-07-22T23:08:34Z,170.43,174.7,USD,yfinance
EWY,2026-07-23T23:00:28Z,173.86,172.65,USD,yfinance
EWY,2026-07-24T23:04:55Z,162.96,172.964,USD,yfinance
EWY,2026-07-27T23:06:12Z,161.2,162.3,USD,yfinance
EWY,2026-07-28T23:03:37Z,151.45,159.09,USD,yfinance
EWY,2026-07-29T23:02:14Z,144.21,154.75,USD,yfinance
EWY,2026-07-30T23:11:53Z,161.21,144.9468,USD,yfinance
EWY,2026-07-31T23:05:12Z,157.1,163.0,USD,yfinance
EWY,2026-08-03T23:05:05Z,160.24,156.7604,USD,yfinance
EWY,2026-08-04T23:06:55Z,171.14,163.25,USD,yfinance
EWY,2026-08-05T23:03:41Z,169.14,169.87,USD,yfinance
EWY,2026-08-07T01:32:01Z,164.12,167.59,USD,yfinance
EWY,2026-08-07T22:39:58Z,166.09,164.26,USD,yfinance
EWY,2026-08-10T20:10:57Z,163.14,165.9,USD,yfinance
EWY,2026-08-10T22:42:04Z,163.12,165.9,USD,yfinance
EWY,2026-08-11T22:47:02Z,167.24,163.02,USD,yfinance
EWY,2026-08-12T22:45:11Z,175.87,167.71,USD,yfinance
EWY,2026-08-13T16:00:58Z,178.66,176.39,USD,yfinance
EWY,2026-08-13T22:46:13Z,178.62,176.39,USD,yfinance
EWY,2026-08-14T22:27:36Z,179.74,180.47,USD,yfinance
EWY,2026-08-17T22:29:02Z,185.1,180.08,USD,yfinance
EWY,2026-08-18T22:27:41Z,170.05,184.9544,USD,yfinance
EWY,2026-08-19T22:29:06Z,174.43,169.8678,USD,yfinance
EWY,2026-08-20T22:32:05Z,178.16,175.7318,USD,yfinance
EWY,2026-08-21T22:29:42Z,178.34,177.16,USD,yfinance
EWY,2026-08-24T22:30:40Z,173.64,178.42,USD,yfinance
EWY,2026-08-25T22:31:54Z,180.15,173.25,USD,yfinance
EWY,2026-08-27T03:01:56Z,179.18,179.68,USD,yfinance
EWY,2026-08-27T20:21:01Z,182.12,185.58,USD,yfinance
EWY,2026-08-27T22:03:29Z,182.14,185.58,USD,yfinance
EWY,2026-08-28T06:02:39Z,182.14,185.58,USD,yfinance
EWY,2026-08-28T22:03:47Z,180.2,180.49,USD,yfinance
EWY,2026-08-29T03:36:38Z,180.2,180.49,USD,yfinance
EWY,2026-08-31T22:03:07Z,180.86,179.8196,USD,yfinance
EWY,2026-09-01T01:05:52Z,180.86,179.8196,USD,yfinance
EWY,2026-09-01T22:03:24Z,175.8,180.67,USD,yfinance
EWY,2026-09-01T23:54:32Z,175.8,180.67,USD,yfinance
EWY,2026-09-02T04:01:08Z,175.8,180.67,USD,yfinance
EWY,2026-09-02T04:06:39Z,175.8,180.67,USD,yfinance
EWY,2026-09-02T22:04:53Z,178.86,175.6,USD,yfinance
EWY,2026-09-02T23:58:49Z,178.86,175.6,USD,yfinance
EWY,2026-09-03T22:04:51Z,180.56,179.31,USD,yfinance
EWY,2026-09-03T23:55:17Z,180.56,179.31,USD,yfinance
EWY,2026-09-04T22:06:04Z,188.87,180.2,USD,yfinance
EXK,2026-06-18T18:51:30Z,8.625,8.97,USD,yfinance
EXK,2026-06-18T23:49:16Z,8.61,8.97,USD,yfinance
EXK,2026-06-19T23:02:35Z,8.61,8.97,USD,yfinance
EXK,2026-06-22T23:24:16Z,8.55,8.6586,USD,yfinance
EXK,2026-06-23T23:12:18Z,8.01,8.6,USD,yfinance
EXK,2026-06-24T23:08:11Z,7.71,8.05,USD,yfinance
EXK,2026-06-25T23:22:46Z,8.04,7.82,USD,yfinance
EXK,2026-06-26T23:11:18Z,8.33,8.12,USD,yfinance
EXK,2026-06-29T23:03:12Z,8.23,8.45,USD,yfinance
EXK,2026-06-30T23:18:08Z,8.28,8.23,USD,yfinance
EXK,2026-07-01T23:19:56Z,8.34,8.2695,USD,yfinance
EXK,2026-07-02T23:12:17Z,8.56,8.32,USD,yfinance
EXK,2026-07-03T23:08:42Z,8.56,8.32,USD,yfinance
EXK,2026-07-06T23:12:37Z,8.51,8.68,USD,yfinance
EXK,2026-07-07T23:06:05Z,8.02,8.52,USD,yfinance
EXK,2026-07-08T23:12:01Z,7.72,8.0,USD,yfinance
EXK,2026-07-09T23:15:40Z,8.24,7.7212,USD,yfinance
EXK,2026-07-10T23:02:32Z,8.08,8.21,USD,yfinance
EXK,2026-07-11T20:54:36Z,8.08,8.21,USD,yfinance
EXK,2026-07-13T22:58:53Z,7.84,8.1509,USD,yfinance
EXK,2026-07-14T23:00:23Z,8.08,7.83,USD,yfinance
EXK,2026-07-15T23:01:23Z,7.96,8.06,USD,yfinance
EXK,2026-07-16T23:00:45Z,7.49,7.9,USD,yfinance
EXK,2026-07-17T22:53:51Z,7.41,7.5361,USD,yfinance
EXK,2026-07-20T23:04:05Z,7.5,7.39,USD,yfinance
EXK,2026-07-21T23:01:25Z,8.2,7.4999,USD,yfinance
EXK,2026-07-22T23:08:06Z,8.34,8.17,USD,yfinance
EXK,2026-07-23T22:59:52Z,7.91,8.39,USD,yfinance
EXK,2026-07-24T23:04:27Z,7.82,8.0,USD,yfinance
EXK,2026-07-27T23:05:44Z,7.94,7.8,USD,yfinance
EXK,2026-07-28T23:03:10Z,7.75,7.82,USD,yfinance
EXK,2026-07-29T23:01:45Z,7.56,7.75,USD,yfinance
EXK,2026-07-30T23:11:21Z,7.77,7.7,USD,yfinance
EXK,2026-07-31T23:04:41Z,7.52,7.8,USD,yfinance
EXK,2026-08-03T23:04:36Z,7.73,7.48,USD,yfinance
EXK,2026-08-04T23:06:26Z,8.33,7.75,USD,yfinance
EXK,2026-08-05T23:03:13Z,8.96,8.393,USD,yfinance
EXK,2026-08-07T01:31:32Z,8.83,9.06,USD,yfinance
EXK,2026-08-07T22:39:30Z,9.54,8.87,USD,yfinance
EXK,2026-08-10T20:10:23Z,10.235,9.5244,USD,yfinance
EXK,2026-08-10T22:41:14Z,10.24,9.5244,USD,yfinance
EXK,2026-08-11T22:46:18Z,10.59,10.2893,USD,yfinance
EXK,2026-08-12T22:44:25Z,10.61,10.6,USD,yfinance
EXK,2026-08-13T16:00:18Z,10.26,10.5123,USD,yfinance
EXK,2026-08-13T22:45:37Z,10.31,10.5123,USD,yfinance
EXK,2026-08-14T22:26:56Z,10.66,10.31,USD,yfinance
EXK,2026-08-17T22:28:22Z,10.14,10.7567,USD,yfinance
EXK,2026-08-18T22:27:01Z,9.66,10.18,USD,yfinance
EXK,2026-08-19T22:28:23Z,10.99,9.6269,USD,yfinance
EXK,2026-08-20T22:31:19Z,10.97,10.99,USD,yfinance
EXK,2026-08-21T22:28:50Z,10.62,10.95,USD,yfinance
EXK,2026-08-24T22:29:53Z,10.76,10.61,USD,yfinance
EXK,2026-08-25T22:31:08Z,11.09,10.86,USD,yfinance
EXK,2026-08-27T03:01:11Z,10.89,11.12,USD,yfinance
EXK,2026-08-27T20:20:00Z,11.3,11.0,USD,yfinance
EXK,2026-08-27T22:02:24Z,11.3,11.0,USD,yfinance
EXK,2026-08-28T06:01:40Z,11.3,11.0,USD,yfinance
EXK,2026-08-28T22:02:35Z,10.76,11.2897,USD,yfinance
EXK,2026-08-29T03:35:32Z,10.76,11.2897,USD,yfinance
EXK,2026-08-31T22:02:11Z,10.71,10.67,USD,yfinance
EXK,2026-09-01T01:04:59Z,10.71,10.67,USD,yfinance
EXK,2026-09-01T22:02:19Z,10.24,10.68,USD,yfinance
EXK,2026-09-01T23:53:29Z,10.24,10.68,USD,yfinance
EXK,2026-09-02T04:00:12Z,10.24,10.68,USD,yfinance
EXK,2026-09-02T04:05:39Z,10.24,10.68,USD,yfinance
EXK,2026-09-02T22:02:19Z,11.13,10.37,USD,yfinance
EXK,2026-09-02T23:56:00Z,11.13,10.37,USD,yfinance
EXK,2026-09-03T22:02:17Z,11.47,11.11,USD,yfinance
EXK,2026-09-03T23:52:29Z,11.47,11.11,USD,yfinance
EXK,2026-09-04T22:02:42Z,11.12,11.453,USD,yfinance
FDN,2026-09-02T16:45:04Z,286.3,287.43,USD,yfinance
FDN,2026-09-02T22:04:04Z,287.39,287.43,USD,yfinance
FDN,2026-09-02T23:57:55Z,287.39,287.43,USD,yfinance
FDN,2026-09-03T22:04:01Z,293.42,290.72,USD,yfinance
FDN,2026-09-03T23:54:23Z,293.42,290.72,USD,yfinance
FDN,2026-09-04T22:05:00Z,290.87,293.2,USD,yfinance
FINX,2026-09-02T16:45:00Z,26.71,26.24,USD,yfinance
FINX,2026-09-02T22:04:00Z,26.804,26.24,USD,yfinance
FINX,2026-09-02T23:57:51Z,26.804,26.24,USD,yfinance
FINX,2026-09-03T22:03:58Z,27.9151,26.8,USD,yfinance
FINX,2026-09-03T23:54:19Z,27.9151,26.8,USD,yfinance
FINX,2026-09-04T22:04:55Z,27.45,27.92,USD,yfinance
FLEX,2026-06-18T18:51:13Z,145.07,144.9181,USD,yfinance
FLEX,2026-06-18T23:49:01Z,147.61,144.9181,USD,yfinance
FLEX,2026-06-19T23:02:19Z,147.61,144.9181,USD,yfinance
FLEX,2026-06-22T23:24:01Z,155.81,149.48,USD,yfinance
FLEX,2026-06-23T23:11:59Z,151.85,156.85,USD,yfinance
FLEX,2026-06-24T23:07:55Z,150.72,152.0,USD,yfinance
FLEX,2026-06-25T23:22:29Z,161.28,154.962,USD,yfinance
FLEX,2026-06-26T23:10:58Z,146.7,162.48,USD,yfinance
FLEX,2026-06-29T23:02:52Z,159.56,146.1006,USD,yfinance
FLEX,2026-06-30T23:17:49Z,162.07,160.0,USD,yfinance
FLEX,2026-07-01T23:19:40Z,153.53,161.56,USD,yfinance
FLEX,2026-07-02T23:12:01Z,136.855,153.4,USD,yfinance
FLEX,2026-07-03T23:08:27Z,136.86,153.4,USD,yfinance
FLEX,2026-07-06T23:12:20Z,138.65,138.65,USD,yfinance
FLEX,2026-07-07T23:05:48Z,131.52,138.65,USD,yfinance
FLEX,2026-07-08T23:11:45Z,133.37,131.117,USD,yfinance
FLEX,2026-07-09T23:15:22Z,139.94,133.75,USD,yfinance
FLEX,2026-07-10T23:02:14Z,135.8,141.0,USD,yfinance
FLEX,2026-07-11T20:54:19Z,135.8,141.0,USD,yfinance
FLEX,2026-07-13T22:58:37Z,129.5,136.0,USD,yfinance
FLEX,2026-07-14T23:00:06Z,132.24,128.2765,USD,yfinance
FLEX,2026-07-15T23:01:03Z,128.72,132.38,USD,yfinance
FLEX,2026-07-16T23:00:26Z,121.12,128.0,USD,yfinance
FLEX,2026-07-17T22:53:33Z,119.25,120.19,USD,yfinance
FLEX,2026-07-20T23:03:50Z,119.91,118.75,USD,yfinance
FLEX,2026-07-21T23:01:06Z,127.39,119.5,USD,yfinance
FLEX,2026-07-22T23:07:51Z,127.0,127.89,USD,yfinance
FLEX,2026-07-23T22:59:34Z,127.94,127.839,USD,yfinance
FLEX,2026-07-24T23:04:13Z,118.51,128.2,USD,yfinance
FLEX,2026-07-27T23:05:30Z,116.07,121.5799,USD,yfinance
FLEX,2026-07-28T23:02:56Z,113.28,119.0,USD,yfinance
FLEX,2026-07-29T23:01:31Z,103.02,118.0,USD,yfinance
FLEX,2026-07-30T23:11:05Z,111.91,104.8,USD,yfinance
FLEX,2026-07-31T23:04:25Z,113.75,113.9,USD,yfinance
FLEX,2026-08-03T23:04:22Z,117.45,113.0,USD,yfinance
FLEX,2026-08-04T23:06:11Z,126.71,121.0,USD,yfinance
FLEX,2026-08-05T23:02:58Z,121.88,126.0,USD,yfinance
FLEX,2026-08-07T01:31:18Z,122.65,122.49,USD,yfinance
FLEX,2026-08-07T22:39:16Z,121.35,122.5,USD,yfinance
FLEX,2026-08-10T20:10:08Z,119.7,121.56,USD,yfinance
FLEX,2026-08-10T22:40:55Z,119.7,121.56,USD,yfinance
FLEX,2026-08-11T22:46:01Z,122.41,119.27,USD,yfinance
FLEX,2026-08-12T22:44:06Z,124.53,122.29,USD,yfinance
FLEX,2026-08-13T16:00:00Z,126.31,125.1,USD,yfinance
FLEX,2026-08-13T22:45:23Z,124.3,125.1,USD,yfinance
FLEX,2026-08-14T22:26:41Z,126.16,125.5,USD,yfinance
FLEX,2026-08-17T22:28:07Z,130.0,126.0,USD,yfinance
FLEX,2026-08-18T22:26:46Z,120.24,130.5208,USD,yfinance
FLEX,2026-08-19T22:28:08Z,113.03,119.7263,USD,yfinance
FLEX,2026-08-20T22:31:02Z,110.32,114.75,USD,yfinance
FLEX,2026-08-21T22:28:33Z,110.45,110.69,USD,yfinance
FLEX,2026-08-24T22:29:35Z,106.65,112.0,USD,yfinance
FLEX,2026-08-25T22:30:51Z,109.25,106.5,USD,yfinance
FLEX,2026-08-27T03:00:54Z,111.82,109.3,USD,yfinance
FLEX,2026-08-27T20:19:41Z,115.3,113.9978,USD,yfinance
FLEX,2026-08-27T22:02:05Z,115.3,113.9978,USD,yfinance
FLEX,2026-08-28T06:01:19Z,115.3,113.9978,USD,yfinance
FLEX,2026-08-28T22:02:14Z,110.5,114.7654,USD,yfinance
FLEX,2026-08-29T03:35:11Z,110.5,114.7654,USD,yfinance
FLEX,2026-08-31T22:01:53Z,109.25,110.65,USD,yfinance
FLEX,2026-09-01T01:04:43Z,109.25,110.65,USD,yfinance
FLEX,2026-09-01T22:02:00Z,106.86,109.38,USD,yfinance
FLEX,2026-09-01T23:53:11Z,106.86,109.38,USD,yfinance
FLEX,2026-09-02T03:59:57Z,106.86,109.38,USD,yfinance
FLEX,2026-09-02T04:05:23Z,106.86,109.38,USD,yfinance
FLEX,2026-09-02T22:02:03Z,105.95,106.08,USD,yfinance
FLEX,2026-09-02T23:55:42Z,105.95,106.08,USD,yfinance
FLEX,2026-09-03T22:01:59Z,107.89,106.0497,USD,yfinance
FLEX,2026-09-03T23:52:09Z,107.89,106.0497,USD,yfinance
FLEX,2026-09-04T22:02:19Z,109.51,107.54,USD,yfinance
FN,2026-09-02T13:38:26Z,396.89,402.8,USD,yfinance
FN,2026-09-02T22:01:45Z,395.35,402.8,USD,yfinance
FN,2026-09-02T23:55:22Z,395.35,402.8,USD,yfinance
FN,2026-09-03T22:01:42Z,395.0,395.8,USD,yfinance
FN,2026-09-03T23:51:49Z,395.0,395.8,USD,yfinance
FN,2026-09-04T22:01:56Z,407.4,396.95,USD,yfinance
FNV,2026-06-18T18:51:33Z,219.88,227.74,USD,yfinance
FNV,2026-06-18T23:49:19Z,219.26,227.74,USD,yfinance
FNV,2026-06-19T23:02:37Z,219.26,227.74,USD,yfinance
FNV,2026-06-22T23:24:19Z,220.73,219.55,USD,yfinance
FNV,2026-06-23T23:12:21Z,213.92,222.26,USD,yfinance
FNV,2026-06-24T23:08:14Z,209.76,216.0,USD,yfinance
FNV,2026-06-25T23:22:48Z,210.0,212.0,USD,yfinance
FNV,2026-06-26T23:11:21Z,215.14,211.67,USD,yfinance
FNV,2026-06-29T23:03:15Z,207.26,218.8872,USD,yfinance
FNV,2026-06-30T23:18:11Z,208.44,208.6,USD,yfinance
FNV,2026-07-01T23:19:59Z,208.49,206.59,USD,yfinance
FNV,2026-07-02T23:12:20Z,217.58,213.0,USD,yfinance
FNV,2026-07-03T23:08:45Z,217.58,213.0,USD,yfinance
FNV,2026-07-06T23:12:40Z,212.77,217.7,USD,yfinance
FNV,2026-07-07T23:06:08Z,209.6,213.6,USD,yfinance
FNV,2026-07-08T23:12:03Z,203.66,208.3,USD,yfinance
FNV,2026-07-09T23:15:42Z,208.09,206.15,USD,yfinance
FNV,2026-07-10T23:02:35Z,205.52,209.0026,USD,yfinance
FNV,2026-07-11T20:54:39Z,205.52,209.0026,USD,yfinance
FNV,2026-07-13T22:58:55Z,200.49,205.5,USD,yfinance
FNV,2026-07-14T23:00:26Z,202.95,203.7,USD,yfinance
FNV,2026-07-15T23:01:27Z,202.55,204.95,USD,yfinance
FNV,2026-07-16T23:00:48Z,198.14,202.56,USD,yfinance
FNV,2026-07-17T22:53:54Z,200.77,201.0,USD,yfinance
FNV,2026-07-20T23:04:07Z,200.17,201.36,USD,yfinance
FNV,2026-07-21T23:01:28Z,207.4,200.17,USD,yfinance
FNV,2026-07-22T23:08:08Z,214.11,207.5,USD,yfinance
FNV,2026-07-23T22:59:56Z,214.22,214.65,USD,yfinance
FNV,2026-07-24T23:04:30Z,214.68,213.225,USD,yfinance
FNV,2026-07-27T23:05:47Z,214.43,213.5579,USD,yfinance
FNV,2026-07-28T23:03:12Z,210.6,215.42,USD,yfinance
FNV,2026-07-29T23:01:48Z,214.37,212.0,USD,yfinance
FNV,2026-07-30T23:11:24Z,221.36,214.64,USD,yfinance
FNV,2026-07-31T23:04:44Z,212.92,223.5353,USD,yfinance
FNV,2026-08-03T23:04:39Z,214.62,222.7525,USD,yfinance
FNV,2026-08-04T23:06:29Z,218.86,214.62,USD,yfinance
FNV,2026-08-05T23:03:15Z,226.55,221.0,USD,yfinance
FNV,2026-08-07T01:31:35Z,231.08,230.41,USD,yfinance
FNV,2026-08-07T22:39:33Z,238.65,231.74,USD,yfinance
FNV,2026-08-10T20:10:25Z,240.905,239.5,USD,yfinance
FNV,2026-08-10T22:41:18Z,240.9,239.5,USD,yfinance
FNV,2026-08-11T22:46:21Z,240.74,240.9,USD,yfinance
FNV,2026-08-12T22:44:28Z,235.94,235.95,USD,yfinance
FNV,2026-08-13T16:00:21Z,232.101,236.78,USD,yfinance
FNV,2026-08-13T22:45:40Z,231.57,236.78,USD,yfinance
FNV,2026-08-14T22:26:59Z,234.21,231.5057,USD,yfinance
FNV,2026-08-17T22:28:24Z,238.56,235.0,USD,yfinance
FNV,2026-08-18T22:27:04Z,232.96,239.5,USD,yfinance
FNV,2026-08-19T22:28:26Z,251.07,233.094,USD,yfinance
FNV,2026-08-20T22:31:21Z,258.14,253.77,USD,yfinance
FNV,2026-08-21T22:28:53Z,265.74,258.14,USD,yfinance
FNV,2026-08-24T22:29:56Z,270.13,267.245,USD,yfinance
FNV,2026-08-25T22:31:11Z,271.77,273.0,USD,yfinance
FNV,2026-08-27T03:01:14Z,267.37,271.29,USD,yfinance
FNV,2026-08-27T20:20:03Z,271.31,268.02,USD,yfinance
FNV,2026-08-27T22:02:27Z,271.31,268.02,USD,yfinance
FNV,2026-08-28T06:01:43Z,271.31,268.02,USD,yfinance
FNV,2026-08-28T22:02:38Z,266.16,273.59,USD,yfinance
FNV,2026-08-29T03:35:35Z,266.16,273.59,USD,yfinance
FNV,2026-08-31T22:02:13Z,263.15,272.44,USD,yfinance
FNV,2026-09-01T01:05:02Z,263.15,272.44,USD,yfinance
FNV,2026-09-01T22:02:22Z,255.42,262.6445,USD,yfinance
FNV,2026-09-01T23:53:31Z,255.42,262.6445,USD,yfinance
FNV,2026-09-02T04:00:15Z,255.42,262.6445,USD,yfinance
FNV,2026-09-02T04:05:42Z,255.42,262.6445,USD,yfinance
FNV,2026-09-02T22:02:22Z,259.71,255.42,USD,yfinance
FNV,2026-09-02T23:56:03Z,259.71,255.42,USD,yfinance
FNV,2026-09-03T22:02:20Z,270.31,259.71,USD,yfinance
FNV,2026-09-03T23:52:31Z,270.31,259.71,USD,yfinance
FNV,2026-09-04T22:02:45Z,266.18,270.66,USD,yfinance
FRVO,2026-09-01T17:16:59Z,19.76,15.42,USD,yfinance
FRVO,2026-09-01T22:01:59Z,19.75,15.42,USD,yfinance
FRVO,2026-09-01T23:53:10Z,19.75,15.42,USD,yfinance
FRVO,2026-09-02T03:59:55Z,19.75,15.42,USD,yfinance
FRVO,2026-09-02T04:05:21Z,19.75,15.42,USD,yfinance
FRVO,2026-09-02T22:02:02Z,17.98,19.6,USD,yfinance
FRVO,2026-09-02T23:55:40Z,17.98,19.6,USD,yfinance
FRVO,2026-09-03T17:30:32Z,17.07,18.65,USD,yfinance
FRVO,2026-09-03T22:01:58Z,17.16,18.65,USD,yfinance
FRVO,2026-09-03T23:52:07Z,17.16,18.65,USD,yfinance
FRVO,2026-09-04T22:02:17Z,18.16,17.1499,USD,yfinance
FTNT,2026-08-27T20:16:08Z,172.78,159.9,USD,yfinance
FTNT,2026-08-27T20:20:33Z,172.78,159.9,USD,yfinance
FTNT,2026-08-27T22:02:58Z,172.78,159.9,USD,yfinance
FTNT,2026-08-28T06:02:12Z,172.78,159.9,USD,yfinance
FTNT,2026-08-28T22:03:15Z,166.0,172.65,USD,yfinance
FTNT,2026-08-29T03:36:08Z,166.0,172.65,USD,yfinance
FTNT,2026-08-31T22:02:40Z,170.93,165.78,USD,yfinance
FTNT,2026-09-01T01:05:27Z,170.93,165.78,USD,yfinance
FTNT,2026-09-01T22:02:51Z,161.85,171.4941,USD,yfinance
FTNT,2026-09-01T23:53:59Z,161.85,171.4941,USD,yfinance
FTNT,2026-09-02T04:00:39Z,161.85,171.4941,USD,yfinance
FTNT,2026-09-02T04:06:08Z,161.85,171.4941,USD,yfinance
FTNT,2026-09-02T22:02:48Z,154.54,162.6589,USD,yfinance
FTNT,2026-09-02T23:56:32Z,154.54,162.6589,USD,yfinance
FTNT,2026-09-03T22:02:46Z,156.36,155.68,USD,yfinance
FTNT,2026-09-03T23:53:00Z,156.36,155.68,USD,yfinance
FTNT,2026-09-04T22:03:20Z,156.29,156.2,USD,yfinance
GC=F,2026-06-18T18:52:00Z,4239.7002,4339.6001,USD,yfinance
GC=F,2026-06-18T23:49:44Z,4216.3999,4339.6001,USD,yfinance
GC=F,2026-06-19T23:03:02Z,4172.8999,4339.6001,USD,yfinance
GC=F,2026-06-22T23:24:43Z,4209.2002,4189.6001,USD,yfinance
GC=F,2026-06-23T23:12:53Z,4118.3999,4162.2002,USD,yfinance
GC=F,2026-06-24T23:08:39Z,4012.8,4079.8999,USD,yfinance
GC=F,2026-06-25T23:23:14Z,4038.5,4012.3999,USD,yfinance
GC=F,2026-06-26T23:11:54Z,4103.0,4018.6001,USD,yfinance
GC=F,2026-06-29T23:03:46Z,4028.6001,4083.2,USD,yfinance
GC=F,2026-06-30T23:18:42Z,4029.7,3983.8,USD,yfinance
GC=F,2026-07-01T23:20:24Z,4053.6001,3992.8999,USD,yfinance
GC=F,2026-07-02T23:12:45Z,4137.7998,4082.3,USD,yfinance
GC=F,2026-07-03T23:09:10Z,4187.2998,4082.3,USD,yfinance
GC=F,2026-07-06T23:13:07Z,4176.2998,4177.0,USD,yfinance
GC=F,2026-07-07T23:06:34Z,4108.7002,4141.7998,USD,yfinance
GC=F,2026-07-08T23:12:30Z,4083.6001,4133.7002,USD,yfinance
GC=F,2026-07-09T23:16:11Z,4133.2998,4072.1001,USD,yfinance
GC=F,2026-07-10T23:03:02Z,4128.8999,4129.5,USD,yfinance
GC=F,2026-07-11T20:55:06Z,4104.1001,4129.5,USD,yfinance
GC=F,2026-07-13T22:59:20Z,4010.8999,4067.3999,USD,yfinance
GC=F,2026-07-14T23:00:55Z,4055.3,4022.6001,USD,yfinance
GC=F,2026-07-15T23:02:29Z,4064.8999,4037.8999,USD,yfinance
GC=F,2026-07-16T23:01:47Z,3978.3999,4040.7,USD,yfinance
GC=F,2026-07-17T22:54:48Z,4023.0,3995.7,USD,yfinance
GC=F,2026-07-20T23:04:52Z,4004.2,4027.8,USD,yfinance
GC=F,2026-07-21T23:02:24Z,4083.2,4050.8999,USD,yfinance
GC=F,2026-07-22T23:08:52Z,4127.0,4135.5,USD,yfinance
GC=F,2026-07-23T23:00:52Z,4052.8,4127.6001,USD,yfinance
GC=F,2026-07-24T23:05:13Z,4055.7,4031.1001,USD,yfinance
GC=F,2026-07-27T23:06:29Z,4076.1001,4092.5,USD,yfinance
GC=F,2026-07-28T23:03:55Z,4016.1001,4049.6001,USD,yfinance
GC=F,2026-07-29T23:02:33Z,4142.3999,4021.5,USD,yfinance
GC=F,2026-07-30T23:12:13Z,4169.3999,4114.1001,USD,yfinance
GC=F,2026-07-31T23:05:33Z,4098.6001,4133.1001,USD,yfinance
GC=F,2026-08-03T23:05:24Z,4107.3999,4120.0,USD,yfinance
GC=F,2026-08-04T23:07:14Z,4135.1001,4108.2002,USD,yfinance
GC=F,2026-08-05T23:03:59Z,4307.7998,4186.6001,USD,yfinance
GC=F,2026-08-07T01:32:20Z,4305.0,4324.8999,USD,yfinance
GC=F,2026-08-07T22:40:16Z,4401.2998,4322.7998,USD,yfinance
GC=F,2026-08-10T20:11:15Z,4448.2002,4387.7998,USD,yfinance
GC=F,2026-08-10T22:42:29Z,4451.5,4387.7998,USD,yfinance
GC=F,2026-08-11T22:47:24Z,4434.7002,4477.0,USD,yfinance
GC=F,2026-08-12T22:45:34Z,4458.5,4461.7998,USD,yfinance
GC=F,2026-08-13T16:01:18Z,4426.7998,4458.2998,USD,yfinance
GC=F,2026-08-13T22:46:32Z,4414.7002,4458.2998,USD,yfinance
GC=F,2026-08-14T22:28:02Z,4432.0,4379.6001,USD,yfinance
GC=F,2026-08-17T22:29:26Z,4472.1001,4453.7002,USD,yfinance
GC=F,2026-08-18T22:28:05Z,4392.8999,4448.1001,USD,yfinance
GC=F,2026-08-19T22:29:35Z,4577.7002,4409.0,USD,yfinance
GC=F,2026-08-20T22:32:36Z,4574.2998,4555.7002,USD,yfinance
GC=F,2026-08-21T22:30:15Z,4661.6001,4590.8999,USD,yfinance
GC=F,2026-08-24T22:31:09Z,4715.3999,4698.2002,USD,yfinance
GC=F,2026-08-25T22:32:25Z,4722.6001,4688.2998,USD,yfinance
GC=F,2026-08-27T03:02:26Z,4682.8999,4701.1001,USD,yfinance
GC=F,2026-08-27T20:21:36Z,4659.3999,4679.0,USD,yfinance
GC=F,2026-08-27T22:04:03Z,4654.7998,4679.0,USD,yfinance
GC=F,2026-08-28T06:03:14Z,4627.2002,4648.0,USD,yfinance
GC=F,2026-08-28T22:04:26Z,4504.1001,4631.3999,USD,yfinance
GC=F,2026-08-29T03:37:16Z,4504.1001,4631.3999,USD,yfinance
GC=F,2026-08-31T22:03:37Z,4497.2998,4472.0,USD,yfinance
GC=F,2026-09-01T01:06:21Z,4505.0,4472.0,USD,yfinance
GC=F,2026-09-01T22:03:58Z,4375.7002,4487.0,USD,yfinance
GC=F,2026-09-01T23:55:04Z,4379.5,4487.0,USD,yfinance
GC=F,2026-09-02T04:01:36Z,4344.6,4487.0,USD,yfinance
GC=F,2026-09-02T04:07:09Z,4348.9,4487.0,USD,yfinance
GC=F,2026-09-02T22:05:23Z,4434.2998,4348.7998,USD,yfinance
GC=F,2026-09-02T23:59:22Z,4432.7998,4348.7998,USD,yfinance
GC=F,2026-09-03T22:05:22Z,4520.2998,4477.1001,USD,yfinance
GC=F,2026-09-03T23:55:49Z,4523.2002,4477.1001,USD,yfinance
GC=F,2026-09-04T22:06:43Z,4477.2002,4513.7998,USD,yfinance
GDX,2026-06-18T18:51:39Z,82.35,84.86,USD,yfinance
GDX,2026-06-18T23:49:24Z,82.51,84.86,USD,yfinance
GDX,2026-06-19T23:02:42Z,82.51,84.86,USD,yfinance
GDX,2026-06-22T23:24:24Z,81.44,82.31,USD,yfinance
GDX,2026-06-23T23:12:28Z,77.66,81.3,USD,yfinance
GDX,2026-06-24T23:08:19Z,74.59,77.75,USD,yfinance
GDX,2026-06-25T23:22:54Z,75.67,75.55,USD,yfinance
GDX,2026-06-26T23:11:28Z,77.0,75.79,USD,yfinance
GDX,2026-06-29T23:03:22Z,75.68,77.1501,USD,yfinance
GDX,2026-06-30T23:18:18Z,75.45,75.85,USD,yfinance
GDX,2026-07-01T23:20:04Z,75.07,74.82,USD,yfinance
GDX,2026-07-02T23:12:25Z,78.43,75.06,USD,yfinance
GDX,2026-07-03T23:08:50Z,78.43,75.06,USD,yfinance
GDX,2026-07-06T23:12:46Z,78.74,78.654,USD,yfinance
GDX,2026-07-07T23:06:13Z,75.76,78.98,USD,yfinance
GDX,2026-07-08T23:12:09Z,73.53,75.4514,USD,yfinance
GDX,2026-07-09T23:15:48Z,75.78,73.33,USD,yfinance
GDX,2026-07-10T23:02:40Z,75.53,75.8501,USD,yfinance
GDX,2026-07-11T20:54:45Z,75.53,75.8501,USD,yfinance
GDX,2026-07-13T22:59:00Z,73.37,75.6243,USD,yfinance
GDX,2026-07-14T23:00:32Z,74.88,73.296,USD,yfinance
GDX,2026-07-15T23:01:34Z,74.0,75.11,USD,yfinance
GDX,2026-07-16T23:00:55Z,71.4,74.27,USD,yfinance
GDX,2026-07-17T22:54:00Z,71.32,71.4059,USD,yfinance
GDX,2026-07-20T23:04:13Z,70.74,71.42,USD,yfinance
GDX,2026-07-21T23:01:34Z,74.19,70.75,USD,yfinance
GDX,2026-07-22T23:08:14Z,76.68,74.38,USD,yfinance
GDX,2026-07-23T23:00:02Z,75.02,76.68,USD,yfinance
GDX,2026-07-24T23:04:35Z,75.23,75.06,USD,yfinance
GDX,2026-07-27T23:05:52Z,75.73,75.53,USD,yfinance
GDX,2026-07-28T23:03:17Z,74.21,75.73,USD,yfinance
GDX,2026-07-29T23:01:53Z,73.57,74.26,USD,yfinance
GDX,2026-07-30T23:11:29Z,76.78,74.92,USD,yfinance
GDX,2026-07-31T23:04:50Z,74.1,76.7131,USD,yfinance
GDX,2026-08-03T23:04:44Z,76.05,73.88,USD,yfinance
GDX,2026-08-04T23:06:34Z,77.92,75.85,USD,yfinance
GDX,2026-08-05T23:03:20Z,83.68,77.82,USD,yfinance
GDX,2026-08-07T01:31:40Z,83.92,84.71,USD,yfinance
GDX,2026-08-07T22:39:38Z,89.89,84.25,USD,yfinance
GDX,2026-08-10T20:10:30Z,90.48,90.6,USD,yfinance
GDX,2026-08-10T22:41:25Z,90.49,90.6,USD,yfinance
GDX,2026-08-11T22:46:27Z,90.12,90.63,USD,yfinance
GDX,2026-08-12T22:44:35Z,90.96,89.7,USD,yfinance
GDX,2026-08-13T16:00:26Z,88.05,90.9,USD,yfinance
GDX,2026-08-13T22:45:45Z,88.27,90.9,USD,yfinance
GDX,2026-08-14T22:27:04Z,89.97,88.18,USD,yfinance
GDX,2026-08-17T22:28:29Z,91.89,90.28,USD,yfinance
GDX,2026-08-18T22:27:09Z,88.95,92.25,USD,yfinance
GDX,2026-08-19T22:28:32Z,97.33,88.73,USD,yfinance
GDX,2026-08-20T22:31:27Z,99.85,97.27,USD,yfinance
GDX,2026-08-21T22:28:59Z,102.83,99.7,USD,yfinance
GDX,2026-08-24T22:30:01Z,103.54,102.81,USD,yfinance
GDX,2026-08-25T22:31:16Z,105.52,104.1514,USD,yfinance
GDX,2026-08-27T03:01:19Z,102.42,105.59,USD,yfinance
GDX,2026-08-27T20:20:09Z,103.69,103.48,USD,yfinance
GDX,2026-08-27T22:02:34Z,103.69,103.48,USD,yfinance
GDX,2026-08-28T06:01:48Z,103.69,103.48,USD,yfinance
GDX,2026-08-28T22:02:44Z,99.65,103.49,USD,yfinance
GDX,2026-08-29T03:35:41Z,99.65,103.49,USD,yfinance
GDX,2026-08-31T22:02:18Z,98.51,99.4499,USD,yfinance
GDX,2026-09-01T01:05:07Z,98.51,99.4499,USD,yfinance
GDX,2026-09-01T22:02:28Z,94.67,98.4268,USD,yfinance
GDX,2026-09-01T23:53:37Z,94.67,98.4268,USD,yfinance
GDX,2026-09-02T04:00:19Z,94.67,98.4268,USD,yfinance
GDX,2026-09-02T04:05:47Z,94.67,98.4268,USD,yfinance
GDX,2026-09-02T22:02:27Z,97.63,95.35,USD,yfinance
GDX,2026-09-02T23:56:09Z,97.63,95.35,USD,yfinance
GDX,2026-09-03T22:02:25Z,101.49,97.73,USD,yfinance
GDX,2026-09-03T23:52:37Z,101.49,97.73,USD,yfinance
GDX,2026-09-04T22:02:52Z,99.26,101.56,USD,yfinance
GDXJ,2026-06-18T18:50:34Z,107.12,110.9,USD,yfinance
GDXJ,2026-06-18T23:48:26Z,107.22,110.9,USD,yfinance
GDXJ,2026-06-19T23:01:44Z,107.22,110.9,USD,yfinance
GDXJ,2026-06-22T23:23:27Z,106.12,107.293,USD,yfinance
GDXJ,2026-06-23T23:11:15Z,100.56,105.67,USD,yfinance
GDXJ,2026-06-24T23:07:20Z,96.08,100.77,USD,yfinance
GDXJ,2026-06-25T23:21:54Z,97.9,97.4721,USD,yfinance
GDXJ,2026-06-26T23:10:13Z,100.29,97.96,USD,yfinance
GDXJ,2026-06-29T23:02:08Z,98.92,100.94,USD,yfinance
GDXJ,2026-06-30T23:17:05Z,98.25,99.2,USD,yfinance
GDXJ,2026-07-01T23:19:04Z,98.05,97.85,USD,yfinance
GDXJ,2026-07-02T23:11:26Z,102.91,98.05,USD,yfinance
GDXJ,2026-07-03T23:07:51Z,102.91,98.05,USD,yfinance
GDXJ,2026-07-06T23:11:43Z,103.91,103.2723,USD,yfinance
GDXJ,2026-07-07T23:05:09Z,98.93,104.05,USD,yfinance
GDXJ,2026-07-08T23:11:09Z,95.6,98.75,USD,yfinance
GDXJ,2026-07-09T23:14:41Z,99.0,95.46,USD,yfinance
GDXJ,2026-07-10T23:01:35Z,98.88,98.78,USD,yfinance
GDXJ,2026-07-11T20:53:42Z,98.88,98.78,USD,yfinance
GDXJ,2026-07-13T22:58:02Z,95.4,98.83,USD,yfinance
GDXJ,2026-07-14T22:59:26Z,98.37,95.46,USD,yfinance
GDXJ,2026-07-15T23:01:36Z,96.55,98.6,USD,yfinance
GDXJ,2026-07-16T23:00:57Z,92.65,96.95,USD,yfinance
GDXJ,2026-07-17T22:54:02Z,92.2,92.48,USD,yfinance
GDXJ,2026-07-20T23:04:14Z,91.66,92.2,USD,yfinance
GDXJ,2026-07-21T23:01:36Z,97.09,91.49,USD,yfinance
GDXJ,2026-07-22T23:08:15Z,100.56,97.3,USD,yfinance
GDXJ,2026-07-23T23:00:04Z,97.6,100.8164,USD,yfinance
GDXJ,2026-07-24T23:04:36Z,97.8,97.6,USD,yfinance
GDXJ,2026-07-27T23:05:53Z,99.0,98.19,USD,yfinance
GDXJ,2026-07-28T23:03:18Z,96.78,99.1144,USD,yfinance
GDXJ,2026-07-29T23:01:54Z,94.98,96.69,USD,yfinance
GDXJ,2026-07-30T23:11:31Z,99.04,97.75,USD,yfinance
GDXJ,2026-07-31T23:04:51Z,95.39,99.0,USD,yfinance
GDXJ,2026-08-03T23:04:45Z,98.67,95.11,USD,yfinance
GDXJ,2026-08-04T23:06:35Z,101.92,98.39,USD,yfinance
GDXJ,2026-08-05T23:03:21Z,109.48,101.38,USD,yfinance
GDXJ,2026-08-07T01:31:41Z,109.4,110.3,USD,yfinance
GDXJ,2026-08-07T22:39:39Z,117.62,109.59,USD,yfinance
GDXJ,2026-08-10T20:10:31Z,118.775,117.6201,USD,yfinance
GDXJ,2026-08-10T22:41:26Z,118.78,117.6201,USD,yfinance
GDXJ,2026-08-11T22:46:29Z,118.6,118.66,USD,yfinance
GDXJ,2026-08-12T22:44:36Z,119.49,118.35,USD,yfinance
GDXJ,2026-08-13T16:00:28Z,115.47,119.53,USD,yfinance
GDXJ,2026-08-13T22:45:46Z,115.89,119.53,USD,yfinance
GDXJ,2026-08-14T22:27:05Z,118.09,115.812,USD,yfinance
GDXJ,2026-08-17T22:28:31Z,120.38,118.29,USD,yfinance
GDXJ,2026-08-18T22:27:10Z,115.42,120.61,USD,yfinance
GDXJ,2026-08-19T22:28:33Z,126.55,115.16,USD,yfinance
GDXJ,2026-08-20T22:31:28Z,129.14,126.5728,USD,yfinance
GDXJ,2026-08-21T22:29:01Z,132.59,128.92,USD,yfinance
GDXJ,2026-08-24T22:30:02Z,133.58,132.52,USD,yfinance
GDXJ,2026-08-25T22:31:18Z,135.9,134.17,USD,yfinance
GDXJ,2026-08-27T03:01:21Z,132.86,135.75,USD,yfinance
GDXJ,2026-08-27T20:20:10Z,134.79,134.8946,USD,yfinance
GDXJ,2026-08-27T22:02:35Z,134.79,134.8946,USD,yfinance
GDXJ,2026-08-28T06:01:49Z,134.79,134.8946,USD,yfinance
GDXJ,2026-08-28T22:02:46Z,128.8,134.55,USD,yfinance
GDXJ,2026-08-29T03:35:43Z,128.8,134.55,USD,yfinance
GDXJ,2026-08-31T22:02:20Z,127.93,128.88,USD,yfinance
GDXJ,2026-09-01T01:05:08Z,127.93,128.88,USD,yfinance
GDXJ,2026-09-01T22:02:29Z,122.28,128.11,USD,yfinance
GDXJ,2026-09-01T23:53:39Z,122.28,128.11,USD,yfinance
GDXJ,2026-09-02T04:00:21Z,122.28,128.11,USD,yfinance
GDXJ,2026-09-02T04:05:48Z,122.28,128.11,USD,yfinance
GDXJ,2026-09-02T22:02:28Z,128.05,123.3,USD,yfinance
GDXJ,2026-09-02T23:56:10Z,128.05,123.3,USD,yfinance
GDXJ,2026-09-03T22:02:26Z,132.33,128.14,USD,yfinance
GDXJ,2026-09-03T23:52:38Z,132.33,128.14,USD,yfinance
GDXJ,2026-09-04T22:02:54Z,129.03,132.34,USD,yfinance
GEV,2026-06-18T18:51:08Z,1097.28,1059.0,USD,yfinance
GEV,2026-06-18T23:48:55Z,1109.73,1059.0,USD,yfinance
GEV,2026-06-19T23:02:14Z,1109.73,1059.0,USD,yfinance
GEV,2026-06-22T23:23:56Z,1127.59,1112.88,USD,yfinance
GEV,2026-06-23T23:11:52Z,1034.98,1128.84,USD,yfinance
GEV,2026-06-24T23:07:50Z,1057.65,1039.112,USD,yfinance
GEV,2026-06-25T23:22:24Z,1085.47,1080.1,USD,yfinance
GEV,2026-06-26T23:10:52Z,1045.17,1084.8,USD,yfinance
GEV,2026-06-29T23:02:45Z,1102.51,1046.4,USD,yfinance
GEV,2026-06-30T23:17:42Z,1174.86,1103.5001,USD,yfinance
GEV,2026-07-01T23:19:34Z,1134.35,1177.0,USD,yfinance
GEV,2026-07-02T23:11:56Z,1113.11,1135.0,USD,yfinance
GEV,2026-07-03T23:08:21Z,1113.11,1135.0,USD,yfinance
GEV,2026-07-06T23:12:15Z,1152.04,1117.12,USD,yfinance
GEV,2026-07-07T23:05:42Z,1077.08,1150.98,USD,yfinance
GEV,2026-07-08T23:11:39Z,1070.99,1068.71,USD,yfinance
GEV,2026-07-09T23:15:16Z,1075.26,1073.9,USD,yfinance
GEV,2026-07-10T23:02:09Z,1091.5699,1079.4354,USD,yfinance
GEV,2026-07-11T20:54:14Z,1091.5699,1079.4354,USD,yfinance
GEV,2026-07-13T22:58:32Z,1042.6,1093.0,USD,yfinance
GEV,2026-07-14T23:00:00Z,1066.01,1037.2,USD,yfinance
GEV,2026-07-15T23:00:56Z,1055.28,1069.01,USD,yfinance
GEV,2026-07-16T23:00:19Z,1036.22,1053.6182,USD,yfinance
GEV,2026-07-17T22:53:26Z,1057.84,1023.06,USD,yfinance
GEV,2026-07-20T23:03:44Z,1079.1801,1058.204,USD,yfinance
GEV,2026-07-21T23:01:00Z,1078.8101,1080.38,USD,yfinance
GEV,2026-07-22T23:07:46Z,985.03,1089.626,USD,yfinance
GEV,2026-07-23T22:59:28Z,1031.1899,1001.81,USD,yfinance
GEV,2026-07-24T23:04:08Z,1014.75,1029.768,USD,yfinance
GEV,2026-07-27T23:05:25Z,996.57,1014.72,USD,yfinance
GEV,2026-07-28T23:02:51Z,943.38,988.0,USD,yfinance
GEV,2026-07-29T23:01:25Z,900.28,946.0,USD,yfinance
GEV,2026-07-30T23:10:59Z,981.98,904.81,USD,yfinance
GEV,2026-07-31T23:04:19Z,990.29,992.94,USD,yfinance
GEV,2026-08-03T23:04:16Z,1006.76,985.14,USD,yfinance
GEV,2026-08-04T23:06:06Z,1018.53,1012.0,USD,yfinance
GEV,2026-08-05T23:02:53Z,1017.96,1020.0,USD,yfinance
GEV,2026-08-07T01:31:12Z,1000.3,1019.0,USD,yfinance
GEV,2026-08-07T22:39:11Z,990.32,1008.0,USD,yfinance
GEV,2026-08-10T20:10:04Z,990.495,990.0,USD,yfinance
GEV,2026-08-10T22:40:48Z,990.85,990.0,USD,yfinance
GEV,2026-08-11T22:45:54Z,1011.88,988.13,USD,yfinance
GEV,2026-08-12T22:44:00Z,1039.9,1013.0,USD,yfinance
GEV,2026-08-13T15:59:54Z,1032.9075,1040.71,USD,yfinance
GEV,2026-08-13T22:45:17Z,1049.42,1040.71,USD,yfinance
GEV,2026-08-14T22:26:36Z,1063.25,1050.3,USD,yfinance
GEV,2026-08-17T22:28:01Z,1079.0,1062.86,USD,yfinance
GEV,2026-08-18T22:26:41Z,1004.53,1080.6,USD,yfinance
GEV,2026-08-19T22:28:03Z,987.46,1006.2166,USD,yfinance
GEV,2026-08-20T22:30:56Z,966.01,990.37,USD,yfinance
GEV,2026-08-21T22:28:27Z,956.85,964.1,USD,yfinance
GEV,2026-08-24T22:29:30Z,942.1,957.295,USD,yfinance
GEV,2026-08-25T22:30:45Z,926.73,940.4,USD,yfinance
GEV,2026-08-27T03:00:49Z,953.09,927.0,USD,yfinance
GEV,2026-08-27T20:19:35Z,953.83,975.01,USD,yfinance
GEV,2026-08-27T22:01:59Z,953.83,975.01,USD,yfinance
GEV,2026-08-28T06:01:14Z,953.83,975.01,USD,yfinance
GEV,2026-08-28T22:02:07Z,911.93,949.72,USD,yfinance
GEV,2026-08-29T03:35:05Z,911.93,949.72,USD,yfinance
GEV,2026-08-31T22:01:47Z,898.53,914.0945,USD,yfinance
GEV,2026-09-01T01:04:39Z,898.53,914.0945,USD,yfinance
GEV,2026-09-01T22:01:53Z,898.53,898.95,USD,yfinance
GEV,2026-09-01T23:53:04Z,898.53,898.95,USD,yfinance
GEV,2026-09-02T03:59:51Z,898.53,898.95,USD,yfinance
GEV,2026-09-02T04:05:16Z,898.53,898.95,USD,yfinance
GEV,2026-09-02T22:01:57Z,921.94,895.0367,USD,yfinance
GEV,2026-09-02T23:55:35Z,921.94,895.0367,USD,yfinance
GEV,2026-09-03T22:01:53Z,941.84,922.4,USD,yfinance
GEV,2026-09-03T23:52:02Z,941.84,922.4,USD,yfinance
GEV,2026-09-04T22:02:11Z,941.95,941.87,USD,yfinance
GLD,2026-06-18T17:48:06Z,387.975,392.71,USD,yfinance
GLD,2026-06-18T18:02:35Z,388.0901,392.71,USD,yfinance
GLD,2026-06-18T18:51:59Z,387.42,392.71,USD,yfinance
GLD,2026-06-18T23:49:42Z,387.12,392.71,USD,yfinance
GLD,2026-06-19T23:03:01Z,387.12,392.71,USD,yfinance
GLD,2026-06-22T23:24:42Z,384.59,384.29,USD,yfinance
GLD,2026-06-23T23:12:51Z,377.32,384.3,USD,yfinance
GLD,2026-06-24T23:08:38Z,365.92,376.27,USD,yfinance
GLD,2026-06-25T23:23:13Z,369.46,368.16,USD,yfinance
GLD,2026-06-26T23:11:52Z,373.63,368.44,USD,yfinance
GLD,2026-06-29T23:03:45Z,368.58,374.98,USD,yfinance
GLD,2026-06-30T23:18:41Z,368.38,368.48,USD,yfinance
GLD,2026-07-01T23:20:23Z,370.6,367.5,USD,yfinance
GLD,2026-07-02T23:12:44Z,378.13,370.2784,USD,yfinance
GLD,2026-07-03T23:09:09Z,378.13,370.2784,USD,yfinance
GLD,2026-07-06T23:13:06Z,382.13,378.5,USD,yfinance
GLD,2026-07-07T23:06:33Z,377.49,381.44,USD,yfinance
GLD,2026-07-08T23:12:28Z,374.45,375.71,USD,yfinance
GLD,2026-07-09T23:16:09Z,378.18,374.16,USD,yfinance
GLD,2026-07-10T23:03:01Z,377.01,378.52,USD,yfinance
GLD,2026-07-11T20:55:04Z,377.01,378.52,USD,yfinance
GLD,2026-07-13T22:59:19Z,367.13,377.898,USD,yfinance
GLD,2026-07-14T23:00:54Z,372.15,367.2114,USD,yfinance
GLD,2026-07-15T23:02:27Z,372.35,371.5,USD,yfinance
GLD,2026-07-16T23:01:45Z,364.96,372.34,USD,yfinance
GLD,2026-07-17T22:54:46Z,368.41,365.68,USD,yfinance
GLD,2026-07-20T23:04:50Z,367.6,368.21,USD,yfinance
GLD,2026-07-21T23:02:22Z,374.81,367.61,USD,yfinance
GLD,2026-07-22T23:08:51Z,379.12,374.47,USD,yfinance
GLD,2026-07-23T23:00:50Z,371.52,379.11,USD,yfinance
GLD,2026-07-24T23:05:12Z,371.9,371.34,USD,yfinance
GLD,2026-07-27T23:06:28Z,374.63,372.4606,USD,yfinance
GLD,2026-07-28T23:03:53Z,369.37,373.64,USD,yfinance
GLD,2026-07-29T23:02:31Z,371.08,369.01,USD,yfinance
GLD,2026-07-30T23:12:12Z,377.16,374.3483,USD,yfinance
GLD,2026-07-31T23:05:31Z,371.54,376.87,USD,yfinance
GLD,2026-08-03T23:05:23Z,371.71,371.1,USD,yfinance
GLD,2026-08-04T23:07:12Z,374.16,371.87,USD,yfinance
GLD,2026-08-05T23:03:58Z,389.64,373.5085,USD,yfinance
GLD,2026-08-07T01:32:18Z,389.67,392.56,USD,yfinance
GLD,2026-08-07T22:40:15Z,398.47,390.0,USD,yfinance
GLD,2026-08-10T20:11:14Z,402.62,399.86,USD,yfinance
GLD,2026-08-10T22:42:27Z,402.54,399.86,USD,yfinance
GLD,2026-08-11T22:47:23Z,400.96,403.7733,USD,yfinance
GLD,2026-08-12T22:45:33Z,404.92,400.96,USD,yfinance
GLD,2026-08-13T16:01:17Z,400.19,404.66,USD,yfinance
GLD,2026-08-13T22:46:30Z,398.96,404.66,USD,yfinance
GLD,2026-08-14T22:28:01Z,401.48,399.5879,USD,yfinance
GLD,2026-08-17T22:29:25Z,405.49,401.84,USD,yfinance
GLD,2026-08-18T22:28:04Z,398.55,405.9,USD,yfinance
GLD,2026-08-19T22:29:34Z,413.84,397.3,USD,yfinance
GLD,2026-08-20T22:32:35Z,415.26,413.6,USD,yfinance
GLD,2026-08-21T22:30:13Z,423.36,415.12,USD,yfinance
GLD,2026-08-24T22:31:08Z,426.69,423.15,USD,yfinance
GLD,2026-08-25T22:32:24Z,428.07,429.0465,USD,yfinance
GLD,2026-08-27T03:02:25Z,421.32,427.0,USD,yfinance
GLD,2026-08-27T20:21:34Z,422.6,423.82,USD,yfinance
GLD,2026-08-27T22:04:01Z,422.6,423.82,USD,yfinance
GLD,2026-08-28T06:03:12Z,422.6,423.82,USD,yfinance
GLD,2026-08-28T22:04:25Z,408.89,421.2225,USD,yfinance
GLD,2026-08-29T03:37:15Z,408.89,421.2225,USD,yfinance
GLD,2026-08-31T22:03:36Z,408.42,409.23,USD,yfinance
GLD,2026-09-01T01:06:19Z,408.42,409.23,USD,yfinance
GLD,2026-09-01T22:03:56Z,396.75,408.18,USD,yfinance
GLD,2026-09-01T23:55:03Z,396.75,408.18,USD,yfinance
GLD,2026-09-02T04:01:35Z,396.75,408.18,USD,yfinance
GLD,2026-09-02T04:07:08Z,396.75,408.18,USD,yfinance
GLD,2026-09-02T22:05:21Z,402.78,396.4,USD,yfinance
GLD,2026-09-02T23:59:20Z,402.78,396.4,USD,yfinance
GLD,2026-09-03T22:05:21Z,410.22,402.0,USD,yfinance
GLD,2026-09-03T23:55:48Z,410.22,402.0,USD,yfinance
GLD,2026-09-04T22:06:41Z,406.77,410.87,USD,yfinance
GLW,2026-06-18T18:50:58Z,192.74,177.79,USD,yfinance
GLW,2026-06-18T23:48:48Z,194.92,177.79,USD,yfinance
GLW,2026-06-19T23:02:06Z,194.92,177.79,USD,yfinance
GLW,2026-06-22T23:23:49Z,209.83,194.92,USD,yfinance
GLW,2026-06-23T23:11:43Z,194.07,209.6,USD,yfinance
GLW,2026-06-24T23:07:42Z,205.83,194.19,USD,yfinance
GLW,2026-06-25T23:22:16Z,228.01,215.69,USD,yfinance
GLW,2026-06-26T23:10:42Z,221.05,229.8,USD,yfinance
GLW,2026-06-29T23:02:36Z,255.69,220.22,USD,yfinance
GLW,2026-06-30T23:17:33Z,255.43,256.37,USD,yfinance
GLW,2026-07-01T23:19:27Z,220.63,253.4847,USD,yfinance
GLW,2026-07-02T23:11:48Z,196.79,220.0,USD,yfinance
GLW,2026-07-03T23:08:14Z,196.79,220.0,USD,yfinance
GLW,2026-07-06T23:12:07Z,194.8,198.18,USD,yfinance
GLW,2026-07-07T23:05:34Z,185.38,192.3695,USD,yfinance
GLW,2026-07-08T23:11:32Z,184.03,182.265,USD,yfinance
GLW,2026-07-09T23:15:07Z,192.38,186.97,USD,yfinance
GLW,2026-07-10T23:02:00Z,190.89,195.56,USD,yfinance
GLW,2026-07-11T20:54:06Z,190.89,195.56,USD,yfinance
GLW,2026-07-13T22:58:24Z,183.11,191.0,USD,yfinance
GLW,2026-07-14T22:59:52Z,187.64,180.16,USD,yfinance
GLW,2026-07-15T23:00:46Z,174.41,188.484,USD,yfinance
GLW,2026-07-16T23:00:10Z,158.39,173.4,USD,yfinance
GLW,2026-07-17T22:53:19Z,154.61,155.63,USD,yfinance
GLW,2026-07-20T23:03:38Z,153.1,154.0,USD,yfinance
GLW,2026-07-21T23:00:52Z,162.41,153.39,USD,yfinance
GLW,2026-07-22T23:07:39Z,154.06,164.12,USD,yfinance
GLW,2026-07-23T22:59:20Z,156.06,155.65,USD,yfinance
GLW,2026-07-24T23:04:01Z,146.65,156.1889,USD,yfinance
GLW,2026-07-27T23:05:19Z,143.36,145.08,USD,yfinance
GLW,2026-07-28T23:02:45Z,126.01,142.2,USD,yfinance
GLW,2026-07-29T23:01:19Z,124.05,126.98,USD,yfinance
GLW,2026-07-30T23:10:52Z,135.22,123.6909,USD,yfinance
GLW,2026-07-31T23:04:12Z,138.25,139.3449,USD,yfinance
GLW,2026-08-03T23:04:10Z,146.64,136.96,USD,yfinance
GLW,2026-08-04T23:05:59Z,159.89,150.33,USD,yfinance
GLW,2026-08-05T23:02:47Z,156.7,159.425,USD,yfinance
GLW,2026-08-07T01:31:06Z,157.18,155.01,USD,yfinance
GLW,2026-08-07T22:39:04Z,165.68,161.24,USD,yfinance
GLW,2026-08-10T20:09:58Z,157.7,167.8,USD,yfinance
GLW,2026-08-10T22:40:40Z,157.76,167.8,USD,yfinance
GLW,2026-08-11T22:45:47Z,159.19,157.529,USD,yfinance
GLW,2026-08-12T22:43:52Z,167.44,160.3955,USD,yfinance
GLW,2026-08-13T15:59:47Z,165.0,167.82,USD,yfinance
GLW,2026-08-13T22:45:11Z,158.54,167.82,USD,yfinance
GLW,2026-08-14T22:26:29Z,165.99,160.12,USD,yfinance
GLW,2026-08-17T22:27:55Z,173.21,166.4,USD,yfinance
GLW,2026-08-18T22:26:34Z,159.9,173.25,USD,yfinance
GLW,2026-08-19T22:27:57Z,152.46,158.16,USD,yfinance
GLW,2026-08-20T22:30:49Z,151.45,153.32,USD,yfinance
GLW,2026-08-21T22:28:20Z,149.84,151.65,USD,yfinance
GLW,2026-08-24T22:29:23Z,145.55,149.76,USD,yfinance
GLW,2026-08-25T22:30:39Z,147.16,144.3898,USD,yfinance
GLW,2026-08-27T03:00:43Z,152.78,146.98,USD,yfinance
GLW,2026-08-27T20:19:28Z,152.79,157.5,USD,yfinance
GLW,2026-08-27T22:01:52Z,152.8,157.5,USD,yfinance
GLW,2026-08-28T06:01:07Z,152.8,157.5,USD,yfinance
GLW,2026-08-28T22:01:59Z,148.98,151.969,USD,yfinance
GLW,2026-08-29T03:34:57Z,148.98,151.969,USD,yfinance
GLW,2026-08-31T22:01:41Z,148.73,148.64,USD,yfinance
GLW,2026-09-01T01:04:33Z,148.73,148.64,USD,yfinance
GLW,2026-09-01T22:01:46Z,145.56,148.39,USD,yfinance
GLW,2026-09-01T23:52:58Z,145.56,148.39,USD,yfinance
GLW,2026-09-02T03:59:45Z,145.56,148.39,USD,yfinance
GLW,2026-09-02T04:05:10Z,145.56,148.39,USD,yfinance
GLW,2026-09-02T22:01:47Z,144.13,144.49,USD,yfinance
GLW,2026-09-02T23:55:24Z,144.13,144.49,USD,yfinance
GLW,2026-09-03T22:01:43Z,146.0,143.74,USD,yfinance
GLW,2026-09-03T23:51:51Z,146.0,143.74,USD,yfinance
GLW,2026-09-04T22:01:58Z,154.3,146.0,USD,yfinance
GOLD,2026-06-18T18:51:18Z,41.86,42.6,USD,yfinance
GOLD,2026-06-18T23:49:05Z,42.25,42.6,USD,yfinance
GOLD,2026-06-19T23:02:23Z,42.25,42.6,USD,yfinance
GOLD,2026-06-22T23:24:05Z,41.81,42.65,USD,yfinance
GOLD,2026-06-23T23:12:04Z,42.38,42.0,USD,yfinance
GOLD,2026-06-24T23:08:00Z,41.32,42.7738,USD,yfinance
GOLD,2026-06-25T23:22:34Z,41.45,41.5,USD,yfinance
GOLD,2026-06-26T23:11:03Z,41.92,41.55,USD,yfinance
GOLD,2026-06-29T23:02:57Z,41.11,42.0453,USD,yfinance
GOLD,2026-06-30T23:17:53Z,41.61,41.222,USD,yfinance
GOLD,2026-07-01T23:19:44Z,42.53,41.16,USD,yfinance
GOLD,2026-07-02T23:12:05Z,43.99,43.3,USD,yfinance
GOLD,2026-07-03T23:08:31Z,43.99,43.3,USD,yfinance
GOLD,2026-07-06T23:12:25Z,44.05,43.77,USD,yfinance
GOLD,2026-07-07T23:05:52Z,43.35,44.0233,USD,yfinance
GOLD,2026-07-08T23:11:49Z,41.28,43.5,USD,yfinance
GOLD,2026-07-09T23:15:26Z,41.71,42.2,USD,yfinance
GOLD,2026-07-10T23:02:19Z,39.45,41.5,USD,yfinance
GOLD,2026-07-11T20:54:24Z,39.45,41.5,USD,yfinance
GOLD,2026-07-13T22:58:41Z,38.04,39.9723,USD,yfinance
GOLD,2026-07-14T23:00:11Z,39.07,38.25,USD,yfinance
GOLD,2026-07-15T23:01:07Z,39.56,39.1,USD,yfinance
GOLD,2026-07-16T23:00:29Z,38.68,39.6,USD,yfinance
GOLD,2026-07-17T22:53:36Z,38.31,38.2,USD,yfinance
GOLD,2026-07-20T23:03:53Z,37.57,38.85,USD,yfinance
GOLD,2026-07-21T23:01:10Z,39.94,38.2712,USD,yfinance
GOLD,2026-07-22T23:07:54Z,40.21,39.22,USD,yfinance
GOLD,2026-07-23T22:59:38Z,39.53,39.87,USD,yfinance
GOLD,2026-07-24T23:04:15Z,39.35,39.0,USD,yfinance
GOLD,2026-07-27T23:05:33Z,41.11,39.35,USD,yfinance
GOLD,2026-07-28T23:02:58Z,40.8,40.845,USD,yfinance
GOLD,2026-07-29T23:01:33Z,40.15,40.7,USD,yfinance
GOLD,2026-07-30T23:11:08Z,42.08,40.15,USD,yfinance
GOLD,2026-07-31T23:04:28Z,41.36,41.94,USD,yfinance
GOLD,2026-08-03T23:04:24Z,42.13,40.5,USD,yfinance
GOLD,2026-08-04T23:06:14Z,42.69,41.3,USD,yfinance
GOLD,2026-08-05T23:03:01Z,43.33,42.969,USD,yfinance
GOLD,2026-08-07T01:31:20Z,42.02,43.94,USD,yfinance
GOLD,2026-08-07T22:39:18Z,43.51,42.15,USD,yfinance
GOLD,2026-08-10T20:10:12Z,43.48,43.5,USD,yfinance
GOLD,2026-08-10T22:40:59Z,43.47,43.5,USD,yfinance
GOLD,2026-08-11T22:46:04Z,43.44,43.48,USD,yfinance
GOLD,2026-08-12T22:44:09Z,44.68,43.46,USD,yfinance
GOLD,2026-08-13T16:00:04Z,44.16,44.6,USD,yfinance
GOLD,2026-08-13T22:45:25Z,43.81,44.6,USD,yfinance
GOLD,2026-08-14T22:26:44Z,44.0,44.45,USD,yfinance
GOLD,2026-08-17T22:28:10Z,45.39,43.952,USD,yfinance
GOLD,2026-08-18T22:26:49Z,41.84,45.98,USD,yfinance
GOLD,2026-08-19T22:28:11Z,45.53,41.8762,USD,yfinance
GOLD,2026-08-20T22:31:05Z,45.66,45.92,USD,yfinance
GOLD,2026-08-21T22:28:36Z,46.21,45.1299,USD,yfinance
GOLD,2026-08-24T22:29:41Z,45.8,46.3,USD,yfinance
GOLD,2026-08-25T22:30:56Z,46.85,46.2,USD,yfinance
GOLD,2026-08-27T03:00:59Z,45.49,46.2051,USD,yfinance
GOLD,2026-08-27T20:19:47Z,45.98,45.5998,USD,yfinance
GOLD,2026-08-27T22:02:11Z,45.98,45.5998,USD,yfinance
GOLD,2026-08-28T06:01:25Z,45.98,45.5998,USD,yfinance
GOLD,2026-08-28T22:02:21Z,45.55,46.39,USD,yfinance
GOLD,2026-08-29T03:35:17Z,45.55,46.39,USD,yfinance
GOLD,2026-08-31T22:01:58Z,44.97,45.5,USD,yfinance
GOLD,2026-09-01T01:04:48Z,44.97,45.5,USD,yfinance
GOLD,2026-09-01T22:02:06Z,43.16,46.0,USD,yfinance
GOLD,2026-09-01T23:53:16Z,43.16,46.0,USD,yfinance
GOLD,2026-09-02T04:00:01Z,43.16,46.0,USD,yfinance
GOLD,2026-09-02T04:05:28Z,43.16,46.0,USD,yfinance
GOLD,2026-09-02T22:02:08Z,43.82,43.24,USD,yfinance
GOLD,2026-09-02T23:55:47Z,43.82,43.24,USD,yfinance
GOLD,2026-09-03T22:02:06Z,41.48,41.97,USD,yfinance
GOLD,2026-09-03T23:52:16Z,41.48,41.97,USD,yfinance
GOLD,2026-09-04T22:02:27Z,46.13,41.75,USD,yfinance
GOOGL,2026-09-01T15:00:06Z,336.28,339.6072,USD,yfinance
GOOGL,2026-09-01T22:03:07Z,335.02,339.6072,USD,yfinance
GOOGL,2026-09-01T23:54:16Z,335.02,339.6072,USD,yfinance
GOOGL,2026-09-02T04:00:53Z,335.02,339.6072,USD,yfinance
GOOGL,2026-09-02T04:06:23Z,335.02,339.6072,USD,yfinance
GOOGL,2026-09-02T22:03:03Z,337.12,337.2,USD,yfinance
GOOGL,2026-09-02T23:56:48Z,337.12,337.2,USD,yfinance
GOOGL,2026-09-03T22:03:01Z,342.48,338.13,USD,yfinance
GOOGL,2026-09-03T23:53:16Z,342.48,338.13,USD,yfinance
GOOGL,2026-09-04T22:03:39Z,338.46,342.93,USD,yfinance
GRID,2026-08-25T04:36:25Z,178.2,179.0,USD,yfinance
GRID,2026-08-25T22:32:08Z,179.41,178.19,USD,yfinance
GRID,2026-08-27T03:02:10Z,180.83,178.5,USD,yfinance
GRID,2026-08-27T20:21:17Z,181.71,183.0,USD,yfinance
GRID,2026-08-27T22:03:45Z,181.71,183.0,USD,yfinance
GRID,2026-08-28T06:02:57Z,181.71,183.0,USD,yfinance
GRID,2026-08-28T22:04:05Z,179.19,181.9,USD,yfinance
GRID,2026-08-29T03:36:56Z,179.19,181.9,USD,yfinance
GRID,2026-08-31T22:03:21Z,178.39,189.3,USD,yfinance
GRID,2026-09-01T01:06:05Z,178.39,189.3,USD,yfinance
GRID,2026-09-01T22:03:39Z,175.47,180.5,USD,yfinance
GRID,2026-09-01T23:54:47Z,175.47,180.5,USD,yfinance
GRID,2026-09-02T04:01:21Z,175.47,180.5,USD,yfinance
GRID,2026-09-02T04:06:53Z,175.47,180.5,USD,yfinance
GRID,2026-09-02T22:05:06Z,175.53,178.97,USD,yfinance
GRID,2026-09-02T23:59:04Z,175.53,178.97,USD,yfinance
GRID,2026-09-03T22:05:06Z,177.54,179.04,USD,yfinance
GRID,2026-09-03T23:55:32Z,177.54,179.04,USD,yfinance
GRID,2026-09-04T22:06:22Z,178.99,177.54,USD,yfinance
HACK,2026-09-02T16:45:03Z,107.9,111.925,USD,yfinance
HACK,2026-09-02T22:04:03Z,109.38,111.925,USD,yfinance
HACK,2026-09-02T23:57:54Z,109.38,111.925,USD,yfinance
HACK,2026-09-03T22:04:00Z,111.53,110.01,USD,yfinance
HACK,2026-09-03T23:54:22Z,111.53,110.01,USD,yfinance
HACK,2026-09-04T22:04:59Z,110.75,111.9,USD,yfinance
HIMS,2026-06-18T18:50:28Z,35.35,32.2,USD,yfinance
HIMS,2026-06-18T23:48:19Z,35.47,32.2,USD,yfinance
HIMS,2026-06-19T23:01:37Z,35.47,32.2,USD,yfinance
HIMS,2026-06-22T23:23:21Z,33.54,35.2496,USD,yfinance
HIMS,2026-06-23T23:11:07Z,32.96,33.31,USD,yfinance
HIMS,2026-06-24T23:07:13Z,32.7,33.0,USD,yfinance
HIMS,2026-06-25T23:21:47Z,32.71,32.92,USD,yfinance
HIMS,2026-06-26T23:10:05Z,33.94,32.39,USD,yfinance
HIMS,2026-06-29T23:02:00Z,33.39,34.04,USD,yfinance
HIMS,2026-06-30T23:16:58Z,34.67,33.06,USD,yfinance
HIMS,2026-07-01T23:18:57Z,37.57,34.68,USD,yfinance
HIMS,2026-07-02T23:11:19Z,36.8,37.32,USD,yfinance
HIMS,2026-07-03T23:07:45Z,36.8,37.32,USD,yfinance
HIMS,2026-07-06T23:11:36Z,38.28,37.0,USD,yfinance
HIMS,2026-07-07T23:05:02Z,36.17,38.0617,USD,yfinance
HIMS,2026-07-08T23:11:02Z,36.07,35.6,USD,yfinance
HIMS,2026-07-09T23:14:33Z,35.45,35.9996,USD,yfinance
HIMS,2026-07-10T23:01:28Z,34.38,35.5,USD,yfinance
HIMS,2026-07-11T20:53:35Z,34.38,35.5,USD,yfinance
HIMS,2026-07-13T22:57:55Z,34.38,34.2499,USD,yfinance
HIMS,2026-07-14T22:59:19Z,35.15,34.06,USD,yfinance
HIMS,2026-07-15T23:01:50Z,37.17,35.25,USD,yfinance
HIMS,2026-07-16T23:01:10Z,33.68,37.05,USD,yfinance
HIMS,2026-07-17T22:54:14Z,32.84,33.395,USD,yfinance
HIMS,2026-07-20T23:04:24Z,32.7,32.65,USD,yfinance
HIMS,2026-07-21T23:01:49Z,32.73,32.65,USD,yfinance
HIMS,2026-07-22T23:08:25Z,31.68,32.77,USD,yfinance
HIMS,2026-07-23T23:00:17Z,32.74,31.49,USD,yfinance
HIMS,2026-07-24T23:04:46Z,28.09,32.9154,USD,yfinance
HIMS,2026-07-27T23:06:03Z,30.24,27.9864,USD,yfinance
HIMS,2026-07-28T23:03:28Z,29.32,30.05,USD,yfinance
HIMS,2026-07-29T23:02:04Z,25.0,29.2013,USD,yfinance
HIMS,2026-07-30T23:11:42Z,27.04,24.91,USD,yfinance
HIMS,2026-07-31T23:05:02Z,27.77,27.2,USD,yfinance
HIMS,2026-08-03T23:04:56Z,30.82,27.6,USD,yfinance
HIMS,2026-08-04T23:06:46Z,32.16,31.05,USD,yfinance
HIMS,2026-08-05T23:03:32Z,31.65,32.05,USD,yfinance
HIMS,2026-08-07T01:31:52Z,29.66,31.6324,USD,yfinance
HIMS,2026-08-07T22:39:49Z,31.59,29.8387,USD,yfinance
HIMS,2026-08-10T20:10:48Z,31.77,31.6838,USD,yfinance
HIMS,2026-08-10T22:41:51Z,31.77,31.6838,USD,yfinance
HIMS,2026-08-11T22:46:51Z,30.51,29.55,USD,yfinance
HIMS,2026-08-12T22:44:59Z,29.97,30.47,USD,yfinance
HIMS,2026-08-13T16:00:48Z,29.125,29.9852,USD,yfinance
HIMS,2026-08-13T22:46:04Z,28.77,29.9852,USD,yfinance
HIMS,2026-08-14T22:27:24Z,28.15,28.9421,USD,yfinance
HIMS,2026-08-17T22:28:50Z,28.61,28.1852,USD,yfinance
HIMS,2026-08-18T22:27:29Z,27.39,28.69,USD,yfinance
HIMS,2026-08-19T22:28:54Z,31.09,27.38,USD,yfinance
HIMS,2026-08-20T22:31:51Z,31.86,30.8,USD,yfinance
HIMS,2026-08-21T22:29:25Z,33.78,31.65,USD,yfinance
HIMS,2026-08-24T22:30:24Z,31.08,33.8,USD,yfinance
HIMS,2026-08-25T22:31:39Z,31.75,31.15,USD,yfinance
HIMS,2026-08-27T03:01:41Z,29.83,31.71,USD,yfinance
HIMS,2026-08-27T20:20:45Z,31.66,30.09,USD,yfinance
HIMS,2026-08-27T22:03:11Z,31.66,30.09,USD,yfinance
HIMS,2026-08-28T06:02:24Z,31.66,30.09,USD,yfinance
HIMS,2026-08-28T22:03:29Z,28.84,31.38,USD,yfinance
HIMS,2026-08-29T03:36:21Z,28.84,31.38,USD,yfinance
HIMS,2026-08-31T22:02:52Z,29.58,28.88,USD,yfinance
HIMS,2026-09-01T01:05:38Z,29.58,28.88,USD,yfinance
HIMS,2026-09-01T22:03:03Z,28.44,29.6999,USD,yfinance
HIMS,2026-09-01T23:54:12Z,28.44,29.6999,USD,yfinance
HIMS,2026-09-02T04:00:50Z,28.44,29.6999,USD,yfinance
HIMS,2026-09-02T04:06:20Z,28.44,29.6999,USD,yfinance
HIMS,2026-09-02T22:02:59Z,28.68,28.5,USD,yfinance
HIMS,2026-09-02T23:56:44Z,28.68,28.5,USD,yfinance
HIMS,2026-09-03T22:02:57Z,27.82,28.7514,USD,yfinance
HIMS,2026-09-03T23:53:12Z,27.82,28.7514,USD,yfinance
HIMS,2026-09-04T22:03:34Z,27.71,27.97,USD,yfinance
HIMX,2026-06-18T18:50:17Z,17.95,17.06,USD,yfinance
HIMX,2026-06-18T23:48:09Z,18.11,17.06,USD,yfinance
HIMX,2026-06-19T23:01:27Z,18.11,17.06,USD,yfinance
HIMX,2026-06-22T23:23:11Z,18.54,18.0766,USD,yfinance
HIMX,2026-06-23T23:10:55Z,16.775,18.6,USD,yfinance
HIMX,2026-06-24T23:07:03Z,15.73,17.08,USD,yfinance
HIMX,2026-06-25T23:21:37Z,15.09,16.5544,USD,yfinance
HIMX,2026-06-26T23:09:52Z,14.39,15.09,USD,yfinance
HIMX,2026-06-29T23:01:47Z,14.57,14.36,USD,yfinance
HIMX,2026-06-30T23:16:45Z,15.34,14.7,USD,yfinance
HIMX,2026-07-01T23:18:47Z,14.24,15.4998,USD,yfinance
HIMX,2026-07-02T23:11:09Z,13.15,14.39,USD,yfinance
HIMX,2026-07-03T23:07:35Z,13.15,14.39,USD,yfinance
HIMX,2026-07-06T23:11:26Z,14.31,13.179,USD,yfinance
HIMX,2026-07-07T23:04:51Z,14.05,14.26,USD,yfinance
HIMX,2026-07-08T23:10:52Z,14.9,13.98,USD,yfinance
HIMX,2026-07-09T23:14:21Z,15.72,14.9936,USD,yfinance
HIMX,2026-07-10T23:01:17Z,15.23,15.79,USD,yfinance
HIMX,2026-07-11T20:53:24Z,15.23,15.79,USD,yfinance
HIMX,2026-07-13T22:57:45Z,14.27,15.2,USD,yfinance
HIMX,2026-07-14T22:59:08Z,14.12,14.08,USD,yfinance
HIMX,2026-07-15T23:00:12Z,13.92,14.18,USD,yfinance
HIMX,2026-07-16T22:59:39Z,12.9,13.86,USD,yfinance
HIMX,2026-07-17T22:52:49Z,12.8,12.82,USD,yfinance
HIMX,2026-07-20T23:03:14Z,12.69,13.33,USD,yfinance
HIMX,2026-07-21T23:00:22Z,13.675,12.8644,USD,yfinance
HIMX,2026-07-22T23:07:15Z,13.62,13.72,USD,yfinance
HIMX,2026-07-23T22:58:49Z,13.27,13.55,USD,yfinance
HIMX,2026-07-24T23:03:38Z,12.62,13.54,USD,yfinance
HIMX,2026-07-27T23:04:55Z,12.725,12.46,USD,yfinance
HIMX,2026-07-28T23:02:21Z,11.98,12.71,USD,yfinance
HIMX,2026-07-29T23:00:54Z,11.64,11.81,USD,yfinance
HIMX,2026-07-30T23:10:25Z,12.54,11.69,USD,yfinance
HIMX,2026-07-31T23:03:46Z,12.54,12.79,USD,yfinance
HIMX,2026-08-03T23:03:45Z,12.78,12.35,USD,yfinance
HIMX,2026-08-04T23:05:35Z,14.18,12.98,USD,yfinance
HIMX,2026-08-05T23:02:22Z,13.35,14.05,USD,yfinance
HIMX,2026-08-07T01:30:41Z,13.76,13.6299,USD,yfinance
HIMX,2026-08-07T22:38:41Z,14.61,13.973,USD,yfinance
HIMX,2026-08-10T20:09:34Z,14.73,14.58,USD,yfinance
HIMX,2026-08-10T22:40:09Z,14.73,14.58,USD,yfinance
HIMX,2026-08-11T22:45:17Z,14.98,14.6975,USD,yfinance
HIMX,2026-08-12T22:43:23Z,15.09,15.02,USD,yfinance
HIMX,2026-08-13T15:59:20Z,14.99,15.1107,USD,yfinance
HIMX,2026-08-13T22:44:44Z,14.66,15.1107,USD,yfinance
HIMX,2026-08-14T22:26:01Z,15.23,14.8,USD,yfinance
HIMX,2026-08-17T22:27:25Z,15.41,15.22,USD,yfinance
HIMX,2026-08-18T22:26:05Z,14.37,15.34,USD,yfinance
HIMX,2026-08-19T22:27:27Z,13.9,14.3,USD,yfinance
HIMX,2026-08-20T22:30:17Z,13.67,13.95,USD,yfinance
HIMX,2026-08-21T22:27:42Z,13.79,13.53,USD,yfinance
HIMX,2026-08-24T22:28:54Z,13.44,13.8471,USD,yfinance
HIMX,2026-08-25T22:30:09Z,13.67,13.42,USD,yfinance
HIMX,2026-08-27T03:00:14Z,13.84,13.5012,USD,yfinance
HIMX,2026-08-27T20:18:56Z,14.065,14.0986,USD,yfinance
HIMX,2026-08-27T22:01:18Z,14.065,14.0986,USD,yfinance
HIMX,2026-08-28T06:00:36Z,14.07,14.0986,USD,yfinance
HIMX,2026-08-28T22:01:22Z,13.64,13.9555,USD,yfinance
HIMX,2026-08-29T03:34:24Z,13.64,13.9555,USD,yfinance
HIMX,2026-08-31T22:01:12Z,13.72,13.6401,USD,yfinance
HIMX,2026-09-01T01:04:06Z,13.72,13.6401,USD,yfinance
HIMX,2026-09-01T22:01:15Z,13.41,13.73,USD,yfinance
HIMX,2026-09-01T23:52:29Z,13.41,13.73,USD,yfinance
HIMX,2026-09-02T03:59:18Z,13.41,13.73,USD,yfinance
HIMX,2026-09-02T04:04:42Z,13.41,13.73,USD,yfinance
HIMX,2026-09-02T22:01:14Z,13.495,13.38,USD,yfinance
HIMX,2026-09-02T23:54:48Z,13.495,13.38,USD,yfinance
HIMX,2026-09-03T22:01:10Z,13.56,13.6208,USD,yfinance
HIMX,2026-09-03T23:51:14Z,13.56,13.6208,USD,yfinance
HIMX,2026-09-04T22:01:15Z,13.68,13.4,USD,yfinance
HL,2026-06-18T18:51:25Z,15.775,16.21,USD,yfinance
HL,2026-06-18T23:49:11Z,15.96,16.21,USD,yfinance
HL,2026-06-19T23:02:30Z,15.96,16.21,USD,yfinance
HL,2026-06-22T23:24:11Z,15.98,15.955,USD,yfinance
HL,2026-06-23T23:12:12Z,15.07,15.9205,USD,yfinance
HL,2026-06-24T23:08:06Z,14.52,15.0801,USD,yfinance
HL,2026-06-25T23:22:41Z,15.15,14.6788,USD,yfinance
HL,2026-06-26T23:11:12Z,15.54,15.2291,USD,yfinance
HL,2026-06-29T23:03:06Z,15.4,15.64,USD,yfinance
HL,2026-06-30T23:18:02Z,15.43,15.4893,USD,yfinance
HL,2026-07-01T23:19:51Z,15.59,15.3704,USD,yfinance
HL,2026-07-02T23:12:12Z,16.33,15.62,USD,yfinance
HL,2026-07-03T23:08:37Z,16.33,15.62,USD,yfinance
HL,2026-07-06T23:12:32Z,16.46,16.35,USD,yfinance
HL,2026-07-07T23:05:59Z,15.56,16.48,USD,yfinance
HL,2026-07-08T23:11:56Z,15.09,15.59,USD,yfinance
HL,2026-07-09T23:15:34Z,15.79,15.07,USD,yfinance
HL,2026-07-10T23:02:26Z,15.82,15.86,USD,yfinance
HL,2026-07-11T20:54:31Z,15.82,15.86,USD,yfinance
HL,2026-07-13T22:58:48Z,15.25,15.81,USD,yfinance
HL,2026-07-14T23:00:18Z,15.5,15.23,USD,yfinance
HL,2026-07-15T23:01:16Z,15.46,15.58,USD,yfinance
HL,2026-07-16T23:00:38Z,14.52,15.485,USD,yfinance
HL,2026-07-17T22:53:44Z,14.33,14.5287,USD,yfinance
HL,2026-07-20T23:04:00Z,14.29,14.44,USD,yfinance
HL,2026-07-21T23:01:18Z,15.29,14.3321,USD,yfinance
HL,2026-07-22T23:08:01Z,15.69,15.355,USD,yfinance
HL,2026-07-23T22:59:46Z,15.32,15.7231,USD,yfinance
HL,2026-07-24T23:04:22Z,15.14,15.29,USD,yfinance
HL,2026-07-27T23:05:39Z,15.19,15.1393,USD,yfinance
HL,2026-07-28T23:03:05Z,14.55,15.1392,USD,yfinance
HL,2026-07-29T23:01:40Z,14.15,14.6223,USD,yfinance
HL,2026-07-30T23:11:15Z,14.93,14.28,USD,yfinance
HL,2026-07-31T23:04:36Z,14.12,14.8,USD,yfinance
HL,2026-08-03T23:04:31Z,14.43,14.09,USD,yfinance
HL,2026-08-04T23:06:21Z,15.39,14.3589,USD,yfinance
HL,2026-08-05T23:03:07Z,16.54,15.45,USD,yfinance
HL,2026-08-07T01:31:27Z,15.86,16.6492,USD,yfinance
HL,2026-08-07T22:39:25Z,16.85,15.9499,USD,yfinance
HL,2026-08-10T20:10:18Z,17.57,16.9861,USD,yfinance
HL,2026-08-10T22:41:07Z,17.55,16.9861,USD,yfinance
HL,2026-08-11T22:46:12Z,17.76,17.6605,USD,yfinance
HL,2026-08-12T22:44:18Z,18.1,17.7,USD,yfinance
HL,2026-08-13T16:00:11Z,17.665,18.0299,USD,yfinance
HL,2026-08-13T22:45:32Z,17.73,18.0299,USD,yfinance
HL,2026-08-14T22:26:51Z,18.37,17.71,USD,yfinance
HL,2026-08-17T22:28:17Z,18.82,18.41,USD,yfinance
HL,2026-08-18T22:26:56Z,17.95,18.89,USD,yfinance
HL,2026-08-19T22:28:18Z,20.54,17.8741,USD,yfinance
HL,2026-08-20T22:31:13Z,20.82,20.66,USD,yfinance
HL,2026-08-21T22:28:44Z,20.72,20.84,USD,yfinance
HL,2026-08-24T22:29:48Z,20.4,20.67,USD,yfinance
HL,2026-08-25T22:31:03Z,20.92,20.5821,USD,yfinance
HL,2026-08-27T03:01:06Z,20.7,20.8612,USD,yfinance
HL,2026-08-27T20:19:54Z,21.43,20.89,USD,yfinance
HL,2026-08-27T22:02:18Z,21.43,20.89,USD,yfinance
HL,2026-08-28T06:01:32Z,21.43,20.89,USD,yfinance
HL,2026-08-28T22:02:28Z,20.38,21.35,USD,yfinance
HL,2026-08-29T03:35:25Z,20.38,21.35,USD,yfinance
HL,2026-08-31T22:02:05Z,19.87,20.31,USD,yfinance
HL,2026-09-01T01:04:55Z,19.87,20.31,USD,yfinance
HL,2026-09-01T22:02:13Z,19.11,19.8623,USD,yfinance
HL,2026-09-01T23:53:23Z,19.11,19.8623,USD,yfinance
HL,2026-09-02T04:00:07Z,19.11,19.8623,USD,yfinance
HL,2026-09-02T04:05:34Z,19.11,19.8623,USD,yfinance
HL,2026-09-02T22:02:14Z,20.77,19.12,USD,yfinance
HL,2026-09-02T23:55:55Z,20.77,19.12,USD,yfinance
HL,2026-09-03T22:02:12Z,21.21,20.8001,USD,yfinance
HL,2026-09-03T23:52:23Z,21.21,20.8001,USD,yfinance
HL,2026-09-04T22:02:35Z,20.68,21.2306,USD,yfinance
HUBS,2026-08-10T20:10:40Z,215.83,210.3,USD,yfinance
HUBS,2026-08-10T22:41:39Z,215.91,210.3,USD,yfinance
HUBS,2026-08-11T22:46:40Z,220.51,216.86,USD,yfinance
HUBS,2026-08-12T22:44:48Z,210.12,220.0,USD,yfinance
HUBS,2026-08-13T16:00:38Z,211.77,209.9405,USD,yfinance
HUBS,2026-08-13T22:45:55Z,240.51,209.9405,USD,yfinance
HUBS,2026-08-14T22:27:14Z,224.14,239.31,USD,yfinance
HUBS,2026-08-17T22:28:40Z,215.17,224.4633,USD,yfinance
HUBS,2026-08-18T22:27:19Z,226.24,215.0496,USD,yfinance
HUBS,2026-08-19T22:28:42Z,241.65,224.9,USD,yfinance
HUBS,2026-08-20T22:31:38Z,239.86,241.01,USD,yfinance
HUBS,2026-08-21T22:29:11Z,240.01,239.93,USD,yfinance
HUBS,2026-08-24T22:30:12Z,244.17,241.77,USD,yfinance
HUBS,2026-08-25T22:31:27Z,237.69,243.8493,USD,yfinance
HUBS,2026-08-27T03:01:30Z,237.08,236.0,USD,yfinance
HUBS,2026-08-27T20:20:20Z,255.83,244.11,USD,yfinance
HUBS,2026-08-27T22:02:45Z,255.83,244.11,USD,yfinance
HUBS,2026-08-28T06:02:00Z,255.83,244.11,USD,yfinance
HUBS,2026-08-28T22:02:57Z,260.68,255.0,USD,yfinance
HUBS,2026-08-29T03:35:54Z,260.68,255.0,USD,yfinance
HUBS,2026-08-31T22:02:29Z,261.36,260.1476,USD,yfinance
HUBS,2026-09-01T01:05:16Z,261.36,260.1476,USD,yfinance
HUBS,2026-09-01T22:02:39Z,251.11,261.36,USD,yfinance
HUBS,2026-09-01T23:53:48Z,251.11,261.36,USD,yfinance
HUBS,2026-09-02T04:00:29Z,251.11,261.36,USD,yfinance
HUBS,2026-09-02T04:05:57Z,251.11,261.36,USD,yfinance
HUBS,2026-09-02T22:02:37Z,245.51,251.0,USD,yfinance
HUBS,2026-09-02T23:56:20Z,245.51,251.0,USD,yfinance
HUBS,2026-09-03T22:02:35Z,255.12,245.26,USD,yfinance
HUBS,2026-09-03T23:52:48Z,255.12,245.26,USD,yfinance
HUBS,2026-09-04T22:03:05Z,247.6,255.4458,USD,yfinance
HYG,2026-08-23T20:33:06Z,79.61,79.54,USD,yfinance
HYG,2026-08-24T22:31:14Z,79.7,79.56,USD,yfinance
HYG,2026-08-25T22:32:30Z,79.92,79.74,USD,yfinance
HYG,2026-08-27T03:02:31Z,79.9,79.8994,USD,yfinance
HYG,2026-08-27T20:21:41Z,79.87,79.95,USD,yfinance
HYG,2026-08-27T22:04:08Z,79.87,79.95,USD,yfinance
HYG,2026-08-28T06:03:19Z,79.87,79.95,USD,yfinance
HYG,2026-08-28T22:04:32Z,79.74,79.9788,USD,yfinance
HYG,2026-08-29T03:37:23Z,79.74,79.9788,USD,yfinance
HYG,2026-08-31T22:03:43Z,79.81,79.67,USD,yfinance
HYG,2026-09-01T01:06:25Z,79.81,79.67,USD,yfinance
HYG,2026-09-01T22:04:03Z,79.1,79.78,USD,yfinance
HYG,2026-09-01T23:55:09Z,79.1,79.78,USD,yfinance
HYG,2026-09-02T04:01:40Z,79.1,79.78,USD,yfinance
HYG,2026-09-02T04:07:14Z,79.1,79.78,USD,yfinance
HYG,2026-09-02T22:05:27Z,79.11,79.14,USD,yfinance
HYG,2026-09-02T23:59:27Z,79.11,79.14,USD,yfinance
HYG,2026-09-03T22:05:27Z,79.21,79.15,USD,yfinance
HYG,2026-09-03T23:55:55Z,79.21,79.15,USD,yfinance
HYG,2026-09-04T22:06:49Z,79.16,79.1141,USD,yfinance
IAI,2026-09-02T16:44:57Z,190.535,191.39,USD,yfinance
IAI,2026-09-02T22:03:58Z,190.82,191.39,USD,yfinance
IAI,2026-09-02T23:57:48Z,190.82,191.39,USD,yfinance
IAI,2026-09-03T22:03:55Z,198.06,190.82,USD,yfinance
IAI,2026-09-03T23:54:16Z,198.06,190.82,USD,yfinance
IAI,2026-09-04T22:04:51Z,196.46,198.06,USD,yfinance
IBB,2026-09-02T13:38:19Z,214.97,211.4788,USD,yfinance
IBB,2026-09-02T22:04:35Z,213.8,211.4788,USD,yfinance
IBB,2026-09-02T23:58:29Z,213.8,211.4788,USD,yfinance
IBB,2026-09-03T22:04:33Z,213.81,212.5,USD,yfinance
IBB,2026-09-03T23:54:57Z,213.81,212.5,USD,yfinance
IBB,2026-09-04T22:05:41Z,211.92,213.04,USD,yfinance
IBIT,2026-06-18T18:51:48Z,35.515,36.4905,USD,yfinance
IBIT,2026-06-18T23:49:32Z,35.62,36.4905,USD,yfinance
IBIT,2026-06-19T23:02:51Z,35.62,36.4905,USD,yfinance
IBIT,2026-06-22T23:24:32Z,36.5,35.62,USD,yfinance
IBIT,2026-06-23T23:12:39Z,35.31,36.2139,USD,yfinance
IBIT,2026-06-24T23:08:28Z,33.87,35.46,USD,yfinance
IBIT,2026-06-25T23:23:03Z,33.52,34.5598,USD,yfinance
IBIT,2026-06-26T23:11:39Z,33.85,33.84,USD,yfinance
IBIT,2026-06-29T23:03:33Z,34.18,33.9799,USD,yfinance
IBIT,2026-06-30T23:18:29Z,33.29,34.11,USD,yfinance
IBIT,2026-07-01T23:20:13Z,34.0,33.17,USD,yfinance
IBIT,2026-07-02T23:12:34Z,34.87,33.9783,USD,yfinance
IBIT,2026-07-03T23:08:59Z,34.87,33.9783,USD,yfinance
IBIT,2026-07-06T23:12:55Z,36.12,34.85,USD,yfinance
IBIT,2026-07-07T23:06:23Z,36.15,36.28,USD,yfinance
IBIT,2026-07-08T23:12:18Z,35.23,35.84,USD,yfinance
IBIT,2026-07-09T23:15:58Z,35.81,35.2358,USD,yfinance
IBIT,2026-07-10T23:02:50Z,36.23,35.8202,USD,yfinance
IBIT,2026-07-11T20:54:54Z,36.23,35.8202,USD,yfinance
IBIT,2026-07-13T22:59:09Z,35.22,36.34,USD,yfinance
IBIT,2026-07-14T23:00:42Z,36.58,35.23,USD,yfinance
IBIT,2026-07-15T23:02:15Z,36.81,36.82,USD,yfinance
IBIT,2026-07-16T23:01:34Z,36.39,36.6793,USD,yfinance
IBIT,2026-07-17T22:54:36Z,36.35,36.1162,USD,yfinance
IBIT,2026-07-20T23:04:42Z,36.89,36.24,USD,yfinance
IBIT,2026-07-21T23:02:11Z,37.67,36.9792,USD,yfinance
IBIT,2026-07-22T23:08:43Z,37.34,37.6862,USD,yfinance
IBIT,2026-07-23T23:00:39Z,36.65,37.4231,USD,yfinance
IBIT,2026-07-24T23:05:04Z,36.35,36.8683,USD,yfinance
IBIT,2026-07-27T23:06:20Z,36.77,36.2808,USD,yfinance
IBIT,2026-07-28T23:03:45Z,36.14,36.0792,USD,yfinance
IBIT,2026-07-29T23:02:23Z,36.0,36.15,USD,yfinance
IBIT,2026-07-30T23:12:03Z,36.7,36.17,USD,yfinance
IBIT,2026-07-31T23:05:22Z,35.64,36.69,USD,yfinance
IBIT,2026-08-03T23:05:14Z,36.16,35.59,USD,yfinance
IBIT,2026-08-04T23:07:04Z,36.39,35.9462,USD,yfinance
IBIT,2026-08-05T23:03:50Z,36.74,36.4215,USD,yfinance
IBIT,2026-08-07T01:32:10Z,36.49,36.6,USD,yfinance
IBIT,2026-08-07T22:40:07Z,36.8,36.42,USD,yfinance
IBIT,2026-08-10T20:11:05Z,36.23,36.84,USD,yfinance
IBIT,2026-08-10T22:42:16Z,36.23,36.84,USD,yfinance
IBIT,2026-08-11T22:47:12Z,35.94,36.18,USD,yfinance
IBIT,2026-08-12T22:45:21Z,35.89,35.988,USD,yfinance
IBIT,2026-08-13T16:01:07Z,35.9299,35.9,USD,yfinance
IBIT,2026-08-13T22:46:22Z,35.88,35.9,USD,yfinance
IBIT,2026-08-14T22:27:52Z,35.63,35.9249,USD,yfinance
IBIT,2026-08-17T22:29:16Z,36.42,35.6362,USD,yfinance
IBIT,2026-08-18T22:27:55Z,36.6,36.55,USD,yfinance
IBIT,2026-08-19T22:29:21Z,38.78,36.68,USD,yfinance
IBIT,2026-08-20T22:32:21Z,41.2,39.3,USD,yfinance
IBIT,2026-08-21T22:29:58Z,43.68,41.4,USD,yfinance
IBIT,2026-08-24T22:30:54Z,44.64,44.3815,USD,yfinance
IBIT,2026-08-25T22:32:11Z,44.72,44.74,USD,yfinance
IBIT,2026-08-27T03:02:12Z,44.46,44.45,USD,yfinance
IBIT,2026-08-27T20:21:20Z,45.29,44.78,USD,yfinance
IBIT,2026-08-27T22:03:48Z,45.29,44.78,USD,yfinance
IBIT,2026-08-28T06:02:59Z,45.29,44.78,USD,yfinance
IBIT,2026-08-28T22:04:09Z,43.9,45.4969,USD,yfinance
IBIT,2026-08-29T03:37:00Z,43.9,45.4969,USD,yfinance
IBIT,2026-08-31T22:03:23Z,44.67,44.0793,USD,yfinance
IBIT,2026-09-01T01:06:07Z,44.67,44.0793,USD,yfinance
IBIT,2026-09-01T22:03:42Z,43.76,44.5,USD,yfinance
IBIT,2026-09-01T23:54:49Z,43.76,44.5,USD,yfinance
IBIT,2026-09-02T04:01:23Z,43.76,44.5,USD,yfinance
IBIT,2026-09-02T04:06:55Z,43.76,44.5,USD,yfinance
IBIT,2026-09-02T22:05:09Z,43.79,43.8945,USD,yfinance
IBIT,2026-09-02T23:59:07Z,43.79,43.8945,USD,yfinance
IBIT,2026-09-03T22:05:09Z,46.35,43.8,USD,yfinance
IBIT,2026-09-03T23:55:34Z,46.35,43.8,USD,yfinance
IBIT,2026-09-04T22:06:25Z,45.23,46.06,USD,yfinance
ICLN,2026-09-02T16:45:10Z,17.215,17.27,USD,yfinance
ICLN,2026-09-02T22:04:15Z,17.37,17.27,USD,yfinance
ICLN,2026-09-02T23:58:07Z,17.37,17.27,USD,yfinance
ICLN,2026-09-03T22:04:12Z,17.63,17.3412,USD,yfinance
ICLN,2026-09-03T23:54:35Z,17.63,17.3412,USD,yfinance
ICLN,2026-09-04T22:05:13Z,17.77,17.6025,USD,yfinance
ICOP,2026-06-18T18:50:36Z,53.9099,53.97,USD,yfinance
ICOP,2026-06-18T23:48:27Z,53.86,53.97,USD,yfinance
ICOP,2026-06-19T23:01:45Z,53.86,53.97,USD,yfinance
ICOP,2026-06-22T23:23:28Z,53.06,54.05,USD,yfinance
ICOP,2026-06-23T23:11:17Z,50.2438,53.11,USD,yfinance
ICOP,2026-06-24T23:07:21Z,48.1265,50.45,USD,yfinance
ICOP,2026-06-25T23:21:55Z,49.0,48.79,USD,yfinance
ICOP,2026-06-26T23:10:14Z,48.8929,49.37,USD,yfinance
ICOP,2026-06-29T23:02:10Z,48.7191,48.9,USD,yfinance
ICOP,2026-06-30T23:17:07Z,49.23,48.7876,USD,yfinance
ICOP,2026-07-01T23:19:05Z,48.5408,48.5723,USD,yfinance
ICOP,2026-07-02T23:11:27Z,49.2431,49.3,USD,yfinance
ICOP,2026-07-03T23:07:52Z,49.243,49.3,USD,yfinance
ICOP,2026-07-06T23:11:44Z,49.9852,49.36,USD,yfinance
ICOP,2026-07-07T23:05:11Z,47.6926,50.0,USD,yfinance
ICOP,2026-07-08T23:11:10Z,46.603,47.69,USD,yfinance
ICOP,2026-07-09T23:14:43Z,48.14,47.0,USD,yfinance
ICOP,2026-07-10T23:01:37Z,48.75,47.5,USD,yfinance
ICOP,2026-07-11T20:53:43Z,48.75,47.5,USD,yfinance
ICOP,2026-07-13T22:58:03Z,47.5595,49.99,USD,yfinance
ICOP,2026-07-14T22:59:28Z,49.66,47.7771,USD,yfinance
ICOP,2026-07-15T23:02:04Z,49.1383,49.29,USD,yfinance
ICOP,2026-07-16T23:01:24Z,47.35,49.73,USD,yfinance
ICOP,2026-07-17T22:54:27Z,46.875,50.03,USD,yfinance
ICOP,2026-07-20T23:04:34Z,46.9022,46.0,USD,yfinance
ICOP,2026-07-21T23:02:02Z,49.3421,46.87,USD,yfinance
ICOP,2026-07-22T23:08:35Z,50.4919,49.4,USD,yfinance
ICOP,2026-07-23T23:00:30Z,49.5668,50.58,USD,yfinance
ICOP,2026-07-24T23:04:56Z,49.4591,49.66,USD,yfinance
ICOP,2026-07-27T23:06:13Z,49.4289,49.39,USD,yfinance
ICOP,2026-07-28T23:03:38Z,48.865,49.4647,USD,yfinance
ICOP,2026-07-29T23:02:15Z,48.4247,48.21,USD,yfinance
ICOP,2026-07-30T23:11:54Z,50.66,48.4,USD,yfinance
ICOP,2026-07-31T23:05:14Z,49.95,50.66,USD,yfinance
ICOP,2026-08-03T23:05:06Z,50.2775,49.95,USD,yfinance
ICOP,2026-08-04T23:06:56Z,52.82,50.27,USD,yfinance
ICOP,2026-08-05T23:03:42Z,54.48,52.79,USD,yfinance
ICOP,2026-08-07T01:32:02Z,54.07,55.0,USD,yfinance
ICOP,2026-08-07T22:39:59Z,55.34,54.5,USD,yfinance
ICOP,2026-08-10T20:10:58Z,55.99,55.34,USD,yfinance
ICOP,2026-08-10T22:42:06Z,55.99,55.34,USD,yfinance
ICOP,2026-08-11T22:47:03Z,55.3078,55.0833,USD,yfinance
ICOP,2026-08-12T22:45:12Z,55.49,55.25,USD,yfinance
ICOP,2026-08-13T16:00:59Z,54.06,55.7877,USD,yfinance
ICOP,2026-08-13T22:46:14Z,53.76,55.7877,USD,yfinance
ICOP,2026-08-14T22:27:38Z,53.57,54.0,USD,yfinance
ICOP,2026-08-17T22:29:04Z,54.82,53.57,USD,yfinance
ICOP,2026-08-18T22:27:42Z,53.66,54.82,USD,yfinance
ICOP,2026-08-19T22:29:07Z,55.6,53.66,USD,yfinance
ICOP,2026-08-20T22:32:07Z,56.78,56.09,USD,yfinance
ICOP,2026-08-21T22:29:43Z,59.34,55.56,USD,yfinance
ICOP,2026-08-24T22:30:41Z,59.52,59.29,USD,yfinance
ICOP,2026-08-25T22:31:55Z,60.89,59.5,USD,yfinance
ICOP,2026-08-27T03:01:57Z,59.78,60.89,USD,yfinance
ICOP,2026-08-27T20:21:03Z,60.23,61.5558,USD,yfinance
ICOP,2026-08-27T22:03:31Z,60.23,61.5558,USD,yfinance
ICOP,2026-08-28T06:02:41Z,60.23,61.5558,USD,yfinance
ICOP,2026-08-28T22:03:48Z,58.84,60.25,USD,yfinance
ICOP,2026-08-29T03:36:40Z,58.84,60.25,USD,yfinance
ICOP,2026-08-31T22:03:08Z,58.33,58.84,USD,yfinance
ICOP,2026-09-01T01:05:53Z,58.33,58.84,USD,yfinance
ICOP,2026-09-01T22:03:25Z,56.26,58.98,USD,yfinance
ICOP,2026-09-01T23:54:33Z,56.26,58.98,USD,yfinance
ICOP,2026-09-02T04:01:09Z,56.26,58.98,USD,yfinance
ICOP,2026-09-02T04:06:40Z,56.26,58.98,USD,yfinance
ICOP,2026-09-02T22:04:54Z,56.96,55.78,USD,yfinance
ICOP,2026-09-02T23:58:50Z,56.96,55.78,USD,yfinance
ICOP,2026-09-03T22:04:52Z,57.88,56.97,USD,yfinance
ICOP,2026-09-03T23:55:18Z,57.88,56.97,USD,yfinance
ICOP,2026-09-04T22:06:05Z,57.31,58.14,USD,yfinance
IFNNY,2026-06-18T18:50:24Z,94.38,87.64,USD,yfinance
IFNNY,2026-06-18T23:48:15Z,87.59,87.59,USD,yfinance
IFNNY,2026-06-19T23:01:34Z,95.23,87.59,USD,yfinance
IFNNY,2026-06-22T23:23:17Z,99.13,95.24,USD,yfinance
IFNNY,2026-06-23T23:11:03Z,92.21,99.13,USD,yfinance
IFNNY,2026-06-24T23:07:09Z,90.07,92.21,USD,yfinance
IFNNY,2026-06-25T23:21:43Z,89.72,90.07,USD,yfinance
IFNNY,2026-06-26T23:10:00Z,88.46,93.56,USD,yfinance
IFNNY,2026-06-29T23:01:55Z,90.92,88.46,USD,yfinance
IFNNY,2026-06-30T23:16:53Z,90.93,90.92,USD,yfinance
IFNNY,2026-07-01T23:18:53Z,89.57,93.89,USD,yfinance
IFNNY,2026-07-02T23:11:15Z,86.35,89.57,USD,yfinance
IFNNY,2026-07-03T23:07:41Z,86.18,89.13,USD,yfinance
IFNNY,2026-07-06T23:11:32Z,87.81,86.35,USD,yfinance
IFNNY,2026-07-07T23:04:58Z,81.34,87.81,USD,yfinance
IFNNY,2026-07-08T23:10:58Z,81.17,81.34,USD,yfinance
IFNNY,2026-07-09T23:14:29Z,83.91,81.17,USD,yfinance
IFNNY,2026-07-10T23:01:24Z,83.03,83.91,USD,yfinance
IFNNY,2026-07-11T20:53:31Z,83.1,83.91,USD,yfinance
IFNNY,2026-07-13T22:57:52Z,78.91,83.03,USD,yfinance
IFNNY,2026-07-14T22:59:15Z,80.68,79.01,USD,yfinance
IFNNY,2026-07-15T23:00:17Z,77.46,80.96,USD,yfinance
IFNNY,2026-07-16T22:59:44Z,73.28,77.46,USD,yfinance
IFNNY,2026-07-17T22:52:54Z,73.27,73.28,USD,yfinance
IFNNY,2026-07-20T23:03:18Z,72.15,73.1,USD,yfinance
IFNNY,2026-07-21T23:00:27Z,77.48,72.15,USD,yfinance
IFNNY,2026-07-22T23:07:19Z,79.57,77.48,USD,yfinance
IFNNY,2026-07-23T22:58:54Z,74.32,79.57,USD,yfinance
IFNNY,2026-07-24T23:03:42Z,72.26,74.32,USD,yfinance
IFNNY,2026-07-27T23:04:59Z,71.08,72.06,USD,yfinance
IFNNY,2026-07-28T23:02:25Z,66.19,70.97,USD,yfinance
IFNNY,2026-07-29T23:00:58Z,61.93,66.19,USD,yfinance
IFNNY,2026-07-30T23:10:29Z,68.68,61.89,USD,yfinance
IFNNY,2026-07-31T23:03:50Z,71.38,68.54,USD,yfinance
IFNNY,2026-08-03T23:03:49Z,71.17,71.38,USD,yfinance
IFNNY,2026-08-04T23:05:38Z,73.96,71.17,USD,yfinance
IFNNY,2026-08-05T23:02:26Z,69.73,73.96,USD,yfinance
IFNNY,2026-08-07T01:30:45Z,67.28,69.78,USD,yfinance
IFNNY,2026-08-07T22:38:45Z,72.07,67.28,USD,yfinance
IFNNY,2026-08-10T20:09:38Z,72.25,72.07,USD,yfinance
IFNNY,2026-08-10T22:40:14Z,71.88,72.07,USD,yfinance
IFNNY,2026-08-11T22:45:22Z,72.36,71.88,USD,yfinance
IFNNY,2026-08-12T22:43:27Z,72.95,72.51,USD,yfinance
IFNNY,2026-08-13T15:59:24Z,72.05,72.95,USD,yfinance
IFNNY,2026-08-13T22:44:48Z,71.57,72.95,USD,yfinance
IFNNY,2026-08-14T22:26:06Z,71.71,71.57,USD,yfinance
IFNNY,2026-08-17T22:27:29Z,71.53,71.68,USD,yfinance
IFNNY,2026-08-18T22:26:09Z,66.62,71.54,USD,yfinance
IFNNY,2026-08-19T22:27:31Z,63.85,66.62,USD,yfinance
IFNNY,2026-08-20T22:30:21Z,64.67,63.85,USD,yfinance
IFNNY,2026-08-21T22:27:46Z,65.41,64.68,USD,yfinance
IFNNY,2026-08-24T22:28:58Z,63.33,65.41,USD,yfinance
IFNNY,2026-08-25T22:30:13Z,64.18,63.36,USD,yfinance
IFNNY,2026-08-27T03:00:18Z,64.37,64.18,USD,yfinance
IFNNY,2026-08-27T20:19:01Z,66.82,64.41,USD,yfinance
IFNNY,2026-08-27T22:01:23Z,66.82,64.41,USD,yfinance
IFNNY,2026-08-28T06:00:40Z,66.88,64.41,USD,yfinance
IFNNY,2026-08-28T22:01:27Z,65.54,66.88,USD,yfinance
IFNNY,2026-08-29T03:34:29Z,65.59,66.88,USD,yfinance
IFNNY,2026-08-31T22:01:16Z,65.41,65.54,USD,yfinance
IFNNY,2026-09-01T01:04:10Z,65.41,65.54,USD,yfinance
IFNNY,2026-09-01T22:01:19Z,63.91,65.41,USD,yfinance
IFNNY,2026-09-01T23:52:33Z,63.91,65.41,USD,yfinance
IFNNY,2026-09-02T03:59:22Z,63.91,65.41,USD,yfinance
IFNNY,2026-09-02T04:04:46Z,63.91,65.41,USD,yfinance
IFNNY,2026-09-02T22:01:22Z,64.71,63.91,USD,yfinance
IFNNY,2026-09-02T23:54:56Z,64.71,63.91,USD,yfinance
IFNNY,2026-09-03T22:01:18Z,64.65,64.69,USD,yfinance
IFNNY,2026-09-03T23:51:22Z,64.65,64.69,USD,yfinance
IFNNY,2026-09-04T22:01:25Z,66.17,64.65,USD,yfinance
IGPT,2026-08-14T02:36:42Z,95.26,92.97,USD,yfinance
IGPT,2026-08-14T22:27:44Z,96.14,95.26,USD,yfinance
IGPT,2026-08-17T22:29:10Z,96.79,96.14,USD,yfinance
IGPT,2026-08-18T22:27:49Z,92.16,96.79,USD,yfinance
IGPT,2026-08-19T22:29:14Z,91.38,92.35,USD,yfinance
IGPT,2026-08-20T22:32:14Z,91.72,91.38,USD,yfinance
IGPT,2026-08-21T22:29:51Z,91.87,91.72,USD,yfinance
IGPT,2026-08-24T22:30:48Z,89.79,91.87,USD,yfinance
IGPT,2026-08-25T22:32:02Z,91.28,89.79,USD,yfinance
IGPT,2026-08-27T03:02:03Z,91.76,91.28,USD,yfinance
IGPT,2026-08-27T20:21:10Z,93.24,94.5,USD,yfinance
IGPT,2026-08-27T22:03:38Z,93.24,94.5,USD,yfinance
IGPT,2026-08-28T06:02:47Z,93.24,94.5,USD,yfinance
IGPT,2026-08-28T22:03:57Z,91.58,93.28,USD,yfinance
IGPT,2026-08-29T03:36:48Z,91.58,93.28,USD,yfinance
IGPT,2026-08-31T22:03:14Z,92.03,91.58,USD,yfinance
IGPT,2026-09-01T01:05:59Z,92.03,91.58,USD,yfinance
IGPT,2026-09-01T22:03:32Z,90.71,92.03,USD,yfinance
IGPT,2026-09-01T23:54:40Z,90.71,92.03,USD,yfinance
IGPT,2026-09-02T04:01:15Z,90.71,92.03,USD,yfinance
IGPT,2026-09-02T04:06:46Z,90.71,92.03,USD,yfinance
IGPT,2026-09-02T22:05:00Z,91.34,90.71,USD,yfinance
IGPT,2026-09-02T23:58:57Z,91.34,90.71,USD,yfinance
IGPT,2026-09-03T22:05:00Z,92.76,92.76,USD,yfinance
IGPT,2026-09-03T23:55:25Z,92.76,92.76,USD,yfinance
IGPT,2026-09-04T22:06:14Z,95.21,91.0,USD,yfinance
IGV,2026-06-18T18:50:32Z,89.07,89.8993,USD,yfinance
IGV,2026-06-18T23:48:23Z,89.09,89.8993,USD,yfinance
IGV,2026-06-19T23:01:41Z,89.09,89.8993,USD,yfinance
IGV,2026-06-22T23:23:24Z,87.31,89.05,USD,yfinance
IGV,2026-06-23T23:11:12Z,87.32,87.4698,USD,yfinance
IGV,2026-06-24T23:07:17Z,86.17,87.7099,USD,yfinance
IGV,2026-06-25T23:21:51Z,84.76,86.1,USD,yfinance
IGV,2026-06-26T23:10:10Z,88.2,84.85,USD,yfinance
IGV,2026-06-29T23:02:05Z,89.89,88.13,USD,yfinance
IGV,2026-06-30T23:17:02Z,90.6,90.18,USD,yfinance
IGV,2026-07-01T23:19:01Z,93.34,90.74,USD,yfinance
IGV,2026-07-02T23:11:23Z,93.57,93.35,USD,yfinance
IGV,2026-07-03T23:07:49Z,93.57,93.35,USD,yfinance
IGV,2026-07-06T23:11:40Z,94.79,93.87,USD,yfinance
IGV,2026-07-07T23:05:06Z,94.13,95.41,USD,yfinance
IGV,2026-07-08T23:11:06Z,92.48,93.79,USD,yfinance
IGV,2026-07-09T23:14:38Z,93.88,92.44,USD,yfinance
IGV,2026-07-10T23:01:33Z,92.41,93.81,USD,yfinance
IGV,2026-07-11T20:53:39Z,92.41,93.81,USD,yfinance
IGV,2026-07-13T22:57:59Z,92.7,92.63,USD,yfinance
IGV,2026-07-14T22:59:23Z,93.63,92.52,USD,yfinance
IGV,2026-07-15T23:02:01Z,93.94,94.0,USD,yfinance
IGV,2026-07-16T23:01:20Z,93.7,93.9768,USD,yfinance
IGV,2026-07-17T22:54:24Z,92.8,93.24,USD,yfinance
IGV,2026-07-20T23:04:32Z,92.98,93.19,USD,yfinance
IGV,2026-07-21T23:01:59Z,91.82,92.95,USD,yfinance
IGV,2026-07-22T23:08:33Z,89.02,91.6,USD,yfinance
IGV,2026-07-23T23:00:27Z,87.1,89.23,USD,yfinance
IGV,2026-07-24T23:04:54Z,87.98,87.5,USD,yfinance
IGV,2026-07-27T23:06:10Z,90.91,88.1333,USD,yfinance
IGV,2026-07-28T23:03:36Z,91.78,90.85,USD,yfinance
IGV,2026-07-29T23:02:12Z,92.37,91.9999,USD,yfinance
IGV,2026-07-30T23:11:51Z,93.31,94.2444,USD,yfinance
IGV,2026-07-31T23:05:11Z,94.58,93.3,USD,yfinance
IGV,2026-08-03T23:05:04Z,97.42,94.4,USD,yfinance
IGV,2026-08-04T23:06:54Z,102.0,98.67,USD,yfinance
IGV,2026-08-05T23:03:40Z,101.31,101.9069,USD,yfinance
IGV,2026-08-07T01:31:59Z,99.42,99.38,USD,yfinance
IGV,2026-08-07T22:39:57Z,102.69,100.9,USD,yfinance
IGV,2026-08-10T20:10:56Z,105.02,102.95,USD,yfinance
IGV,2026-08-10T22:42:02Z,105.01,102.95,USD,yfinance
IGV,2026-08-11T22:47:00Z,103.92,104.928,USD,yfinance
IGV,2026-08-12T22:45:09Z,103.08,103.75,USD,yfinance
IGV,2026-08-13T16:00:56Z,103.54,103.015,USD,yfinance
IGV,2026-08-13T22:46:12Z,106.28,103.015,USD,yfinance
IGV,2026-08-14T22:27:35Z,104.08,106.15,USD,yfinance
IGV,2026-08-17T22:29:01Z,101.99,104.07,USD,yfinance
IGV,2026-08-18T22:27:39Z,101.96,101.72,USD,yfinance
IGV,2026-08-19T22:29:05Z,102.81,101.48,USD,yfinance
IGV,2026-08-20T22:32:04Z,101.91,103.2,USD,yfinance
IGV,2026-08-21T22:29:40Z,103.37,101.8,USD,yfinance
IGV,2026-08-24T22:30:39Z,102.45,103.35,USD,yfinance
IGV,2026-08-25T22:31:53Z,101.85,102.4103,USD,yfinance
IGV,2026-08-27T03:01:54Z,102.39,100.6,USD,yfinance
IGV,2026-08-27T20:21:00Z,110.32,105.6,USD,yfinance
IGV,2026-08-27T22:03:27Z,110.32,105.6,USD,yfinance
IGV,2026-08-28T06:02:38Z,110.32,105.6,USD,yfinance
IGV,2026-08-28T22:03:45Z,109.5,109.8613,USD,yfinance
IGV,2026-08-29T03:36:37Z,109.5,109.8613,USD,yfinance
IGV,2026-08-31T22:03:05Z,109.98,109.15,USD,yfinance
IGV,2026-09-01T01:05:50Z,109.98,109.15,USD,yfinance
IGV,2026-09-01T22:03:22Z,106.18,110.26,USD,yfinance
IGV,2026-09-01T23:54:31Z,106.18,110.26,USD,yfinance
IGV,2026-09-02T04:01:07Z,106.18,110.26,USD,yfinance
IGV,2026-09-02T04:06:38Z,106.18,110.26,USD,yfinance
IGV,2026-09-02T22:04:51Z,103.42,105.96,USD,yfinance
IGV,2026-09-02T23:58:47Z,103.42,105.96,USD,yfinance
IGV,2026-09-03T22:04:50Z,106.95,104.47,USD,yfinance
IGV,2026-09-03T23:55:15Z,106.95,104.47,USD,yfinance
IGV,2026-09-04T22:06:02Z,104.57,106.8148,USD,yfinance
IHF,2026-09-02T16:44:52Z,57.625,57.43,USD,yfinance
IHF,2026-09-02T22:03:53Z,57.65,57.43,USD,yfinance
IHF,2026-09-02T23:57:43Z,57.65,57.43,USD,yfinance
IHF,2026-09-03T22:03:50Z,58.0,57.39,USD,yfinance
IHF,2026-09-03T23:54:11Z,58.0,57.39,USD,yfinance
IHF,2026-09-04T22:04:45Z,57.42,58.0,USD,yfinance
IHI,2026-09-02T16:44:51Z,55.005,54.29,USD,yfinance
IHI,2026-09-02T22:03:51Z,54.42,54.29,USD,yfinance
IHI,2026-09-02T23:57:41Z,54.42,54.29,USD,yfinance
IHI,2026-09-03T22:03:49Z,53.91,54.4307,USD,yfinance
IHI,2026-09-03T23:54:09Z,53.91,54.4307,USD,yfinance
IHI,2026-09-04T22:04:43Z,53.63,53.8429,USD,yfinance
INTC,2026-06-18T18:50:03Z,134.29,124.3307,USD,yfinance
INTC,2026-06-18T23:47:56Z,133.99,124.3307,USD,yfinance
INTC,2026-06-19T23:01:15Z,133.99,124.3307,USD,yfinance
INTC,2026-06-22T23:22:58Z,140.94,134.18,USD,yfinance
INTC,2026-06-23T23:10:39Z,132.28,139.0,USD,yfinance
INTC,2026-06-24T23:06:50Z,131.65,132.81,USD,yfinance
INTC,2026-06-25T23:21:24Z,132.87,138.69,USD,yfinance
INTC,2026-06-26T23:09:35Z,128.32,131.8101,USD,yfinance
INTC,2026-06-29T23:01:30Z,131.72,127.6198,USD,yfinance
INTC,2026-06-30T23:16:30Z,139.63,131.68,USD,yfinance
INTC,2026-07-01T23:18:34Z,127.02,139.3956,USD,yfinance
INTC,2026-07-02T23:10:55Z,120.35,127.1805,USD,yfinance
INTC,2026-07-03T23:07:22Z,120.35,127.1805,USD,yfinance
INTC,2026-07-06T23:11:12Z,122.2,121.01,USD,yfinance
INTC,2026-07-07T23:04:37Z,110.39,121.13,USD,yfinance
INTC,2026-07-08T23:10:39Z,110.24,108.1958,USD,yfinance
INTC,2026-07-09T23:14:07Z,112.54,110.29,USD,yfinance
INTC,2026-07-10T23:01:03Z,109.84,112.63,USD,yfinance
INTC,2026-07-11T20:53:10Z,109.84,112.63,USD,yfinance
INTC,2026-07-13T22:57:33Z,103.12,109.6001,USD,yfinance
INTC,2026-07-14T22:58:54Z,107.76,102.42,USD,yfinance
INTC,2026-07-15T22:59:57Z,102.99,108.905,USD,yfinance
INTC,2026-07-16T22:59:26Z,96.98,103.2,USD,yfinance
INTC,2026-07-17T22:52:36Z,95.04,95.1698,USD,yfinance
INTC,2026-07-20T23:03:04Z,97.06,93.97,USD,yfinance
INTC,2026-07-21T23:00:09Z,105.45,97.55,USD,yfinance
INTC,2026-07-22T23:07:05Z,102.62,106.089,USD,yfinance
INTC,2026-07-23T22:58:36Z,100.23,103.79,USD,yfinance
INTC,2026-07-24T23:03:28Z,92.32,104.61,USD,yfinance
INTC,2026-07-27T23:04:46Z,91.67,91.535,USD,yfinance
INTC,2026-07-28T23:02:12Z,86.3,90.96,USD,yfinance
INTC,2026-07-29T23:00:44Z,81.88,87.54,USD,yfinance
INTC,2026-07-30T23:10:14Z,91.13,81.19,USD,yfinance
INTC,2026-07-31T23:03:34Z,90.2,95.28,USD,yfinance
INTC,2026-08-03T23:03:35Z,91.0,89.2278,USD,yfinance
INTC,2026-08-04T23:05:24Z,100.86,92.4,USD,yfinance
INTC,2026-08-05T23:02:12Z,101.06,97.6499,USD,yfinance
INTC,2026-08-07T01:30:31Z,99.81,100.9,USD,yfinance
INTC,2026-08-07T22:38:31Z,101.65,100.2,USD,yfinance
INTC,2026-08-10T20:09:24Z,97.52,101.68,USD,yfinance
INTC,2026-08-10T22:39:56Z,97.52,101.68,USD,yfinance
INTC,2026-08-11T22:45:05Z,97.71,97.31,USD,yfinance
INTC,2026-08-12T22:43:10Z,100.95,97.91,USD,yfinance
INTC,2026-08-13T15:59:08Z,105.39,101.1669,USD,yfinance
INTC,2026-08-13T22:44:34Z,104.56,101.1669,USD,yfinance
INTC,2026-08-14T22:25:51Z,102.5,105.49,USD,yfinance
INTC,2026-08-17T22:27:14Z,103.49,103.0602,USD,yfinance
INTC,2026-08-18T22:25:54Z,96.685,103.6797,USD,yfinance
INTC,2026-08-19T22:27:16Z,92.8,95.71,USD,yfinance
INTC,2026-08-20T22:30:05Z,92.13,93.8,USD,yfinance
INTC,2026-08-21T22:27:29Z,90.07,91.9239,USD,yfinance
INTC,2026-08-24T22:28:41Z,87.26,89.86,USD,yfinance
INTC,2026-08-25T22:29:57Z,87.48,87.0789,USD,yfinance
INTC,2026-08-27T03:00:02Z,88.24,87.58,USD,yfinance
INTC,2026-08-27T20:18:43Z,92.09,89.9389,USD,yfinance
INTC,2026-08-27T22:01:04Z,92.09,89.9389,USD,yfinance
INTC,2026-08-28T06:00:24Z,92.09,89.9389,USD,yfinance
INTC,2026-08-28T22:01:07Z,89.47,91.13,USD,yfinance
INTC,2026-08-29T03:34:10Z,89.47,91.13,USD,yfinance
INTC,2026-08-31T22:01:00Z,89.51,89.25,USD,yfinance
INTC,2026-09-01T01:03:55Z,89.51,89.25,USD,yfinance
INTC,2026-09-01T22:01:02Z,88.97,89.6927,USD,yfinance
INTC,2026-09-01T23:52:17Z,88.97,89.6927,USD,yfinance
INTC,2026-09-02T03:59:08Z,88.97,89.6927,USD,yfinance
INTC,2026-09-02T04:04:31Z,88.97,89.6927,USD,yfinance
INTC,2026-09-02T22:01:03Z,90.05,88.9,USD,yfinance
INTC,2026-09-02T23:54:36Z,90.05,88.9,USD,yfinance
INTC,2026-09-03T22:00:59Z,91.67,90.269,USD,yfinance
INTC,2026-09-03T23:51:02Z,91.67,90.269,USD,yfinance
INTC,2026-09-04T22:01:00Z,95.8,91.4807,USD,yfinance
INVH,2026-08-21T18:03:31Z,30.115,30.27,USD,yfinance
INVH,2026-08-21T22:29:30Z,30.11,30.27,USD,yfinance
INVH,2026-08-24T22:30:28Z,30.46,30.11,USD,yfinance
INVH,2026-08-25T22:31:43Z,30.21,30.46,USD,yfinance
INVH,2026-08-27T03:01:45Z,29.89,30.21,USD,yfinance
INVH,2026-08-27T20:20:50Z,29.23,29.69,USD,yfinance
INVH,2026-08-27T22:03:15Z,29.23,29.69,USD,yfinance
INVH,2026-08-28T06:02:28Z,29.23,29.69,USD,yfinance
INVH,2026-08-28T22:03:34Z,29.24,29.23,USD,yfinance
INVH,2026-08-29T03:36:26Z,29.24,29.23,USD,yfinance
INVH,2026-08-31T22:02:56Z,29.14,28.974,USD,yfinance
INVH,2026-09-01T01:05:41Z,29.14,28.974,USD,yfinance
INVH,2026-09-01T22:03:13Z,29.13,29.14,USD,yfinance
INVH,2026-09-01T23:54:21Z,29.13,29.14,USD,yfinance
INVH,2026-09-02T04:00:58Z,29.13,29.14,USD,yfinance
INVH,2026-09-02T04:06:29Z,29.13,29.14,USD,yfinance
INVH,2026-09-02T22:04:42Z,28.84,29.13,USD,yfinance
INVH,2026-09-02T23:58:37Z,28.84,29.13,USD,yfinance
INVH,2026-09-03T22:04:40Z,28.45,28.85,USD,yfinance
INVH,2026-09-03T23:55:06Z,28.45,28.85,USD,yfinance
INVH,2026-09-04T22:05:50Z,28.39,28.35,USD,yfinance
IONQ,2026-09-02T13:38:20Z,36.88,37.72,USD,yfinance
IONQ,2026-09-02T22:04:36Z,37.64,37.72,USD,yfinance
IONQ,2026-09-02T23:58:30Z,37.64,37.72,USD,yfinance
IONQ,2026-09-03T22:04:34Z,39.02,37.84,USD,yfinance
IONQ,2026-09-03T23:54:59Z,39.02,37.84,USD,yfinance
IONQ,2026-09-04T22:05:42Z,39.52,39.38,USD,yfinance
IREN,2026-06-18T17:48:04Z,60.195,59.07,USD,yfinance
IREN,2026-06-18T18:02:32Z,60.155,59.07,USD,yfinance
IREN,2026-06-18T18:50:11Z,59.235,59.07,USD,yfinance
IREN,2026-06-18T23:48:04Z,59.96,59.07,USD,yfinance
IREN,2026-06-19T23:01:22Z,59.96,59.07,USD,yfinance
IREN,2026-06-22T23:23:06Z,56.87,60.03,USD,yfinance
IREN,2026-06-23T23:10:49Z,54.72,57.0,USD,yfinance
IREN,2026-06-24T23:06:57Z,50.3,54.9,USD,yfinance
IREN,2026-06-25T23:21:31Z,47.74,52.4981,USD,yfinance
IREN,2026-06-26T23:09:45Z,47.21,47.73,USD,yfinance
IREN,2026-06-29T23:01:40Z,45.91,46.98,USD,yfinance
IREN,2026-06-30T23:16:39Z,45.73,46.2057,USD,yfinance
IREN,2026-07-01T23:18:42Z,43.32,46.2,USD,yfinance
IREN,2026-07-02T23:11:03Z,38.82,43.22,USD,yfinance
IREN,2026-07-03T23:07:30Z,38.82,43.22,USD,yfinance
IREN,2026-07-06T23:11:20Z,43.91,39.1679,USD,yfinance
IREN,2026-07-07T23:04:46Z,39.815,43.7,USD,yfinance
IREN,2026-07-08T23:10:47Z,43.005,39.4,USD,yfinance
IREN,2026-07-09T23:14:15Z,41.72,43.15,USD,yfinance
IREN,2026-07-10T23:01:11Z,41.14,42.1896,USD,yfinance
IREN,2026-07-11T20:53:18Z,41.14,42.1896,USD,yfinance
IREN,2026-07-13T22:57:40Z,38.98,40.8286,USD,yfinance
IREN,2026-07-14T22:59:03Z,38.59,38.53,USD,yfinance
IREN,2026-07-15T23:00:50Z,38.28,39.14,USD,yfinance
IREN,2026-07-16T23:00:14Z,34.83,38.36,USD,yfinance
IREN,2026-07-17T22:53:22Z,33.62,34.54,USD,yfinance
IREN,2026-07-20T23:03:41Z,40.2,33.72,USD,yfinance
IREN,2026-07-21T23:00:55Z,41.29,41.04,USD,yfinance
IREN,2026-07-22T23:07:42Z,41.28,41.456,USD,yfinance
IREN,2026-07-23T22:59:23Z,40.58,42.1,USD,yfinance
IREN,2026-07-24T23:04:04Z,37.07,40.7,USD,yfinance
IREN,2026-07-27T23:05:21Z,36.29,36.9754,USD,yfinance
IREN,2026-07-28T23:02:47Z,33.93,36.07,USD,yfinance
IREN,2026-07-29T23:01:21Z,29.31,34.05,USD,yfinance
IREN,2026-07-30T23:10:55Z,38.26,29.9197,USD,yfinance
IREN,2026-07-31T23:04:15Z,36.8,39.5,USD,yfinance
IREN,2026-08-03T23:04:13Z,39.75,36.72,USD,yfinance
IREN,2026-08-04T23:06:02Z,40.85,40.3675,USD,yfinance
IREN,2026-08-05T23:02:49Z,38.89,40.99,USD,yfinance
IREN,2026-08-07T01:31:09Z,37.93,38.6,USD,yfinance
IREN,2026-08-07T22:39:07Z,41.23,38.4,USD,yfinance
IREN,2026-08-10T20:10:00Z,38.74,41.55,USD,yfinance
IREN,2026-08-10T22:40:43Z,38.74,41.55,USD,yfinance
IREN,2026-08-11T22:45:50Z,39.75,38.97,USD,yfinance
IREN,2026-08-12T22:43:55Z,43.67,41.49,USD,yfinance
IREN,2026-08-13T15:59:49Z,45.65,43.58,USD,yfinance
IREN,2026-08-13T22:45:14Z,44.76,43.58,USD,yfinance
IREN,2026-08-14T22:26:32Z,44.06,45.22,USD,yfinance
IREN,2026-08-17T22:27:58Z,44.9,44.1685,USD,yfinance
IREN,2026-08-18T22:26:37Z,42.0,45.325,USD,yfinance
IREN,2026-08-19T22:27:59Z,42.84,41.47,USD,yfinance
IREN,2026-08-20T22:30:52Z,42.6,43.45,USD,yfinance
IREN,2026-08-21T22:28:23Z,41.88,42.33,USD,yfinance
IREN,2026-08-24T22:29:26Z,39.81,41.7282,USD,yfinance
IREN,2026-08-25T22:30:41Z,42.21,39.55,USD,yfinance
IREN,2026-08-27T03:00:45Z,39.58,42.0608,USD,yfinance
IREN,2026-08-27T20:19:31Z,40.53,40.9469,USD,yfinance
IREN,2026-08-27T22:01:55Z,40.53,40.9469,USD,yfinance
IREN,2026-08-28T06:01:10Z,40.53,40.9469,USD,yfinance
IREN,2026-08-28T22:02:02Z,35.45,37.1054,USD,yfinance
IREN,2026-08-29T03:35:01Z,35.45,37.1054,USD,yfinance
IREN,2026-08-31T22:01:44Z,37.115,35.6021,USD,yfinance
IREN,2026-09-01T01:04:35Z,37.115,35.6021,USD,yfinance
IREN,2026-09-01T22:01:49Z,36.82,37.19,USD,yfinance
IREN,2026-09-01T23:53:01Z,36.82,37.19,USD,yfinance
IREN,2026-09-02T03:59:47Z,36.82,37.19,USD,yfinance
IREN,2026-09-02T04:05:13Z,36.82,37.19,USD,yfinance
IREN,2026-09-02T22:01:49Z,39.6,36.4201,USD,yfinance
IREN,2026-09-02T23:55:27Z,39.6,36.4201,USD,yfinance
IREN,2026-09-03T22:01:46Z,41.65,39.29,USD,yfinance
IREN,2026-09-03T23:51:54Z,41.65,39.29,USD,yfinance
IREN,2026-09-04T22:02:01Z,44.68,41.33,USD,yfinance
ITA,2026-09-02T16:44:33Z,223.57,225.79,USD,yfinance
ITA,2026-09-02T22:03:35Z,223.37,225.79,USD,yfinance
ITA,2026-09-02T23:57:23Z,223.37,225.79,USD,yfinance
ITA,2026-09-03T22:03:32Z,225.98,224.03,USD,yfinance
ITA,2026-09-03T23:53:52Z,225.98,224.03,USD,yfinance
ITA,2026-09-04T22:04:21Z,225.61,225.98,USD,yfinance
ITB,2026-09-02T16:44:44Z,93.285,92.71,USD,yfinance
ITB,2026-09-02T22:03:45Z,92.82,92.71,USD,yfinance
ITB,2026-09-02T23:57:34Z,92.82,92.71,USD,yfinance
ITB,2026-09-03T22:03:42Z,93.62,92.8,USD,yfinance
ITB,2026-09-03T23:54:03Z,93.62,92.8,USD,yfinance
ITB,2026-09-04T22:04:34Z,93.91,92.86,USD,yfinance
IWM,2026-08-14T02:36:37Z,303.5,302.8908,USD,yfinance
IWM,2026-08-14T22:27:31Z,305.09,303.335,USD,yfinance
IWM,2026-08-17T22:28:57Z,304.06,304.9,USD,yfinance
IWM,2026-08-18T22:27:35Z,300.23,304.08,USD,yfinance
IWM,2026-08-19T22:29:01Z,301.72,300.2,USD,yfinance
IWM,2026-08-20T22:32:00Z,297.67,301.95,USD,yfinance
IWM,2026-08-21T22:29:36Z,299.96,297.81,USD,yfinance
IWM,2026-08-24T22:30:34Z,297.97,300.38,USD,yfinance
IWM,2026-08-25T22:31:49Z,299.23,297.94,USD,yfinance
IWM,2026-08-27T03:01:50Z,298.93,298.95,USD,yfinance
IWM,2026-08-27T20:20:55Z,299.81,299.675,USD,yfinance
IWM,2026-08-27T22:03:21Z,299.81,299.675,USD,yfinance
IWM,2026-08-28T06:02:34Z,299.81,299.675,USD,yfinance
IWM,2026-08-28T22:03:41Z,295.75,299.642,USD,yfinance
IWM,2026-08-29T03:36:32Z,295.75,299.642,USD,yfinance
IWM,2026-08-31T22:03:01Z,293.93,295.7899,USD,yfinance
IWM,2026-09-01T01:05:46Z,293.93,295.7899,USD,yfinance
IWM,2026-09-01T22:03:18Z,290.57,293.9577,USD,yfinance
IWM,2026-09-01T23:54:27Z,290.57,293.9577,USD,yfinance
IWM,2026-09-02T04:01:03Z,290.57,293.9577,USD,yfinance
IWM,2026-09-02T04:06:34Z,290.57,293.9577,USD,yfinance
IWM,2026-09-02T22:04:48Z,294.01,290.57,USD,yfinance
IWM,2026-09-02T23:58:43Z,294.01,290.57,USD,yfinance
IWM,2026-09-03T22:04:46Z,295.19,294.05,USD,yfinance
IWM,2026-09-03T23:55:11Z,295.19,294.05,USD,yfinance
IWM,2026-09-04T22:05:57Z,296.01,295.0,USD,yfinance
IYT,2026-09-02T16:44:38Z,83.58,82.93,USD,yfinance
IYT,2026-09-02T22:03:40Z,83.32,82.93,USD,yfinance
IYT,2026-09-02T23:57:29Z,83.32,82.93,USD,yfinance
IYT,2026-09-03T22:03:37Z,83.6,83.34,USD,yfinance
IYT,2026-09-03T23:53:57Z,83.6,83.34,USD,yfinance
IYT,2026-09-04T22:04:28Z,84.17,83.6,USD,yfinance
JETS,2026-09-02T16:44:41Z,28.355,27.88,USD,yfinance
JETS,2026-09-02T22:03:42Z,28.33,27.88,USD,yfinance
JETS,2026-09-02T23:57:31Z,28.33,27.88,USD,yfinance
JETS,2026-09-03T22:03:40Z,28.42,28.44,USD,yfinance
JETS,2026-09-03T23:54:00Z,28.42,28.44,USD,yfinance
JETS,2026-09-04T22:04:31Z,28.8,28.48,USD,yfinance
JPM,2026-06-18T18:50:01Z,328.15,334.5,USD,yfinance
JPM,2026-06-18T23:47:54Z,325.22,334.5,USD,yfinance
JPM,2026-06-19T23:01:12Z,325.22,334.5,USD,yfinance
JPM,2026-06-22T23:22:56Z,331.48,325.9,USD,yfinance
JPM,2026-06-23T23:10:36Z,334.14,331.81,USD,yfinance
JPM,2026-06-24T23:06:47Z,333.45,334.5,USD,yfinance
JPM,2026-06-25T23:21:21Z,335.12,335.0497,USD,yfinance
JPM,2026-06-26T23:09:32Z,329.05,336.79,USD,yfinance
JPM,2026-06-29T23:01:27Z,329.39,329.17,USD,yfinance
JPM,2026-06-30T23:16:27Z,327.33,329.1971,USD,yfinance
JPM,2026-07-01T23:18:31Z,334.07,327.04,USD,yfinance
JPM,2026-07-02T23:10:53Z,334.47,333.87,USD,yfinance
JPM,2026-07-03T23:07:20Z,334.47,333.87,USD,yfinance
JPM,2026-07-06T23:11:09Z,337.72,334.98,USD,yfinance
JPM,2026-07-07T23:04:34Z,339.22,338.4663,USD,yfinance
JPM,2026-07-08T23:10:37Z,330.62,338.5,USD,yfinance
JPM,2026-07-09T23:14:04Z,335.47,331.37,USD,yfinance
JPM,2026-07-10T23:01:00Z,336.47,335.55,USD,yfinance
JPM,2026-07-11T20:53:07Z,336.47,335.55,USD,yfinance
JPM,2026-07-13T22:57:30Z,334.53,336.88,USD,yfinance
JPM,2026-07-14T22:58:51Z,342.89,334.6225,USD,yfinance
JPM,2026-07-15T23:01:47Z,346.91,342.5398,USD,yfinance
JPM,2026-07-16T23:01:07Z,343.15,347.31,USD,yfinance
JPM,2026-07-17T22:54:11Z,341.1,342.85,USD,yfinance
JPM,2026-07-20T23:04:22Z,338.87,342.38,USD,yfinance
JPM,2026-07-21T23:01:46Z,345.23,338.51,USD,yfinance
JPM,2026-07-22T23:08:23Z,348.21,345.25,USD,yfinance
JPM,2026-07-23T23:00:14Z,349.9,349.0,USD,yfinance
JPM,2026-07-24T23:04:44Z,353.21,349.5241,USD,yfinance
JPM,2026-07-27T23:06:00Z,356.2,353.2534,USD,yfinance
JPM,2026-07-28T23:03:26Z,357.31,356.21,USD,yfinance
JPM,2026-07-29T23:02:02Z,344.71,357.7,USD,yfinance
JPM,2026-07-30T23:11:40Z,350.85,345.96,USD,yfinance
JPM,2026-07-31T23:05:00Z,351.79,350.8,USD,yfinance
JPM,2026-08-03T23:04:53Z,352.64,350.15,USD,yfinance
JPM,2026-08-04T23:06:43Z,357.52,352.9575,USD,yfinance
JPM,2026-08-05T23:03:29Z,359.24,357.81,USD,yfinance
JPM,2026-08-07T01:31:49Z,356.3,360.88,USD,yfinance
JPM,2026-08-07T22:39:47Z,357.52,356.98,USD,yfinance
JPM,2026-08-10T20:10:46Z,359.79,358.2057,USD,yfinance
JPM,2026-08-10T22:41:48Z,359.79,358.2057,USD,yfinance
JPM,2026-08-11T22:46:48Z,362.04,359.38,USD,yfinance
JPM,2026-08-12T22:44:56Z,365.18,362.26,USD,yfinance
JPM,2026-08-13T16:00:45Z,362.885,365.38,USD,yfinance
JPM,2026-08-13T22:46:01Z,363.11,365.38,USD,yfinance
JPM,2026-08-14T22:27:22Z,362.84,363.13,USD,yfinance
JPM,2026-08-17T22:28:47Z,360.96,362.6,USD,yfinance
JPM,2026-08-18T22:27:26Z,363.25,361.0629,USD,yfinance
JPM,2026-08-19T22:28:49Z,357.26,363.27,USD,yfinance
JPM,2026-08-20T22:31:46Z,351.55,357.95,USD,yfinance
JPM,2026-08-21T22:29:19Z,351.58,352.65,USD,yfinance
JPM,2026-08-24T22:30:19Z,356.39,351.99,USD,yfinance
JPM,2026-08-25T22:31:34Z,356.69,356.51,USD,yfinance
JPM,2026-08-27T03:01:36Z,356.5,356.73,USD,yfinance
JPM,2026-08-27T20:20:40Z,354.22,356.89,USD,yfinance
JPM,2026-08-27T22:03:05Z,354.22,356.89,USD,yfinance
JPM,2026-08-28T06:02:19Z,354.22,356.89,USD,yfinance
JPM,2026-08-28T22:03:23Z,357.62,354.2,USD,yfinance
JPM,2026-08-29T03:36:16Z,357.62,354.2,USD,yfinance
JPM,2026-08-31T22:02:47Z,356.02,357.6596,USD,yfinance
JPM,2026-09-01T01:05:33Z,356.02,357.6596,USD,yfinance
JPM,2026-09-01T22:02:58Z,354.95,356.15,USD,yfinance
JPM,2026-09-01T23:54:06Z,354.95,356.15,USD,yfinance
JPM,2026-09-02T04:00:45Z,354.95,356.15,USD,yfinance
JPM,2026-09-02T04:06:15Z,354.95,356.15,USD,yfinance
JPM,2026-09-02T22:02:54Z,356.22,355.2925,USD,yfinance
JPM,2026-09-02T23:56:39Z,356.22,355.2925,USD,yfinance
JPM,2026-09-03T22:02:52Z,362.06,356.3,USD,yfinance
JPM,2026-09-03T23:53:07Z,362.06,356.3,USD,yfinance
JPM,2026-09-04T22:03:28Z,358.64,362.25,USD,yfinance
KBE,2026-09-02T16:44:56Z,68.5,67.44,USD,yfinance
KBE,2026-09-02T22:03:57Z,68.35,67.44,USD,yfinance
KBE,2026-09-02T23:57:47Z,68.35,67.44,USD,yfinance
KBE,2026-09-03T22:03:54Z,69.11,68.7,USD,yfinance
KBE,2026-09-03T23:54:15Z,69.11,68.7,USD,yfinance
KBE,2026-09-04T22:04:49Z,69.34,69.0,USD,yfinance
KCE,2026-09-02T16:44:59Z,167.072,167.59,USD,yfinance
KCE,2026-09-02T22:03:59Z,166.72,167.59,USD,yfinance
KCE,2026-09-02T23:57:49Z,166.72,167.59,USD,yfinance
KCE,2026-09-03T22:03:56Z,171.43,166.7198,USD,yfinance
KCE,2026-09-03T23:54:18Z,171.43,166.7198,USD,yfinance
KCE,2026-09-04T22:04:53Z,170.918,171.4303,USD,yfinance
KGC,2026-06-18T18:51:22Z,26.555,27.57,USD,yfinance
KGC,2026-06-18T23:49:08Z,26.67,27.57,USD,yfinance
KGC,2026-06-19T23:02:27Z,26.67,27.57,USD,yfinance
KGC,2026-06-22T23:24:09Z,26.3,26.7,USD,yfinance
KGC,2026-06-23T23:12:09Z,25.01,25.85,USD,yfinance
KGC,2026-06-24T23:08:04Z,23.7,25.06,USD,yfinance
KGC,2026-06-25T23:22:38Z,24.04,24.0915,USD,yfinance
KGC,2026-06-26T23:11:08Z,24.26,24.15,USD,yfinance
KGC,2026-06-29T23:03:02Z,23.78,24.4373,USD,yfinance
KGC,2026-06-30T23:17:59Z,23.62,23.8764,USD,yfinance
KGC,2026-07-01T23:19:48Z,23.47,23.49,USD,yfinance
KGC,2026-07-02T23:12:09Z,24.71,23.49,USD,yfinance
KGC,2026-07-03T23:08:35Z,24.71,23.49,USD,yfinance
KGC,2026-07-06T23:12:29Z,24.72,24.86,USD,yfinance
KGC,2026-07-07T23:05:56Z,23.88,24.92,USD,yfinance
KGC,2026-07-08T23:11:53Z,23.06,23.89,USD,yfinance
KGC,2026-07-09T23:15:31Z,24.2,23.01,USD,yfinance
KGC,2026-07-10T23:02:23Z,24.14,24.1526,USD,yfinance
KGC,2026-07-11T20:54:28Z,24.14,24.1526,USD,yfinance
KGC,2026-07-13T22:58:45Z,23.48,24.05,USD,yfinance
KGC,2026-07-14T23:00:15Z,23.91,23.45,USD,yfinance
KGC,2026-07-15T23:01:12Z,23.66,23.9883,USD,yfinance
KGC,2026-07-16T23:00:35Z,22.92,23.74,USD,yfinance
KGC,2026-07-17T22:53:41Z,22.57,22.95,USD,yfinance
KGC,2026-07-20T23:03:57Z,22.53,22.5987,USD,yfinance
KGC,2026-07-21T23:01:15Z,23.41,22.5201,USD,yfinance
KGC,2026-07-22T23:07:58Z,24.24,23.44,USD,yfinance
KGC,2026-07-23T22:59:43Z,23.67,24.3,USD,yfinance
KGC,2026-07-24T23:04:19Z,23.85,23.5523,USD,yfinance
KGC,2026-07-27T23:05:37Z,23.92,24.0653,USD,yfinance
KGC,2026-07-28T23:03:02Z,23.51,23.88,USD,yfinance
KGC,2026-07-29T23:01:37Z,23.21,23.4,USD,yfinance
KGC,2026-07-30T23:11:12Z,23.62,23.62,USD,yfinance
KGC,2026-07-31T23:04:33Z,23.1,23.57,USD,yfinance
KGC,2026-08-03T23:04:28Z,23.43,23.08,USD,yfinance
KGC,2026-08-04T23:06:18Z,23.6,23.42,USD,yfinance
KGC,2026-08-05T23:03:05Z,25.7,23.6306,USD,yfinance
KGC,2026-08-07T01:31:24Z,25.62,25.99,USD,yfinance
KGC,2026-08-07T22:39:22Z,27.64,25.6506,USD,yfinance
KGC,2026-08-10T20:10:15Z,27.4,27.88,USD,yfinance
KGC,2026-08-10T22:41:04Z,27.4,27.88,USD,yfinance
KGC,2026-08-11T22:46:09Z,27.24,27.52,USD,yfinance
KGC,2026-08-12T22:44:14Z,27.48,27.25,USD,yfinance
KGC,2026-08-13T16:00:08Z,26.66,27.4986,USD,yfinance
KGC,2026-08-13T22:45:29Z,26.85,27.4986,USD,yfinance
KGC,2026-08-14T22:26:48Z,27.31,27.0,USD,yfinance
KGC,2026-08-17T22:28:14Z,27.72,27.3099,USD,yfinance
KGC,2026-08-18T22:26:53Z,27.12,27.7793,USD,yfinance
KGC,2026-08-19T22:28:15Z,29.9,27.01,USD,yfinance
KGC,2026-08-20T22:31:10Z,31.43,30.04,USD,yfinance
KGC,2026-08-21T22:28:41Z,32.76,31.42,USD,yfinance
KGC,2026-08-24T22:29:45Z,32.98,32.8202,USD,yfinance
KGC,2026-08-25T22:31:00Z,33.48,33.04,USD,yfinance
KGC,2026-08-27T03:01:03Z,32.32,33.6,USD,yfinance
KGC,2026-08-27T20:19:51Z,32.51,32.61,USD,yfinance
KGC,2026-08-27T22:02:15Z,32.51,32.61,USD,yfinance
KGC,2026-08-28T06:01:29Z,32.51,32.61,USD,yfinance
KGC,2026-08-28T22:02:25Z,31.27,32.382,USD,yfinance
KGC,2026-08-29T03:35:22Z,31.27,32.382,USD,yfinance
KGC,2026-08-31T22:02:02Z,30.68,31.15,USD,yfinance
KGC,2026-09-01T01:04:52Z,30.68,31.15,USD,yfinance
KGC,2026-09-01T22:02:11Z,29.43,30.58,USD,yfinance
KGC,2026-09-01T23:53:21Z,29.43,30.58,USD,yfinance
KGC,2026-09-02T04:00:05Z,29.43,30.58,USD,yfinance
KGC,2026-09-02T04:05:32Z,29.43,30.58,USD,yfinance
KGC,2026-09-02T22:02:12Z,30.26,29.65,USD,yfinance
KGC,2026-09-02T23:55:52Z,30.26,29.65,USD,yfinance
KGC,2026-09-03T22:02:09Z,31.59,30.565,USD,yfinance
KGC,2026-09-03T23:52:20Z,31.59,30.565,USD,yfinance
KGC,2026-09-04T22:02:32Z,30.87,31.7603,USD,yfinance
KIE,2026-09-02T16:45:01Z,63.8,63.07,USD,yfinance
KIE,2026-09-02T22:04:02Z,63.62,63.07,USD,yfinance
KIE,2026-09-02T23:57:52Z,63.62,63.07,USD,yfinance
KIE,2026-09-03T22:03:59Z,64.8,63.45,USD,yfinance
KIE,2026-09-03T23:54:21Z,64.8,63.45,USD,yfinance
KIE,2026-09-04T22:04:56Z,63.9,64.8,USD,yfinance
KRE,2026-09-02T13:38:14Z,73.28,72.53,USD,yfinance
KRE,2026-09-02T22:04:30Z,74.24,72.53,USD,yfinance
KRE,2026-09-02T23:58:23Z,74.24,72.53,USD,yfinance
KRE,2026-09-03T22:04:28Z,74.87,74.1,USD,yfinance
KRE,2026-09-03T23:54:52Z,74.87,74.1,USD,yfinance
KRE,2026-09-04T22:05:34Z,75.27,74.86,USD,yfinance
LIT,2026-09-02T16:44:30Z,73.915,74.5,USD,yfinance
LIT,2026-09-02T22:03:32Z,74.26,74.5,USD,yfinance
LIT,2026-09-02T23:57:20Z,74.26,74.5,USD,yfinance
LIT,2026-09-03T22:03:30Z,74.46,75.3448,USD,yfinance
LIT,2026-09-03T23:53:49Z,74.46,75.3448,USD,yfinance
LIT,2026-09-04T22:04:18Z,74.18,74.17,USD,yfinance
LITE,2026-06-18T18:50:54Z,835.0,878.02,USD,yfinance
LITE,2026-06-18T23:48:44Z,850.0,878.02,USD,yfinance
LITE,2026-06-19T23:02:02Z,850.0,878.02,USD,yfinance
LITE,2026-06-22T23:23:45Z,893.93,847.9999,USD,yfinance
LITE,2026-06-23T23:11:38Z,827.92,885.72,USD,yfinance
LITE,2026-06-24T23:07:38Z,842.53,829.87,USD,yfinance
LITE,2026-06-25T23:22:12Z,861.97,869.0,USD,yfinance
LITE,2026-06-26T23:10:37Z,816.98,853.5,USD,yfinance
LITE,2026-06-29T23:02:31Z,851.4,811.8,USD,yfinance
LITE,2026-06-30T23:17:28Z,858.06,846.6,USD,yfinance
LITE,2026-07-01T23:19:23Z,801.16,857.9299,USD,yfinance
LITE,2026-07-02T23:11:44Z,728.32,798.58,USD,yfinance
LITE,2026-07-03T23:08:10Z,728.32,798.58,USD,yfinance
LITE,2026-07-06T23:12:03Z,731.25,726.3,USD,yfinance
LITE,2026-07-07T23:05:30Z,698.91,724.41,USD,yfinance
LITE,2026-07-08T23:11:28Z,707.1,689.8,USD,yfinance
LITE,2026-07-09T23:15:03Z,785.77,709.5,USD,yfinance
LITE,2026-07-10T23:01:56Z,802.01,793.45,USD,yfinance
LITE,2026-07-11T20:54:02Z,802.01,793.45,USD,yfinance
LITE,2026-07-13T22:58:20Z,768.15,805.0,USD,yfinance
LITE,2026-07-14T22:59:48Z,814.8,762.1873,USD,yfinance
LITE,2026-07-15T23:00:41Z,752.0,818.5,USD,yfinance
LITE,2026-07-16T23:00:05Z,706.23,746.93,USD,yfinance
LITE,2026-07-17T22:53:14Z,732.82,694.99,USD,yfinance
LITE,2026-07-20T23:03:34Z,765.55,728.2212,USD,yfinance
LITE,2026-07-21T23:00:47Z,837.56,771.1,USD,yfinance
LITE,2026-07-22T23:07:36Z,829.7,844.039,USD,yfinance
LITE,2026-07-23T22:59:15Z,833.64,847.45,USD,yfinance
LITE,2026-07-24T23:03:58Z,762.99,832.49,USD,yfinance
LITE,2026-07-27T23:05:15Z,711.96,765.5,USD,yfinance
LITE,2026-07-28T23:02:41Z,651.93,706.0,USD,yfinance
LITE,2026-07-29T23:01:15Z,602.35,660.0,USD,yfinance
LITE,2026-07-30T23:10:48Z,693.24,599.0,USD,yfinance
LITE,2026-07-31T23:04:08Z,713.94,714.01,USD,yfinance
LITE,2026-08-03T23:04:06Z,779.89,706.48,USD,yfinance
LITE,2026-08-04T23:05:55Z,849.47,790.0,USD,yfinance
LITE,2026-08-05T23:02:43Z,826.26,849.01,USD,yfinance
LITE,2026-08-07T01:31:02Z,838.06,821.55,USD,yfinance
LITE,2026-08-07T22:39:01Z,890.17,868.69,USD,yfinance
LITE,2026-08-10T20:09:54Z,813.51,895.0,USD,yfinance
LITE,2026-08-10T22:40:35Z,813.51,895.0,USD,yfinance
LITE,2026-08-11T22:45:42Z,820.59,817.02,USD,yfinance
LITE,2026-08-12T22:43:48Z,932.47,840.5893,USD,yfinance
LITE,2026-08-13T15:59:42Z,918.81,934.54,USD,yfinance
LITE,2026-08-13T22:45:07Z,880.41,934.54,USD,yfinance
LITE,2026-08-14T22:26:25Z,926.14,889.4,USD,yfinance
LITE,2026-08-17T22:27:51Z,968.9,924.33,USD,yfinance
LITE,2026-08-18T22:26:30Z,873.31,971.7384,USD,yfinance
LITE,2026-08-19T22:27:52Z,827.6,863.69,USD,yfinance
LITE,2026-08-20T22:30:44Z,879.28,839.74,USD,yfinance
LITE,2026-08-21T22:28:15Z,866.71,873.0,USD,yfinance
LITE,2026-08-24T22:29:19Z,830.17,867.0,USD,yfinance
LITE,2026-08-25T22:30:34Z,885.565,824.05,USD,yfinance
LITE,2026-08-27T03:00:39Z,939.03,881.51,USD,yfinance
LITE,2026-08-27T20:19:24Z,956.14,967.0,USD,yfinance
LITE,2026-08-27T22:01:47Z,956.14,967.0,USD,yfinance
LITE,2026-08-28T06:01:03Z,956.14,967.0,USD,yfinance
LITE,2026-08-28T22:01:54Z,895.0,936.0,USD,yfinance
LITE,2026-08-29T03:34:53Z,895.0,936.0,USD,yfinance
LITE,2026-08-31T22:01:37Z,914.76,895.0,USD,yfinance
LITE,2026-09-01T01:04:29Z,914.76,895.0,USD,yfinance
LITE,2026-09-01T22:01:42Z,868.95,914.0,USD,yfinance
LITE,2026-09-01T23:52:53Z,868.95,914.0,USD,yfinance
LITE,2026-09-02T03:59:41Z,868.95,914.0,USD,yfinance
LITE,2026-09-02T04:05:06Z,868.95,914.0,USD,yfinance
LITE,2026-09-02T22:01:42Z,870.58,867.89,USD,yfinance
LITE,2026-09-02T23:55:18Z,870.58,867.89,USD,yfinance
LITE,2026-09-03T22:01:38Z,847.37,869.56,USD,yfinance
LITE,2026-09-03T23:51:45Z,847.37,869.56,USD,yfinance
LITE,2026-09-04T22:01:51Z,881.255,847.25,USD,yfinance
LQD,2026-08-23T20:33:08Z,105.92,105.96,USD,yfinance
LQD,2026-08-24T22:31:16Z,106.18,105.689,USD,yfinance
LQD,2026-08-25T22:32:32Z,106.86,106.303,USD,yfinance
LQD,2026-08-27T03:02:32Z,106.78,106.6277,USD,yfinance
LQD,2026-08-27T20:21:43Z,106.73,106.79,USD,yfinance
LQD,2026-08-27T22:04:10Z,106.73,106.79,USD,yfinance
LQD,2026-08-28T06:03:20Z,106.73,106.79,USD,yfinance
LQD,2026-08-28T22:04:34Z,106.35,106.74,USD,yfinance
LQD,2026-08-29T03:37:24Z,106.35,106.74,USD,yfinance
LQD,2026-08-31T22:03:44Z,106.21,106.0,USD,yfinance
LQD,2026-09-01T01:06:27Z,106.21,106.0,USD,yfinance
LQD,2026-09-01T22:04:05Z,105.22,106.1883,USD,yfinance
LQD,2026-09-01T23:55:11Z,105.22,106.1883,USD,yfinance
LQD,2026-09-02T04:01:42Z,105.22,106.1883,USD,yfinance
LQD,2026-09-02T04:07:15Z,105.22,106.1883,USD,yfinance
LQD,2026-09-02T22:05:29Z,105.35,105.27,USD,yfinance
LQD,2026-09-02T23:59:29Z,105.35,105.27,USD,yfinance
LQD,2026-09-03T22:05:29Z,105.5,105.38,USD,yfinance
LQD,2026-09-03T23:55:56Z,105.5,105.38,USD,yfinance
LQD,2026-09-04T22:06:51Z,105.48,105.47,USD,yfinance
LRCX,2026-08-21T18:03:28Z,313.585,310.14,USD,yfinance
LRCX,2026-08-21T22:27:33Z,314.0,310.14,USD,yfinance
LRCX,2026-08-24T22:28:46Z,310.17,314.8107,USD,yfinance
LRCX,2026-08-25T22:30:01Z,314.66,309.0,USD,yfinance
LRCX,2026-08-27T03:00:06Z,312.88,314.976,USD,yfinance
LRCX,2026-08-27T20:18:48Z,318.58,321.27,USD,yfinance
LRCX,2026-08-27T22:01:09Z,318.58,321.27,USD,yfinance
LRCX,2026-08-28T06:00:28Z,318.58,321.27,USD,yfinance
LRCX,2026-08-28T22:01:12Z,301.9,316.01,USD,yfinance
LRCX,2026-08-29T03:34:15Z,301.9,316.01,USD,yfinance
LRCX,2026-08-31T22:01:04Z,301.49,303.48,USD,yfinance
LRCX,2026-09-01T01:03:59Z,301.49,303.48,USD,yfinance
LRCX,2026-09-01T22:01:07Z,290.2,302.1999,USD,yfinance
LRCX,2026-09-01T23:52:21Z,290.2,302.1999,USD,yfinance
LRCX,2026-09-02T03:59:11Z,290.2,302.1999,USD,yfinance
LRCX,2026-09-02T04:04:35Z,290.2,302.1999,USD,yfinance
LRCX,2026-09-02T22:01:07Z,288.32,290.2915,USD,yfinance
LRCX,2026-09-02T23:54:40Z,288.32,290.2915,USD,yfinance
LRCX,2026-09-03T22:01:02Z,292.66,287.91,USD,yfinance
LRCX,2026-09-03T23:51:06Z,292.66,287.91,USD,yfinance
LRCX,2026-09-04T22:01:05Z,307.65,293.1,USD,yfinance
MARS,2026-06-18T18:50:37Z,32.22,33.0,USD,yfinance
MARS,2026-06-18T23:48:28Z,32.83,33.0,USD,yfinance
MARS,2026-06-19T23:01:46Z,32.83,33.0,USD,yfinance
MARS,2026-06-22T23:23:29Z,30.82,32.2,USD,yfinance
MARS,2026-06-23T23:11:18Z,30.14,31.25,USD,yfinance
MARS,2026-06-24T23:07:22Z,28.71,30.6,USD,yfinance
MARS,2026-06-25T23:21:56Z,27.76,28.43,USD,yfinance
MARS,2026-06-26T23:10:16Z,28.15,28.13,USD,yfinance
MARS,2026-06-29T23:02:11Z,31.02,28.86,USD,yfinance
MARS,2026-06-30T23:17:08Z,32.31,31.3,USD,yfinance
MARS,2026-07-01T23:19:06Z,31.29,32.86,USD,yfinance
MARS,2026-07-02T23:11:28Z,31.36,31.25,USD,yfinance
MARS,2026-07-03T23:07:54Z,31.36,31.25,USD,yfinance
MARS,2026-07-06T23:11:46Z,31.09,28.67,USD,yfinance
MARS,2026-07-07T23:05:12Z,29.0,31.5,USD,yfinance
MARS,2026-07-08T23:11:12Z,28.72,29.0,USD,yfinance
MARS,2026-07-09T23:14:44Z,28.54,28.65,USD,yfinance
MARS,2026-07-10T23:01:38Z,27.92,28.4525,USD,yfinance
MARS,2026-07-11T20:53:44Z,27.92,28.4525,USD,yfinance
MARS,2026-07-13T22:58:04Z,26.68,28.22,USD,yfinance
MARS,2026-07-14T22:59:29Z,26.86,26.68,USD,yfinance
MARS,2026-07-15T23:02:06Z,26.26,26.86,USD,yfinance
MARS,2026-07-16T23:01:25Z,24.8,26.06,USD,yfinance
MARS,2026-07-17T22:54:28Z,24.4,24.026,USD,yfinance
MARS,2026-07-20T23:04:36Z,23.97,24.75,USD,yfinance
MARS,2026-07-21T23:02:04Z,24.97,24.06,USD,yfinance
MARS,2026-07-22T23:08:37Z,24.52,25.49,USD,yfinance
MARS,2026-07-23T23:00:31Z,24.43,24.99,USD,yfinance
MARS,2026-07-24T23:04:58Z,23.47,25.38,USD,yfinance
MARS,2026-07-27T23:06:14Z,23.84,23.1,USD,yfinance
MARS,2026-07-28T23:03:39Z,23.53,23.97,USD,yfinance
MARS,2026-07-29T23:02:16Z,22.39,23.55,USD,yfinance
MARS,2026-07-30T23:11:55Z,23.47,22.16,USD,yfinance
MARS,2026-07-31T23:05:15Z,23.43,23.47,USD,yfinance
MARS,2026-08-03T23:05:08Z,24.55,23.0,USD,yfinance
MARS,2026-08-04T23:06:57Z,26.48,24.6,USD,yfinance
MARS,2026-08-05T23:03:43Z,25.56,26.48,USD,yfinance
MARS,2026-08-07T01:32:03Z,26.03,25.29,USD,yfinance
MARS,2026-08-07T22:40:00Z,27.77,26.2,USD,yfinance
MARS,2026-08-10T20:10:59Z,27.59,27.7,USD,yfinance
MARS,2026-08-10T22:42:08Z,27.56,27.7,USD,yfinance
MARS,2026-08-11T22:47:05Z,27.79,27.0963,USD,yfinance
MARS,2026-08-12T22:45:14Z,28.95,27.79,USD,yfinance
MARS,2026-08-13T16:01:00Z,28.41,28.38,USD,yfinance
MARS,2026-08-13T22:46:16Z,28.27,28.38,USD,yfinance
MARS,2026-08-14T22:27:39Z,28.2482,28.45,USD,yfinance
MARS,2026-08-17T22:29:05Z,28.58,28.25,USD,yfinance
MARS,2026-08-18T22:27:43Z,27.76,28.58,USD,yfinance
MARS,2026-08-19T22:29:09Z,27.09,27.76,USD,yfinance
MARS,2026-08-20T22:32:08Z,26.16,26.5,USD,yfinance
MARS,2026-08-21T22:29:45Z,26.44,27.12,USD,yfinance
MARS,2026-08-24T22:30:43Z,25.45,26.21,USD,yfinance
MARS,2026-08-25T22:31:57Z,25.48,25.45,USD,yfinance
MARS,2026-08-27T03:01:58Z,25.36,25.87,USD,yfinance
MARS,2026-08-27T20:21:04Z,25.66,26.0,USD,yfinance
MARS,2026-08-27T22:03:32Z,25.66,26.0,USD,yfinance
MARS,2026-08-28T06:02:42Z,25.66,26.0,USD,yfinance
MARS,2026-08-28T22:03:50Z,25.22,25.36,USD,yfinance
MARS,2026-08-29T03:36:42Z,25.22,25.36,USD,yfinance
MARS,2026-08-31T22:03:09Z,25.06,25.22,USD,yfinance
MARS,2026-09-01T01:05:54Z,25.06,25.22,USD,yfinance
MARS,2026-09-01T22:03:27Z,24.45,25.06,USD,yfinance
MARS,2026-09-01T23:54:35Z,24.45,25.06,USD,yfinance
MARS,2026-09-02T04:01:10Z,24.45,25.06,USD,yfinance
MARS,2026-09-02T04:06:41Z,24.45,25.06,USD,yfinance
MARS,2026-09-02T22:04:55Z,24.85,24.6,USD,yfinance
MARS,2026-09-02T23:58:51Z,24.85,24.6,USD,yfinance
MARS,2026-09-03T22:04:54Z,25.13,24.85,USD,yfinance
MARS,2026-09-03T23:55:19Z,25.13,24.85,USD,yfinance
MARS,2026-09-04T22:06:07Z,25.304,25.13,USD,yfinance
META,2026-09-01T15:00:10Z,578.3,572.0,USD,yfinance
META,2026-09-01T22:03:11Z,578.54,572.0,USD,yfinance
META,2026-09-01T23:54:20Z,578.54,572.0,USD,yfinance
META,2026-09-02T04:00:57Z,578.54,572.0,USD,yfinance
META,2026-09-02T04:06:27Z,578.54,572.0,USD,yfinance
META,2026-09-02T22:03:06Z,592.85,577.5844,USD,yfinance
META,2026-09-02T23:56:52Z,592.85,577.5844,USD,yfinance
META,2026-09-03T22:03:04Z,610.68,597.99,USD,yfinance
META,2026-09-03T23:53:21Z,610.68,597.99,USD,yfinance
META,2026-09-04T22:03:44Z,616.77,613.88,USD,yfinance
MPWR,2026-06-18T18:50:51Z,1561.225,1477.0,USD,yfinance
MPWR,2026-06-18T23:48:42Z,1563.7,1477.0,USD,yfinance
MPWR,2026-06-19T23:02:00Z,1563.7,1477.0,USD,yfinance
MPWR,2026-06-22T23:23:42Z,1537.88,1565.0,USD,yfinance
MPWR,2026-06-23T23:11:35Z,1423.76,1512.0,USD,yfinance
MPWR,2026-06-24T23:07:36Z,1434.95,1434.66,USD,yfinance
MPWR,2026-06-25T23:22:10Z,1438.3,1477.96,USD,yfinance
MPWR,2026-06-26T23:10:33Z,1313.3199,1404.0,USD,yfinance
MPWR,2026-06-29T23:02:28Z,1312.77,1318.44,USD,yfinance
MPWR,2026-06-30T23:17:25Z,1382.36,1306.0,USD,yfinance
MPWR,2026-07-01T23:19:20Z,1331.73,1385.0,USD,yfinance
MPWR,2026-07-02T23:11:42Z,1288.16,1340.0,USD,yfinance
MPWR,2026-07-03T23:08:07Z,1288.16,1340.0,USD,yfinance
MPWR,2026-07-06T23:12:01Z,1346.13,1294.13,USD,yfinance
MPWR,2026-07-07T23:05:27Z,1272.8101,1333.03,USD,yfinance
MPWR,2026-07-08T23:11:26Z,1315.51,1250.0,USD,yfinance
MPWR,2026-07-09T23:15:00Z,1374.13,1329.63,USD,yfinance
MPWR,2026-07-10T23:01:53Z,1352.74,1377.0,USD,yfinance
MPWR,2026-07-11T20:53:59Z,1352.74,1377.0,USD,yfinance
MPWR,2026-07-13T22:58:18Z,1291.38,1360.0,USD,yfinance
MPWR,2026-07-14T22:59:45Z,1376.41,1290.0,USD,yfinance
MPWR,2026-07-15T23:00:04Z,1352.66,1384.0,USD,yfinance
MPWR,2026-07-16T22:59:32Z,1305.65,1353.0227,USD,yfinance
MPWR,2026-07-17T22:52:43Z,1312.0,1300.0,USD,yfinance
MPWR,2026-07-20T23:03:09Z,1328.8,1311.47,USD,yfinance
MPWR,2026-07-21T23:00:15Z,1383.26,1325.0,USD,yfinance
MPWR,2026-07-22T23:07:10Z,1398.45,1377.2,USD,yfinance
MPWR,2026-07-23T22:58:43Z,1397.15,1397.0,USD,yfinance
MPWR,2026-07-24T23:03:33Z,1333.8101,1397.23,USD,yfinance
MPWR,2026-07-27T23:04:51Z,1339.08,1328.315,USD,yfinance
MPWR,2026-07-28T23:02:17Z,1282.01,1333.0177,USD,yfinance
MPWR,2026-07-29T23:00:49Z,1248.76,1299.0415,USD,yfinance
MPWR,2026-07-30T23:10:19Z,1316.1801,1258.79,USD,yfinance
MPWR,2026-07-31T23:03:40Z,1426.03,1451.3864,USD,yfinance
MPWR,2026-08-03T23:03:40Z,1344.37,1417.99,USD,yfinance
MPWR,2026-08-04T23:05:29Z,1335.03,1357.8608,USD,yfinance
MPWR,2026-08-05T23:02:17Z,1345.455,1334.73,USD,yfinance
MPWR,2026-08-07T01:30:36Z,1359.08,1340.0,USD,yfinance
MPWR,2026-08-07T22:38:36Z,1401.54,1365.0,USD,yfinance
MPWR,2026-08-10T20:09:29Z,1381.1,1401.0,USD,yfinance
MPWR,2026-08-10T22:40:03Z,1381.1,1401.0,USD,yfinance
MPWR,2026-08-11T22:45:11Z,1402.11,1378.0,USD,yfinance
MPWR,2026-08-12T22:43:16Z,1425.01,1414.0,USD,yfinance
MPWR,2026-08-13T15:59:13Z,1404.08,1430.0,USD,yfinance
MPWR,2026-08-13T22:44:39Z,1362.55,1430.0,USD,yfinance
MPWR,2026-08-14T22:25:56Z,1402.01,1371.0,USD,yfinance
MPWR,2026-08-17T22:27:20Z,1415.99,1400.775,USD,yfinance
MPWR,2026-08-18T22:25:59Z,1333.1801,1419.5098,USD,yfinance
MPWR,2026-08-19T22:27:21Z,1300.14,1324.0054,USD,yfinance
MPWR,2026-08-20T22:30:11Z,1310.6,1317.9999,USD,yfinance
MPWR,2026-08-21T22:27:36Z,1316.28,1306.01,USD,yfinance
MPWR,2026-08-24T22:28:49Z,1285.03,1317.62,USD,yfinance
MPWR,2026-08-25T22:30:04Z,1304.15,1286.4054,USD,yfinance
MPWR,2026-08-27T03:00:09Z,1303.88,1304.22,USD,yfinance
MPWR,2026-08-27T20:18:51Z,1311.08,1332.57,USD,yfinance
MPWR,2026-08-27T22:01:12Z,1311.08,1332.57,USD,yfinance
MPWR,2026-08-28T06:00:31Z,1311.08,1332.57,USD,yfinance
MPWR,2026-08-28T22:01:16Z,1256.26,1310.07,USD,yfinance
MPWR,2026-08-29T03:34:18Z,1256.26,1310.07,USD,yfinance
MPWR,2026-08-31T22:01:07Z,1267.77,1258.4735,USD,yfinance
MPWR,2026-09-01T01:04:01Z,1267.77,1258.4735,USD,yfinance
MPWR,2026-09-01T22:01:10Z,1225.96,1262.11,USD,yfinance
MPWR,2026-09-01T23:52:24Z,1225.96,1262.11,USD,yfinance
MPWR,2026-09-02T03:59:14Z,1225.96,1262.11,USD,yfinance
MPWR,2026-09-02T04:04:37Z,1225.96,1262.11,USD,yfinance
MPWR,2026-09-02T22:01:09Z,1219.36,1225.95,USD,yfinance
MPWR,2026-09-02T23:54:42Z,1219.36,1225.95,USD,yfinance
MPWR,2026-09-03T22:01:05Z,1213.65,1212.0002,USD,yfinance
MPWR,2026-09-03T23:51:09Z,1213.65,1212.0002,USD,yfinance
MPWR,2026-09-04T22:01:08Z,1223.86,1212.9999,USD,yfinance
MRAAF,2026-08-13T22:44:50Z,51.75,47.309,USD,yfinance
MRAAF,2026-08-14T22:26:08Z,54.62,47.309,USD,yfinance
MRAAF,2026-08-17T22:27:32Z,51.75,47.309,USD,yfinance
MRAAF,2026-08-18T22:26:11Z,52.32,54.62,USD,yfinance
MRAAF,2026-08-19T22:27:34Z,47.058,53.386,USD,yfinance
MRAAF,2026-08-20T22:30:24Z,47.96,47.058,USD,yfinance
MRAAF,2026-08-21T22:27:50Z,45.404,47.96,USD,yfinance
MRAAF,2026-08-24T22:29:00Z,51.75,45.404,USD,yfinance
MRAAF,2026-08-25T22:30:16Z,46.55,42.528,USD,yfinance
MRAAF,2026-08-27T03:00:20Z,43.34,42.528,USD,yfinance
MRAAF,2026-08-27T20:19:04Z,46.0,46.55,USD,yfinance
MRAAF,2026-08-27T22:01:27Z,46.0,46.55,USD,yfinance
MRAAF,2026-08-28T06:00:43Z,45.657,43.34,USD,yfinance
MRAAF,2026-08-28T22:01:31Z,45.85,46.0,USD,yfinance
MRAAF,2026-08-29T03:34:32Z,45.85,45.657,USD,yfinance
MRAAF,2026-08-31T22:01:19Z,45.85,45.657,USD,yfinance
MRAAF,2026-09-01T01:04:12Z,45.85,45.657,USD,yfinance
MRAAF,2026-09-01T22:01:22Z,46.272,45.657,USD,yfinance
MRAAF,2026-09-01T23:52:35Z,46.272,45.657,USD,yfinance
MRAAF,2026-09-02T03:59:25Z,45.824,46.272,USD,yfinance
MRAAF,2026-09-02T04:04:48Z,45.824,46.272,USD,yfinance
MRAAF,2026-09-02T22:01:24Z,45.824,45.85,USD,yfinance
MRAAF,2026-09-02T23:54:59Z,45.824,45.85,USD,yfinance
MRAAF,2026-09-03T17:30:31Z,45.45,45.824,USD,yfinance
MRAAF,2026-09-03T22:01:21Z,45.45,45.824,USD,yfinance
MRAAF,2026-09-03T23:51:25Z,45.45,45.824,USD,yfinance
MRAAF,2026-09-04T22:01:28Z,46.046,45.162,USD,yfinance
MRAAY,2026-06-18T18:50:53Z,36.68,36.08,USD,yfinance
MRAAY,2026-06-18T23:48:43Z,36.08,36.08,USD,yfinance
MRAAY,2026-06-19T23:02:01Z,36.95,36.08,USD,yfinance
MRAAY,2026-06-22T23:23:44Z,38.28,36.95,USD,yfinance
MRAAY,2026-06-23T23:11:37Z,33.89,38.27,USD,yfinance
MRAAY,2026-06-24T23:07:37Z,34.33,33.93,USD,yfinance
MRAAY,2026-06-25T23:22:11Z,34.33,34.33,USD,yfinance
MRAAY,2026-06-26T23:10:35Z,33.69,35.68,USD,yfinance
MRAAY,2026-06-29T23:02:29Z,34.99,33.75,USD,yfinance
MRAAY,2026-06-30T23:17:26Z,34.9,34.9,USD,yfinance
MRAAY,2026-07-01T23:19:22Z,36.05,36.2,USD,yfinance
MRAAY,2026-07-02T23:11:43Z,32.55,36.01,USD,yfinance
MRAAY,2026-07-03T23:08:09Z,32.68,36.01,USD,yfinance
MRAAY,2026-07-06T23:12:02Z,31.9,32.68,USD,yfinance
MRAAY,2026-07-07T23:05:28Z,28.15,31.82,USD,yfinance
MRAAY,2026-07-08T23:11:27Z,28.14,28.15,USD,yfinance
MRAAY,2026-07-09T23:15:02Z,29.89,28.14,USD,yfinance
MRAAY,2026-07-10T23:01:55Z,30.9,29.89,USD,yfinance
MRAAY,2026-07-11T20:54:00Z,30.9,29.89,USD,yfinance
MRAAY,2026-07-13T22:58:19Z,27.7,30.9,USD,yfinance
MRAAY,2026-07-14T22:59:47Z,28.25,27.7,USD,yfinance
MRAAY,2026-07-15T23:00:19Z,27.34,28.25,USD,yfinance
MRAAY,2026-07-16T22:59:45Z,24.71,27.45,USD,yfinance
MRAAY,2026-07-17T22:52:55Z,23.83,24.71,USD,yfinance
MRAAY,2026-07-20T23:03:19Z,23.94,23.88,USD,yfinance
MRAAY,2026-07-21T23:00:28Z,24.8,23.94,USD,yfinance
MRAAY,2026-07-22T23:07:20Z,25.69,24.75,USD,yfinance
MRAAY,2026-07-23T22:58:56Z,25.49,25.66,USD,yfinance
MRAAY,2026-07-24T23:03:43Z,24.99,25.48,USD,yfinance
MRAAY,2026-07-27T23:05:00Z,24.2,24.95,USD,yfinance
MRAAY,2026-07-28T23:02:26Z,21.79,24.24,USD,yfinance
MRAAY,2026-07-29T23:00:59Z,19.1,21.79,USD,yfinance
MRAAY,2026-07-30T23:10:30Z,22.91,19.05,USD,yfinance
MRAAY,2026-07-31T23:03:51Z,22.67,23.13,USD,yfinance
MRAAY,2026-08-03T23:03:50Z,22.84,22.67,USD,yfinance
MRAAY,2026-08-04T23:05:40Z,23.6,22.84,USD,yfinance
MRAAY,2026-08-05T23:02:28Z,24.95,23.6,USD,yfinance
MRAAY,2026-08-07T01:30:47Z,23.53,24.95,USD,yfinance
MRAAY,2026-08-07T22:38:46Z,23.34,23.54,USD,yfinance
MRAAY,2026-08-10T20:09:39Z,22.69,23.34,USD,yfinance
MRAAY,2026-08-10T22:40:15Z,22.68,23.34,USD,yfinance
MRAAY,2026-08-11T22:45:23Z,22.87,22.68,USD,yfinance
MRAAY,2026-08-12T22:43:29Z,24.11,22.85,USD,yfinance
MRAAY,2026-08-13T15:59:25Z,26.43,24.11,USD,yfinance
MRAAY,2026-08-13T22:44:49Z,26.5,24.11,USD,yfinance
MRAAY,2026-08-14T22:26:07Z,25.83,26.5,USD,yfinance
MRAAY,2026-08-17T22:27:30Z,26.08,25.83,USD,yfinance
MRAAY,2026-08-18T22:26:10Z,22.69,26.03,USD,yfinance
MRAAY,2026-08-19T22:27:33Z,23.29,22.67,USD,yfinance
MRAAY,2026-08-20T22:30:23Z,22.41,23.29,USD,yfinance
MRAAY,2026-08-21T22:27:48Z,22.35,22.41,USD,yfinance
MRAAY,2026-08-24T22:28:59Z,21.97,22.35,USD,yfinance
MRAAY,2026-08-25T22:30:14Z,22.41,22.0,USD,yfinance
MRAAY,2026-08-27T03:00:19Z,22.44,22.41,USD,yfinance
MRAAY,2026-08-27T20:19:02Z,22.93,22.44,USD,yfinance
MRAAY,2026-08-27T22:01:25Z,22.93,22.44,USD,yfinance
MRAAY,2026-08-28T06:00:42Z,22.91,22.44,USD,yfinance
MRAAY,2026-08-28T22:01:29Z,22.82,22.91,USD,yfinance
MRAAY,2026-08-29T03:34:30Z,22.78,22.91,USD,yfinance
MRAAY,2026-08-31T22:01:17Z,22.47,22.82,USD,yfinance
MRAAY,2026-09-01T01:04:11Z,22.47,22.82,USD,yfinance
MRAAY,2026-09-01T22:01:21Z,22.15,22.47,USD,yfinance
MRAAY,2026-09-01T23:52:34Z,22.15,22.47,USD,yfinance
MRAAY,2026-09-02T03:59:23Z,22.12,22.47,USD,yfinance
MRAAY,2026-09-02T04:04:47Z,22.12,22.47,USD,yfinance
MRAAY,2026-09-02T22:01:23Z,22.47,22.15,USD,yfinance
MRAAY,2026-09-02T23:54:57Z,22.47,22.15,USD,yfinance
MRAAY,2026-09-03T22:01:20Z,22.22,22.47,USD,yfinance
MRAAY,2026-09-03T23:51:24Z,22.22,22.47,USD,yfinance
MRAAY,2026-09-04T22:01:26Z,23.32,22.29,USD,yfinance
MRNA,2026-08-19T18:57:45Z,154.39,63.45,USD,yfinance
MRNA,2026-08-19T22:28:51Z,174.38,63.45,USD,yfinance
MRNA,2026-08-20T22:31:48Z,133.32,166.4106,USD,yfinance
MRNA,2026-08-21T22:29:22Z,145.13,129.6465,USD,yfinance
MRNA,2026-08-24T22:30:22Z,138.89,145.8,USD,yfinance
MRNA,2026-08-25T22:31:37Z,158.83,139.08,USD,yfinance
MRNA,2026-08-27T03:01:39Z,149.66,157.78,USD,yfinance
MRNA,2026-08-27T20:20:43Z,142.77,147.6786,USD,yfinance
MRNA,2026-08-27T22:03:08Z,142.77,147.6786,USD,yfinance
MRNA,2026-08-28T06:02:21Z,142.77,147.6786,USD,yfinance
MRNA,2026-08-28T22:03:26Z,137.99,141.0789,USD,yfinance
MRNA,2026-08-29T03:36:19Z,137.99,141.0789,USD,yfinance
MRNA,2026-08-31T22:02:50Z,140.34,136.53,USD,yfinance
MRNA,2026-09-01T01:05:35Z,140.34,136.53,USD,yfinance
MRNA,2026-09-01T22:03:01Z,154.27,138.74,USD,yfinance
MRNA,2026-09-01T23:54:09Z,154.27,138.74,USD,yfinance
MRNA,2026-09-02T04:00:47Z,154.27,138.74,USD,yfinance
MRNA,2026-09-02T04:06:17Z,154.27,138.74,USD,yfinance
MRNA,2026-09-02T22:02:57Z,150.81,151.7,USD,yfinance
MRNA,2026-09-02T23:56:42Z,150.81,151.7,USD,yfinance
MRNA,2026-09-03T22:02:54Z,148.87,150.95,USD,yfinance
MRNA,2026-09-03T23:53:10Z,148.87,150.95,USD,yfinance
MRNA,2026-09-04T22:03:31Z,145.55,147.9889,USD,yfinance
MRVL,2026-06-18T18:50:45Z,322.025,297.696,USD,yfinance
MRVL,2026-06-18T23:48:36Z,310.58,297.696,USD,yfinance
MRVL,2026-06-19T23:01:54Z,310.58,297.696,USD,yfinance
MRVL,2026-06-22T23:23:37Z,307.86,313.505,USD,yfinance
MRVL,2026-06-23T23:11:28Z,279.04,303.5609,USD,yfinance
MRVL,2026-06-24T23:07:30Z,276.7,280.9,USD,yfinance
MRVL,2026-06-25T23:22:04Z,281.26,291.01,USD,yfinance
MRVL,2026-06-26T23:10:25Z,266.77,277.5,USD,yfinance
MRVL,2026-06-29T23:02:20Z,277.75,265.48,USD,yfinance
MRVL,2026-06-30T23:17:17Z,297.89,276.8,USD,yfinance
MRVL,2026-07-01T23:19:14Z,272.05,298.0999,USD,yfinance
MRVL,2026-07-02T23:11:36Z,245.29,270.69,USD,yfinance
MRVL,2026-07-03T23:08:01Z,245.29,270.69,USD,yfinance
MRVL,2026-07-06T23:11:54Z,249.27,246.266,USD,yfinance
MRVL,2026-07-07T23:05:20Z,230.7,245.71,USD,yfinance
MRVL,2026-07-08T23:11:19Z,231.71,226.1,USD,yfinance
MRVL,2026-07-09T23:14:53Z,243.27,234.5713,USD,yfinance
MRVL,2026-07-10T23:01:46Z,235.81,244.7825,USD,yfinance
MRVL,2026-07-11T20:53:52Z,235.81,244.7825,USD,yfinance
MRVL,2026-07-13T22:58:12Z,217.53,236.7,USD,yfinance
MRVL,2026-07-14T22:59:38Z,222.44,214.0325,USD,yfinance
MRVL,2026-07-15T22:59:55Z,206.26,223.43,USD,yfinance
MRVL,2026-07-16T22:59:24Z,188.3,204.63,USD,yfinance
MRVL,2026-07-17T22:52:35Z,188.68,185.75,USD,yfinance
MRVL,2026-07-20T23:03:03Z,194.94,186.75,USD,yfinance
MRVL,2026-07-21T23:00:07Z,207.96,194.95,USD,yfinance
MRVL,2026-07-22T23:07:04Z,210.99,211.75,USD,yfinance
MRVL,2026-07-23T22:58:35Z,209.32,214.9796,USD,yfinance
MRVL,2026-07-24T23:03:27Z,194.23,210.05,USD,yfinance
MRVL,2026-07-27T23:04:44Z,189.17,192.7,USD,yfinance
MRVL,2026-07-28T23:02:10Z,174.47,187.3,USD,yfinance
MRVL,2026-07-29T23:00:42Z,163.4,177.0,USD,yfinance
MRVL,2026-07-30T23:10:12Z,183.3,163.162,USD,yfinance
MRVL,2026-07-31T23:03:33Z,187.56,195.31,USD,yfinance
MRVL,2026-08-03T23:03:33Z,193.775,185.58,USD,yfinance
MRVL,2026-08-04T23:05:23Z,218.59,199.3,USD,yfinance
MRVL,2026-08-05T23:02:11Z,211.02,218.18,USD,yfinance
MRVL,2026-08-07T01:30:30Z,210.54,210.5849,USD,yfinance
MRVL,2026-08-07T22:38:30Z,218.72,212.7,USD,yfinance
MRVL,2026-08-10T20:09:23Z,208.56,218.7199,USD,yfinance
MRVL,2026-08-10T22:39:54Z,208.56,218.7199,USD,yfinance
MRVL,2026-08-11T22:45:03Z,212.31,208.5,USD,yfinance
MRVL,2026-08-12T22:43:09Z,217.08,214.864,USD,yfinance
MRVL,2026-08-13T15:59:06Z,226.87,219.7927,USD,yfinance
MRVL,2026-08-13T22:44:33Z,222.18,219.7927,USD,yfinance
MRVL,2026-08-14T22:25:50Z,222.02,224.5,USD,yfinance
MRVL,2026-08-17T22:27:13Z,234.33,221.6,USD,yfinance
MRVL,2026-08-18T22:25:53Z,216.0,236.04,USD,yfinance
MRVL,2026-08-19T22:27:15Z,237.27,213.65,USD,yfinance
MRVL,2026-08-20T22:30:03Z,251.01,240.915,USD,yfinance
MRVL,2026-08-21T22:27:27Z,237.04,248.0,USD,yfinance
MRVL,2026-08-24T22:28:40Z,229.29,236.105,USD,yfinance
MRVL,2026-08-25T22:29:56Z,240.38,228.0,USD,yfinance
MRVL,2026-08-27T03:00:01Z,245.11,240.64,USD,yfinance
MRVL,2026-08-27T20:18:42Z,241.45,255.88,USD,yfinance
MRVL,2026-08-27T22:01:03Z,241.45,255.88,USD,yfinance
MRVL,2026-08-28T06:00:22Z,241.45,255.88,USD,yfinance
MRVL,2026-08-28T22:01:06Z,216.62,222.6218,USD,yfinance
MRVL,2026-08-29T03:34:09Z,216.62,222.6218,USD,yfinance
MRVL,2026-08-31T22:00:59Z,211.66,216.4,USD,yfinance
MRVL,2026-09-01T01:03:54Z,211.66,216.4,USD,yfinance
MRVL,2026-09-01T22:01:01Z,210.39,211.5694,USD,yfinance
MRVL,2026-09-01T23:52:16Z,210.39,211.5694,USD,yfinance
MRVL,2026-09-02T03:59:07Z,210.39,211.5694,USD,yfinance
MRVL,2026-09-02T04:04:29Z,210.39,211.5694,USD,yfinance
MRVL,2026-09-02T22:01:01Z,206.48,207.4994,USD,yfinance
MRVL,2026-09-02T23:54:34Z,206.48,207.4994,USD,yfinance
MRVL,2026-09-03T22:00:57Z,208.83,206.6783,USD,yfinance
MRVL,2026-09-03T23:51:00Z,208.83,206.6783,USD,yfinance
MRVL,2026-09-04T22:00:59Z,223.55,208.704,USD,yfinance
MSFT,2026-09-02T13:38:31Z,495.6,501.0,USD,yfinance
MSFT,2026-09-02T22:03:08Z,496.82,501.0,USD,yfinance
MSFT,2026-09-02T23:56:54Z,496.82,501.0,USD,yfinance
MSFT,2026-09-03T22:03:05Z,510.12,497.75,USD,yfinance
MSFT,2026-09-03T23:53:22Z,510.12,497.75,USD,yfinance
MSFT,2026-09-04T22:03:46Z,499.7,509.6001,USD,yfinance
MU,2026-06-18T18:50:09Z,1144.2,1077.7,USD,yfinance
MU,2026-06-18T23:48:02Z,1133.99,1077.7,USD,yfinance
MU,2026-06-19T23:01:20Z,1133.99,1077.7,USD,yfinance
MU,2026-06-22T23:23:04Z,1211.38,1151.95,USD,yfinance
MU,2026-06-23T23:10:46Z,1051.77,1230.43,USD,yfinance
MU,2026-06-24T23:06:55Z,1048.51,1064.9987,USD,yfinance
MU,2026-06-25T23:21:29Z,1213.5601,1213.96,USD,yfinance
MU,2026-06-26T23:09:42Z,1132.33,1188.2584,USD,yfinance
MU,2026-06-29T23:01:37Z,1145.28,1133.3608,USD,yfinance
MU,2026-06-30T23:16:36Z,1154.29,1138.65,USD,yfinance
MU,2026-07-01T23:18:39Z,1032.28,1156.416,USD,yfinance
MU,2026-07-02T23:11:01Z,975.56,1020.1,USD,yfinance
MU,2026-07-03T23:07:27Z,975.56,1020.1,USD,yfinance
MU,2026-07-06T23:11:17Z,984.75,977.0,USD,yfinance
MU,2026-07-07T23:04:43Z,938.38,959.9997,USD,yfinance
MU,2026-07-08T23:10:45Z,948.8,914.8698,USD,yfinance
MU,2026-07-09T23:14:13Z,991.64,957.7,USD,yfinance
MU,2026-07-10T23:01:09Z,979.3,1002.4265,USD,yfinance
MU,2026-07-11T20:53:16Z,979.3,1002.4265,USD,yfinance
MU,2026-07-13T22:57:38Z,937.0,982.7501,USD,yfinance
MU,2026-07-14T22:59:00Z,983.12,920.8,USD,yfinance
MU,2026-07-15T23:00:30Z,904.28,989.5,USD,yfinance
MU,2026-07-16T22:59:55Z,853.2,896.1,USD,yfinance
MU,2026-07-17T22:53:05Z,848.95,832.41,USD,yfinance
MU,2026-07-20T23:03:27Z,865.46,844.0,USD,yfinance
MU,2026-07-21T23:00:38Z,970.82,872.25,USD,yfinance
MU,2026-07-22T23:07:28Z,959.48,986.5014,USD,yfinance
MU,2026-07-23T22:59:05Z,990.21,983.29,USD,yfinance
MU,2026-07-24T23:03:50Z,920.95,987.2899,USD,yfinance
MU,2026-07-27T23:05:08Z,900.2,910.8,USD,yfinance
MU,2026-07-28T23:02:34Z,820.53,884.99,USD,yfinance
MU,2026-07-29T23:01:07Z,739.0,830.75,USD,yfinance
MU,2026-07-30T23:10:39Z,874.66,734.0,USD,yfinance
MU,2026-07-31T23:04:00Z,823.03,902.9001,USD,yfinance
MU,2026-08-03T23:03:58Z,829.5,812.48,USD,yfinance
MU,2026-08-04T23:05:48Z,892.67,840.8001,USD,yfinance
MU,2026-08-05T23:02:35Z,893.19,892.0,USD,yfinance
MU,2026-08-07T01:30:54Z,881.47,876.2,USD,yfinance
MU,2026-08-07T22:38:53Z,877.57,889.795,USD,yfinance
MU,2026-08-10T20:09:46Z,861.0,880.0,USD,yfinance
MU,2026-08-10T22:40:25Z,861.0,880.0,USD,yfinance
MU,2026-08-11T22:45:33Z,868.52,861.7,USD,yfinance
MU,2026-08-12T22:43:39Z,911.29,867.15,USD,yfinance
MU,2026-08-13T15:59:34Z,960.265,920.5,USD,yfinance
MU,2026-08-13T22:45:00Z,949.83,920.5,USD,yfinance
MU,2026-08-14T22:26:17Z,971.66,965.4746,USD,yfinance
MU,2026-08-17T22:27:42Z,1011.75,972.98,USD,yfinance
MU,2026-08-18T22:26:21Z,940.76,1017.1365,USD,yfinance
MU,2026-08-19T22:27:43Z,937.105,932.15,USD,yfinance
MU,2026-08-20T22:30:34Z,974.33,946.99,USD,yfinance
MU,2026-08-21T22:28:00Z,966.78,967.1925,USD,yfinance
MU,2026-08-24T22:29:10Z,910.43,963.68,USD,yfinance
MU,2026-08-25T22:30:25Z,932.97,903.1,USD,yfinance
MU,2026-08-27T03:00:30Z,938.4,930.0,USD,yfinance
MU,2026-08-27T20:19:14Z,935.39,974.0,USD,yfinance
MU,2026-08-27T22:01:37Z,935.39,974.0,USD,yfinance
MU,2026-08-28T06:00:54Z,935.39,974.0,USD,yfinance
MU,2026-08-28T22:01:43Z,932.86,919.7,USD,yfinance
MU,2026-08-29T03:34:43Z,932.86,919.7,USD,yfinance
MU,2026-08-31T22:01:28Z,958.73,930.9155,USD,yfinance
MU,2026-09-01T01:04:21Z,958.73,930.9155,USD,yfinance
MU,2026-09-01T22:01:32Z,933.44,955.935,USD,yfinance
MU,2026-09-01T23:52:44Z,933.44,955.935,USD,yfinance
MU,2026-09-02T03:59:33Z,933.44,955.935,USD,yfinance
MU,2026-09-02T04:04:58Z,933.44,955.935,USD,yfinance
MU,2026-09-02T22:01:33Z,956.08,929.0,USD,yfinance
MU,2026-09-02T23:55:09Z,956.08,929.0,USD,yfinance
MU,2026-09-03T22:01:30Z,958.16,954.84,USD,yfinance
MU,2026-09-03T23:51:36Z,958.16,954.84,USD,yfinance
MU,2026-09-04T22:01:40Z,1016.59,953.8412,USD,yfinance
NBIS,2026-06-18T18:50:13Z,281.64,290.55,USD,yfinance
NBIS,2026-06-18T23:48:05Z,286.69,290.55,USD,yfinance
NBIS,2026-06-19T23:01:24Z,286.69,290.55,USD,yfinance
NBIS,2026-06-22T23:23:07Z,283.61,285.2875,USD,yfinance
NBIS,2026-06-23T23:10:50Z,275.25,281.24,USD,yfinance
NBIS,2026-06-24T23:06:59Z,259.66,278.1353,USD,yfinance
NBIS,2026-06-25T23:21:33Z,256.63,275.4652,USD,yfinance
NBIS,2026-06-26T23:09:47Z,240.3,256.0,USD,yfinance
NBIS,2026-06-29T23:01:42Z,261.15,239.13,USD,yfinance
NBIS,2026-06-30T23:16:41Z,276.17,263.6264,USD,yfinance
NBIS,2026-07-01T23:18:43Z,229.18,279.5,USD,yfinance
NBIS,2026-07-02T23:11:05Z,215.62,230.46,USD,yfinance
NBIS,2026-07-03T23:07:31Z,215.62,230.46,USD,yfinance
NBIS,2026-07-06T23:11:21Z,213.02,215.89,USD,yfinance
NBIS,2026-07-07T23:04:47Z,195.19,209.47,USD,yfinance
NBIS,2026-07-08T23:10:48Z,216.48,191.1861,USD,yfinance
NBIS,2026-07-09T23:14:17Z,216.2,216.75,USD,yfinance
NBIS,2026-07-10T23:01:13Z,219.65,216.14,USD,yfinance
NBIS,2026-07-11T20:53:20Z,219.65,216.14,USD,yfinance
NBIS,2026-07-13T22:57:42Z,210.51,219.929,USD,yfinance
NBIS,2026-07-14T22:59:04Z,194.09,205.34,USD,yfinance
NBIS,2026-07-15T23:00:52Z,199.51,198.2,USD,yfinance
NBIS,2026-07-16T23:00:15Z,171.77,195.97,USD,yfinance
NBIS,2026-07-17T22:53:23Z,177.71,167.05,USD,yfinance
NBIS,2026-07-20T23:03:42Z,182.62,177.9321,USD,yfinance
NBIS,2026-07-21T23:00:56Z,216.92,189.48,USD,yfinance
NBIS,2026-07-22T23:07:43Z,218.16,219.8803,USD,yfinance
NBIS,2026-07-23T22:59:24Z,220.97,226.5,USD,yfinance
NBIS,2026-07-24T23:04:05Z,187.77,219.61,USD,yfinance
NBIS,2026-07-27T23:05:23Z,187.88,189.78,USD,yfinance
NBIS,2026-07-28T23:02:48Z,169.69,185.75,USD,yfinance
NBIS,2026-07-29T23:01:22Z,148.22,169.9,USD,yfinance
NBIS,2026-07-30T23:10:56Z,188.43,150.8409,USD,yfinance
NBIS,2026-07-31T23:04:16Z,190.41,199.0,USD,yfinance
NBIS,2026-08-03T23:04:14Z,212.58,186.75,USD,yfinance
NBIS,2026-08-04T23:06:03Z,225.74,216.8,USD,yfinance
NBIS,2026-08-05T23:02:51Z,218.99,224.5,USD,yfinance
NBIS,2026-08-07T01:31:10Z,189.88,215.06,USD,yfinance
NBIS,2026-08-07T22:39:08Z,187.97,195.0,USD,yfinance
NBIS,2026-08-10T20:10:01Z,184.11,189.9099,USD,yfinance
NBIS,2026-08-10T22:40:45Z,184.11,189.9099,USD,yfinance
NBIS,2026-08-11T22:45:51Z,193.23,184.61,USD,yfinance
NBIS,2026-08-12T22:43:57Z,259.2,208.5008,USD,yfinance
NBIS,2026-08-13T15:59:51Z,258.045,254.45,USD,yfinance
NBIS,2026-08-13T22:45:15Z,255.04,254.45,USD,yfinance
NBIS,2026-08-14T22:26:33Z,277.68,261.0,USD,yfinance
NBIS,2026-08-17T22:27:59Z,268.85,277.78,USD,yfinance
NBIS,2026-08-18T22:26:38Z,248.43,270.58,USD,yfinance
NBIS,2026-08-19T22:28:01Z,223.9,243.8,USD,yfinance
NBIS,2026-08-20T22:30:53Z,220.11,228.25,USD,yfinance
NBIS,2026-08-21T22:28:24Z,219.13,219.87,USD,yfinance
NBIS,2026-08-24T22:29:27Z,210.91,219.0,USD,yfinance
NBIS,2026-08-25T22:30:43Z,221.97,210.2,USD,yfinance
NBIS,2026-08-27T03:00:47Z,213.93,220.5,USD,yfinance
NBIS,2026-08-27T20:19:33Z,218.48,227.33,USD,yfinance
NBIS,2026-08-27T22:01:56Z,218.48,227.33,USD,yfinance
NBIS,2026-08-28T06:01:11Z,218.48,227.33,USD,yfinance
NBIS,2026-08-28T22:02:04Z,209.18,214.3,USD,yfinance
NBIS,2026-08-29T03:35:02Z,209.18,214.3,USD,yfinance
NBIS,2026-08-31T22:01:45Z,206.32,208.64,USD,yfinance
NBIS,2026-09-01T01:04:36Z,206.32,208.64,USD,yfinance
NBIS,2026-09-01T22:01:51Z,199.54,206.84,USD,yfinance
NBIS,2026-09-01T23:53:02Z,199.54,206.84,USD,yfinance
NBIS,2026-09-02T03:59:48Z,199.54,206.84,USD,yfinance
NBIS,2026-09-02T04:05:14Z,199.54,206.84,USD,yfinance
NBIS,2026-09-02T22:01:50Z,204.09,197.9,USD,yfinance
NBIS,2026-09-02T23:55:28Z,204.09,197.9,USD,yfinance
NBIS,2026-09-03T22:01:47Z,210.63,203.5676,USD,yfinance
NBIS,2026-09-03T23:51:55Z,210.63,203.5676,USD,yfinance
NBIS,2026-09-04T22:02:03Z,226.39,209.65,USD,yfinance
NEM,2026-06-18T18:51:16Z,103.4999,105.94,USD,yfinance
NEM,2026-06-18T23:49:03Z,103.79,105.94,USD,yfinance
NEM,2026-06-19T23:02:22Z,103.79,105.94,USD,yfinance
NEM,2026-06-22T23:24:04Z,101.8,103.9,USD,yfinance
NEM,2026-06-23T23:12:02Z,97.84,100.6,USD,yfinance
NEM,2026-06-24T23:07:58Z,94.04,97.8399,USD,yfinance
NEM,2026-06-25T23:22:32Z,95.35,94.76,USD,yfinance
NEM,2026-06-26T23:11:02Z,96.13,95.53,USD,yfinance
NEM,2026-06-29T23:02:56Z,94.51,96.49,USD,yfinance
NEM,2026-06-30T23:17:52Z,93.4,94.5,USD,yfinance
NEM,2026-07-01T23:19:43Z,93.3,92.93,USD,yfinance
NEM,2026-07-02T23:12:04Z,97.04,93.01,USD,yfinance
NEM,2026-07-03T23:08:29Z,97.04,93.01,USD,yfinance
NEM,2026-07-06T23:12:23Z,98.2,97.35,USD,yfinance
NEM,2026-07-07T23:05:51Z,95.06,98.66,USD,yfinance
NEM,2026-07-08T23:11:47Z,93.2,94.81,USD,yfinance
NEM,2026-07-09T23:15:25Z,94.81,93.01,USD,yfinance
NEM,2026-07-10T23:02:18Z,95.29,94.6,USD,yfinance
NEM,2026-07-11T20:54:22Z,95.29,94.6,USD,yfinance
NEM,2026-07-13T22:58:40Z,93.1,95.28,USD,yfinance
NEM,2026-07-14T23:00:09Z,94.75,93.1,USD,yfinance
NEM,2026-07-15T23:01:05Z,95.21,94.91,USD,yfinance
NEM,2026-07-16T23:00:28Z,90.83,95.115,USD,yfinance
NEM,2026-07-17T22:53:34Z,89.7,90.915,USD,yfinance
NEM,2026-07-20T23:03:51Z,89.2,90.2,USD,yfinance
NEM,2026-07-21T23:01:08Z,92.49,89.69,USD,yfinance
NEM,2026-07-22T23:07:53Z,95.75,92.73,USD,yfinance
NEM,2026-07-23T22:59:36Z,94.72,95.76,USD,yfinance
NEM,2026-07-24T23:04:14Z,93.19,94.2,USD,yfinance
NEM,2026-07-27T23:05:31Z,93.47,93.1887,USD,yfinance
NEM,2026-07-28T23:02:57Z,91.52,93.45,USD,yfinance
NEM,2026-07-29T23:01:32Z,91.34,91.99,USD,yfinance
NEM,2026-07-30T23:11:06Z,95.76,93.0,USD,yfinance
NEM,2026-07-31T23:04:27Z,93.71,95.59,USD,yfinance
NEM,2026-08-03T23:04:23Z,95.37,93.55,USD,yfinance
NEM,2026-08-04T23:06:12Z,97.73,95.13,USD,yfinance
NEM,2026-08-05T23:03:00Z,104.29,97.81,USD,yfinance
NEM,2026-08-07T01:31:19Z,105.43,104.75,USD,yfinance
NEM,2026-08-07T22:39:17Z,112.98,105.9747,USD,yfinance
NEM,2026-08-10T20:10:10Z,117.265,113.68,USD,yfinance
NEM,2026-08-10T22:40:57Z,117.26,113.68,USD,yfinance
NEM,2026-08-11T22:46:02Z,117.21,118.0,USD,yfinance
NEM,2026-08-12T22:44:08Z,117.84,117.41,USD,yfinance
NEM,2026-08-13T16:00:02Z,114.0484,117.9,USD,yfinance
NEM,2026-08-13T22:45:24Z,114.19,117.9,USD,yfinance
NEM,2026-08-14T22:26:43Z,117.76,114.42,USD,yfinance
NEM,2026-08-17T22:28:09Z,120.33,117.8589,USD,yfinance
NEM,2026-08-18T22:26:48Z,115.98,120.0047,USD,yfinance
NEM,2026-08-19T22:28:10Z,125.08,115.81,USD,yfinance
NEM,2026-08-20T22:31:04Z,127.64,124.75,USD,yfinance
NEM,2026-08-21T22:28:35Z,131.58,127.78,USD,yfinance
NEM,2026-08-24T22:29:39Z,131.84,131.59,USD,yfinance
NEM,2026-08-25T22:30:55Z,135.14,132.2,USD,yfinance
NEM,2026-08-27T03:00:58Z,131.6,135.0,USD,yfinance
NEM,2026-08-27T20:19:46Z,132.29,132.15,USD,yfinance
NEM,2026-08-27T22:02:09Z,132.29,132.15,USD,yfinance
NEM,2026-08-28T06:01:24Z,132.29,132.15,USD,yfinance
NEM,2026-08-28T22:02:19Z,127.98,131.97,USD,yfinance
NEM,2026-08-29T03:35:16Z,127.98,131.97,USD,yfinance
NEM,2026-08-31T22:01:57Z,126.06,127.45,USD,yfinance
NEM,2026-09-01T01:04:47Z,126.06,127.45,USD,yfinance
NEM,2026-09-01T22:02:05Z,122.63,125.82,USD,yfinance
NEM,2026-09-01T23:53:15Z,122.63,125.82,USD,yfinance
NEM,2026-09-02T04:00:00Z,122.63,125.82,USD,yfinance
NEM,2026-09-02T04:05:26Z,122.63,125.82,USD,yfinance
NEM,2026-09-02T22:02:07Z,125.16,122.93,USD,yfinance
NEM,2026-09-02T23:55:46Z,125.16,122.93,USD,yfinance
NEM,2026-09-03T22:02:04Z,130.43,125.25,USD,yfinance
NEM,2026-09-03T23:52:14Z,130.43,125.25,USD,yfinance
NEM,2026-09-04T22:02:25Z,128.09,130.7499,USD,yfinance
NET,2026-08-27T20:16:11Z,308.27,291.69,USD,yfinance
NET,2026-08-27T20:20:35Z,308.23,291.69,USD,yfinance
NET,2026-08-27T22:03:01Z,308.23,291.69,USD,yfinance
NET,2026-08-28T06:02:14Z,308.23,291.69,USD,yfinance
NET,2026-08-28T22:03:18Z,299.84,307.6899,USD,yfinance
NET,2026-08-29T03:36:11Z,299.84,307.6899,USD,yfinance
NET,2026-08-31T22:02:43Z,305.11,301.611,USD,yfinance
NET,2026-09-01T01:05:29Z,305.11,301.611,USD,yfinance
NET,2026-09-01T22:02:54Z,285.51,306.72,USD,yfinance
NET,2026-09-01T23:54:02Z,285.51,306.72,USD,yfinance
NET,2026-09-02T04:00:42Z,285.51,306.72,USD,yfinance
NET,2026-09-02T04:06:11Z,285.51,306.72,USD,yfinance
NET,2026-09-02T22:02:50Z,272.74,284.76,USD,yfinance
NET,2026-09-02T23:56:35Z,272.74,284.76,USD,yfinance
NET,2026-09-03T22:02:48Z,284.51,276.0,USD,yfinance
NET,2026-09-03T23:53:02Z,284.51,276.0,USD,yfinance
NET,2026-09-04T22:03:23Z,278.92,284.06,USD,yfinance
NLR,2026-09-02T16:45:13Z,115.46,115.98,USD,yfinance
NLR,2026-09-02T22:04:18Z,117.03,115.98,USD,yfinance
NLR,2026-09-02T23:58:09Z,117.03,115.98,USD,yfinance
NLR,2026-09-03T22:04:15Z,119.19,118.5489,USD,yfinance
NLR,2026-09-03T23:54:37Z,119.19,118.5489,USD,yfinance
NLR,2026-09-04T22:05:17Z,119.95,117.248,USD,yfinance
NLST,2026-08-17T22:27:45Z,6.03,5.88,USD,yfinance
NLST,2026-08-18T22:26:24Z,6.4,6.03,USD,yfinance
NLST,2026-08-19T22:27:46Z,6.13,6.4,USD,yfinance
NLST,2026-08-20T22:30:37Z,5.33,6.14,USD,yfinance
NLST,2026-08-21T22:28:03Z,5.1,5.33,USD,yfinance
NLST,2026-08-24T22:29:13Z,5.11,5.1,USD,yfinance
NLST,2026-08-25T22:30:28Z,5.09,5.11,USD,yfinance
NLST,2026-08-27T03:00:32Z,5.76,5.09,USD,yfinance
NLST,2026-08-27T20:19:17Z,6.09,5.76,USD,yfinance
NLST,2026-08-27T22:01:40Z,6.09,5.76,USD,yfinance
NLST,2026-08-28T06:00:57Z,6.08,5.73,USD,yfinance
NLST,2026-08-28T22:01:46Z,6.62,6.08,USD,yfinance
NLST,2026-08-29T03:34:46Z,6.63,6.08,USD,yfinance
NLST,2026-08-31T22:01:31Z,6.82,6.62,USD,yfinance
NLST,2026-09-01T01:04:23Z,6.82,6.62,USD,yfinance
NLST,2026-09-01T22:01:35Z,6.66,6.82,USD,yfinance
NLST,2026-09-01T23:52:47Z,6.66,6.82,USD,yfinance
NLST,2026-09-02T03:59:35Z,6.65,6.82,USD,yfinance
NLST,2026-09-02T04:05:00Z,6.65,6.82,USD,yfinance
NLST,2026-09-02T22:01:36Z,5.15,6.65,USD,yfinance
NLST,2026-09-02T23:55:11Z,5.15,6.65,USD,yfinance
NLST,2026-09-03T17:30:30Z,5.61,5.15,USD,yfinance
NLST,2026-09-03T22:01:32Z,5.53,5.15,USD,yfinance
NLST,2026-09-03T23:51:38Z,5.53,5.15,USD,yfinance
NLST,2026-09-04T22:01:43Z,5.02,5.56,USD,yfinance
NOK,2026-06-18T18:50:16Z,13.38,13.93,USD,yfinance
NOK,2026-06-18T23:48:08Z,13.49,13.93,USD,yfinance
NOK,2026-06-19T23:01:26Z,13.49,13.93,USD,yfinance
NOK,2026-06-22T23:23:10Z,14.43,13.5872,USD,yfinance
NOK,2026-06-23T23:10:53Z,13.7,14.31,USD,yfinance
NOK,2026-06-24T23:07:01Z,13.81,13.72,USD,yfinance
NOK,2026-06-25T23:21:35Z,13.98,14.2399,USD,yfinance
NOK,2026-06-26T23:09:50Z,13.01,13.97,USD,yfinance
NOK,2026-06-29T23:01:45Z,13.03,12.92,USD,yfinance
NOK,2026-06-30T23:16:44Z,13.28,12.9902,USD,yfinance
NOK,2026-07-01T23:18:45Z,12.91,13.26,USD,yfinance
NOK,2026-07-02T23:11:07Z,12.07,12.85,USD,yfinance
NOK,2026-07-03T23:07:34Z,12.07,12.85,USD,yfinance
NOK,2026-07-06T23:11:24Z,12.51,12.05,USD,yfinance
NOK,2026-07-07T23:04:50Z,11.85,12.429,USD,yfinance
NOK,2026-07-08T23:10:51Z,11.95,11.72,USD,yfinance
NOK,2026-07-09T23:14:20Z,12.9,11.96,USD,yfinance
NOK,2026-07-10T23:01:15Z,12.44,12.9698,USD,yfinance
NOK,2026-07-11T20:53:22Z,12.44,12.9698,USD,yfinance
NOK,2026-07-13T22:57:44Z,11.69,12.4574,USD,yfinance
NOK,2026-07-14T22:59:07Z,11.7,11.5974,USD,yfinance
NOK,2026-07-15T23:00:48Z,11.25,11.7798,USD,yfinance
NOK,2026-07-16T23:00:12Z,10.38,11.2131,USD,yfinance
NOK,2026-07-17T22:53:21Z,10.12,10.22,USD,yfinance
NOK,2026-07-20T23:03:40Z,10.08,10.1189,USD,yfinance
NOK,2026-07-21T23:00:53Z,10.63,10.11,USD,yfinance
NOK,2026-07-22T23:07:41Z,10.28,11.0715,USD,yfinance
NOK,2026-07-23T22:59:21Z,9.73,10.95,USD,yfinance
NOK,2026-07-24T23:04:03Z,9.1,9.65,USD,yfinance
NOK,2026-07-27T23:05:20Z,9.28,8.99,USD,yfinance
NOK,2026-07-28T23:02:46Z,8.93,9.2101,USD,yfinance
NOK,2026-07-29T23:01:20Z,8.41,8.954,USD,yfinance
NOK,2026-07-30T23:10:53Z,9.09,8.3699,USD,yfinance
NOK,2026-07-31T23:04:14Z,9.14,9.28,USD,yfinance
NOK,2026-08-03T23:04:11Z,9.36,9.07,USD,yfinance
NOK,2026-08-04T23:06:01Z,9.92,9.44,USD,yfinance
NOK,2026-08-05T23:02:48Z,9.58,9.9146,USD,yfinance
NOK,2026-08-07T01:31:07Z,9.43,9.57,USD,yfinance
NOK,2026-08-07T22:39:06Z,9.36,9.5,USD,yfinance
NOK,2026-08-10T20:09:59Z,9.12,9.4354,USD,yfinance
NOK,2026-08-10T22:40:42Z,9.13,9.4354,USD,yfinance
NOK,2026-08-11T22:45:48Z,9.44,9.1345,USD,yfinance
NOK,2026-08-12T22:43:54Z,10.32,9.4698,USD,yfinance
NOK,2026-08-13T15:59:48Z,10.5984,10.36,USD,yfinance
NOK,2026-08-13T22:45:12Z,10.56,10.36,USD,yfinance
NOK,2026-08-14T22:26:31Z,10.76,10.72,USD,yfinance
NOK,2026-08-17T22:27:56Z,10.78,10.81,USD,yfinance
NOK,2026-08-18T22:26:36Z,10.39,10.84,USD,yfinance
NOK,2026-08-19T22:27:58Z,10.13,10.2,USD,yfinance
NOK,2026-08-20T22:30:50Z,10.15,10.2,USD,yfinance
NOK,2026-08-21T22:28:21Z,10.21,10.13,USD,yfinance
NOK,2026-08-24T22:29:25Z,9.96,10.2293,USD,yfinance
NOK,2026-08-25T22:30:40Z,10.35,9.92,USD,yfinance
NOK,2026-08-27T03:00:44Z,10.41,10.33,USD,yfinance
NOK,2026-08-27T20:19:30Z,10.59,10.79,USD,yfinance
NOK,2026-08-27T22:01:53Z,10.59,10.79,USD,yfinance
NOK,2026-08-28T06:01:09Z,10.59,10.79,USD,yfinance
NOK,2026-08-28T22:02:01Z,10.21,10.4969,USD,yfinance
NOK,2026-08-29T03:34:59Z,10.21,10.4969,USD,yfinance
NOK,2026-08-31T22:01:42Z,10.14,10.1801,USD,yfinance
NOK,2026-09-01T01:04:34Z,10.14,10.1801,USD,yfinance
NOK,2026-09-01T22:01:48Z,9.93,10.1302,USD,yfinance
NOK,2026-09-01T23:52:59Z,9.93,10.1302,USD,yfinance
NOK,2026-09-02T03:59:46Z,9.93,10.1302,USD,yfinance
NOK,2026-09-02T04:05:11Z,9.93,10.1302,USD,yfinance
NOK,2026-09-02T22:01:48Z,9.84,10.0115,USD,yfinance
NOK,2026-09-02T23:55:25Z,9.84,10.0115,USD,yfinance
NOK,2026-09-03T22:01:44Z,9.77,9.8299,USD,yfinance
NOK,2026-09-03T23:51:52Z,9.77,9.8299,USD,yfinance
NOK,2026-09-04T22:01:59Z,10.03,9.7205,USD,yfinance
NOW,2026-08-10T20:10:39Z,127.45,124.99,USD,yfinance
NOW,2026-08-10T22:41:37Z,127.44,124.99,USD,yfinance
NOW,2026-08-11T22:46:38Z,127.54,126.34,USD,yfinance
NOW,2026-08-12T22:44:47Z,124.94,127.19,USD,yfinance
NOW,2026-08-13T16:00:36Z,122.25,124.6481,USD,yfinance
NOW,2026-08-13T22:45:54Z,127.25,124.6481,USD,yfinance
NOW,2026-08-14T22:27:13Z,124.0,127.1484,USD,yfinance
NOW,2026-08-17T22:28:38Z,117.7,123.95,USD,yfinance
NOW,2026-08-18T22:27:18Z,119.49,117.4991,USD,yfinance
NOW,2026-08-19T22:28:41Z,127.2,118.9,USD,yfinance
NOW,2026-08-20T22:31:37Z,129.75,127.1124,USD,yfinance
NOW,2026-08-21T22:29:10Z,128.48,129.83,USD,yfinance
NOW,2026-08-24T22:30:11Z,128.05,127.8,USD,yfinance
NOW,2026-08-25T22:31:25Z,127.0,127.24,USD,yfinance
NOW,2026-08-27T03:01:28Z,125.8,125.27,USD,yfinance
NOW,2026-08-27T20:20:19Z,138.43,130.04,USD,yfinance
NOW,2026-08-27T22:02:44Z,138.43,130.04,USD,yfinance
NOW,2026-08-28T06:01:58Z,138.43,130.04,USD,yfinance
NOW,2026-08-28T22:02:56Z,144.71,137.4,USD,yfinance
NOW,2026-08-29T03:35:53Z,144.71,137.4,USD,yfinance
NOW,2026-08-31T22:02:28Z,147.99,143.2124,USD,yfinance
NOW,2026-09-01T01:05:15Z,147.99,143.2124,USD,yfinance
NOW,2026-09-01T22:02:37Z,142.9,147.3,USD,yfinance
NOW,2026-09-01T23:53:46Z,142.9,147.3,USD,yfinance
NOW,2026-09-02T04:00:28Z,142.9,147.3,USD,yfinance
NOW,2026-09-02T04:05:56Z,142.9,147.3,USD,yfinance
NOW,2026-09-02T22:02:36Z,136.72,140.54,USD,yfinance
NOW,2026-09-02T23:56:18Z,136.72,140.54,USD,yfinance
NOW,2026-09-03T22:02:33Z,145.59,140.8,USD,yfinance
NOW,2026-09-03T23:52:47Z,145.59,140.8,USD,yfinance
NOW,2026-09-04T22:03:04Z,141.26,145.31,USD,yfinance
NRG,2026-09-02T13:38:07Z,109.465,109.94,USD,yfinance
NRG,2026-09-02T22:04:24Z,111.09,109.94,USD,yfinance
NRG,2026-09-02T23:58:17Z,111.09,109.94,USD,yfinance
NRG,2026-09-03T22:04:21Z,111.84,111.6105,USD,yfinance
NRG,2026-09-03T23:54:45Z,111.84,111.6105,USD,yfinance
NRG,2026-09-04T22:05:26Z,119.02,112.4,USD,yfinance
NVDA,2026-06-18T17:48:05Z,210.19,206.3,USD,yfinance
NVDA,2026-06-18T18:02:33Z,209.76,206.3,USD,yfinance
NVDA,2026-06-18T18:50:02Z,210.0601,206.3,USD,yfinance
NVDA,2026-06-18T23:47:55Z,210.69,206.3,USD,yfinance
NVDA,2026-06-19T23:01:13Z,210.69,206.3,USD,yfinance
NVDA,2026-06-22T23:22:57Z,208.65,210.33,USD,yfinance
NVDA,2026-06-23T23:10:38Z,200.04,207.825,USD,yfinance
NVDA,2026-06-24T23:06:48Z,199.0,200.9,USD,yfinance
NVDA,2026-06-25T23:21:22Z,195.74,200.6875,USD,yfinance
NVDA,2026-06-26T23:09:33Z,192.53,194.8,USD,yfinance
NVDA,2026-06-29T23:01:29Z,194.97,192.79,USD,yfinance
NVDA,2026-06-30T23:16:28Z,200.09,195.12,USD,yfinance
NVDA,2026-07-01T23:18:33Z,197.58,199.53,USD,yfinance
NVDA,2026-07-02T23:10:54Z,194.83,197.04,USD,yfinance
NVDA,2026-07-03T23:07:21Z,194.83,197.04,USD,yfinance
NVDA,2026-07-06T23:11:10Z,195.55,194.3965,USD,yfinance
NVDA,2026-07-07T23:04:36Z,196.93,194.6983,USD,yfinance
NVDA,2026-07-08T23:10:38Z,204.12,195.89,USD,yfinance
NVDA,2026-07-09T23:14:06Z,202.78,203.62,USD,yfinance
NVDA,2026-07-10T23:01:01Z,210.96,202.315,USD,yfinance
NVDA,2026-07-11T20:53:09Z,210.96,202.315,USD,yfinance
NVDA,2026-07-13T22:57:31Z,203.53,210.57,USD,yfinance
NVDA,2026-07-14T22:58:53Z,211.8,203.25,USD,yfinance
NVDA,2026-07-15T22:59:50Z,212.5,211.8192,USD,yfinance
NVDA,2026-07-16T22:59:19Z,207.4,211.2502,USD,yfinance
NVDA,2026-07-17T22:52:30Z,202.81,205.965,USD,yfinance
NVDA,2026-07-20T23:02:59Z,203.28,202.4887,USD,yfinance
NVDA,2026-07-21T23:00:02Z,207.29,203.0892,USD,yfinance
NVDA,2026-07-22T23:07:00Z,212.06,206.35,USD,yfinance
NVDA,2026-07-23T22:58:30Z,208.76,212.04,USD,yfinance
NVDA,2026-07-24T23:03:23Z,206.84,207.99,USD,yfinance
NVDA,2026-07-27T23:04:41Z,196.51,206.7995,USD,yfinance
NVDA,2026-07-28T23:02:07Z,197.01,196.14,USD,yfinance
NVDA,2026-07-29T23:00:39Z,190.01,197.63,USD,yfinance
NVDA,2026-07-30T23:10:07Z,195.04,191.2641,USD,yfinance
NVDA,2026-07-31T23:03:28Z,200.75,196.839,USD,yfinance
NVDA,2026-08-03T23:03:29Z,206.64,198.9495,USD,yfinance
NVDA,2026-08-04T23:05:19Z,211.94,206.8031,USD,yfinance
NVDA,2026-08-05T23:02:07Z,219.22,216.5,USD,yfinance
NVDA,2026-08-07T01:30:26Z,218.99,220.7423,USD,yfinance
NVDA,2026-08-07T22:38:26Z,223.96,219.42,USD,yfinance
NVDA,2026-08-10T20:09:20Z,217.55,223.7619,USD,yfinance
NVDA,2026-08-10T22:39:49Z,217.55,223.7619,USD,yfinance
NVDA,2026-08-11T22:44:58Z,217.5,217.99,USD,yfinance
NVDA,2026-08-12T22:43:04Z,224.09,218.0385,USD,yfinance
NVDA,2026-08-13T15:59:02Z,224.26,223.7415,USD,yfinance
NVDA,2026-08-13T22:44:29Z,225.3,223.7415,USD,yfinance
NVDA,2026-08-14T22:25:46Z,225.16,225.4256,USD,yfinance
NVDA,2026-08-17T22:27:09Z,225.01,224.72,USD,yfinance
NVDA,2026-08-18T22:25:48Z,219.74,225.15,USD,yfinance
NVDA,2026-08-19T22:27:11Z,217.56,219.25,USD,yfinance
NVDA,2026-08-20T22:29:59Z,216.85,218.8244,USD,yfinance
NVDA,2026-08-21T22:27:23Z,214.72,217.05,USD,yfinance
NVDA,2026-08-24T22:28:36Z,208.48,215.38,USD,yfinance
NVDA,2026-08-25T22:29:52Z,213.05,208.8,USD,yfinance
NVDA,2026-08-27T02:59:57Z,209.66,213.63,USD,yfinance
NVDA,2026-08-27T20:18:38Z,227.98,219.53,USD,yfinance
NVDA,2026-08-27T22:00:57Z,227.98,219.53,USD,yfinance
NVDA,2026-08-28T06:00:17Z,227.98,219.53,USD,yfinance
NVDA,2026-08-28T22:01:01Z,217.55,226.149,USD,yfinance
NVDA,2026-08-29T03:34:03Z,217.55,226.149,USD,yfinance
NVDA,2026-08-31T22:00:55Z,220.78,217.89,USD,yfinance
NVDA,2026-09-01T01:03:51Z,220.78,217.89,USD,yfinance
NVDA,2026-09-01T22:00:56Z,217.44,220.27,USD,yfinance
NVDA,2026-09-01T23:52:12Z,217.44,220.27,USD,yfinance
NVDA,2026-09-02T03:59:03Z,217.44,220.27,USD,yfinance
NVDA,2026-09-02T04:04:26Z,217.44,220.27,USD,yfinance
NVDA,2026-09-02T22:00:58Z,224.41,217.4798,USD,yfinance
NVDA,2026-09-02T23:54:29Z,224.41,217.4798,USD,yfinance
NVDA,2026-09-03T22:00:54Z,228.45,225.35,USD,yfinance
NVDA,2026-09-03T23:50:55Z,228.45,225.35,USD,yfinance
NVDA,2026-09-04T22:00:54Z,230.36,229.622,USD,yfinance
NVO,2026-06-18T18:50:26Z,43.135,43.6,USD,yfinance
NVO,2026-06-18T23:48:18Z,43.19,43.6,USD,yfinance
NVO,2026-06-19T23:01:36Z,43.19,43.6,USD,yfinance
NVO,2026-06-22T23:23:19Z,45.88,43.14,USD,yfinance
NVO,2026-06-23T23:11:06Z,47.42,45.63,USD,yfinance
NVO,2026-06-24T23:07:12Z,47.41,47.335,USD,yfinance
NVO,2026-06-25T23:21:46Z,47.64,47.25,USD,yfinance
NVO,2026-06-26T23:10:03Z,48.07,47.62,USD,yfinance
NVO,2026-06-29T23:01:58Z,48.34,48.0104,USD,yfinance
NVO,2026-06-30T23:16:56Z,47.94,48.23,USD,yfinance
NVO,2026-07-01T23:18:56Z,48.77,47.9542,USD,yfinance
NVO,2026-07-02T23:11:18Z,50.43,48.55,USD,yfinance
NVO,2026-07-03T23:07:44Z,50.43,48.55,USD,yfinance
NVO,2026-07-06T23:11:35Z,49.26,50.3,USD,yfinance
NVO,2026-07-07T23:05:01Z,49.64,49.3135,USD,yfinance
NVO,2026-07-08T23:11:01Z,48.89,49.6307,USD,yfinance
NVO,2026-07-09T23:14:32Z,48.88,48.9292,USD,yfinance
NVO,2026-07-10T23:01:27Z,49.48,48.86,USD,yfinance
NVO,2026-07-11T20:53:34Z,49.48,48.86,USD,yfinance
NVO,2026-07-13T22:57:54Z,49.28,49.4864,USD,yfinance
NVO,2026-07-14T22:59:18Z,49.07,49.1391,USD,yfinance
NVO,2026-07-15T23:01:48Z,50.56,49.0,USD,yfinance
NVO,2026-07-16T23:01:09Z,51.48,50.65,USD,yfinance
NVO,2026-07-17T22:54:13Z,50.32,51.41,USD,yfinance
NVO,2026-07-20T23:04:23Z,49.61,50.28,USD,yfinance
NVO,2026-07-21T23:01:47Z,49.38,49.6,USD,yfinance
NVO,2026-07-22T23:08:24Z,48.19,49.35,USD,yfinance
NVO,2026-07-23T23:00:15Z,48.18,48.11,USD,yfinance
NVO,2026-07-24T23:04:45Z,48.77,48.0694,USD,yfinance
NVO,2026-07-27T23:06:02Z,49.67,48.99,USD,yfinance
NVO,2026-07-28T23:03:27Z,50.96,49.68,USD,yfinance
NVO,2026-07-29T23:02:03Z,51.58,50.8793,USD,yfinance
NVO,2026-07-30T23:11:41Z,51.61,51.2,USD,yfinance
NVO,2026-07-31T23:05:01Z,47.08,51.4018,USD,yfinance
NVO,2026-08-03T23:04:55Z,47.09,46.92,USD,yfinance
NVO,2026-08-04T23:06:44Z,44.28,47.16,USD,yfinance
NVO,2026-08-05T23:03:31Z,44.53,44.7,USD,yfinance
NVO,2026-08-07T01:31:50Z,45.97,44.7,USD,yfinance
NVO,2026-08-07T22:39:48Z,47.26,45.9001,USD,yfinance
NVO,2026-08-10T20:10:47Z,47.73,47.24,USD,yfinance
NVO,2026-08-10T22:41:49Z,47.73,47.24,USD,yfinance
NVO,2026-08-11T22:46:49Z,47.17,47.58,USD,yfinance
NVO,2026-08-12T22:44:58Z,46.39,47.27,USD,yfinance
NVO,2026-08-13T16:00:46Z,45.995,46.53,USD,yfinance
NVO,2026-08-13T22:46:03Z,46.72,46.53,USD,yfinance
NVO,2026-08-14T22:27:23Z,45.89,46.6101,USD,yfinance
NVO,2026-08-17T22:28:49Z,44.88,45.89,USD,yfinance
NVO,2026-08-18T22:27:27Z,45.71,44.8799,USD,yfinance
NVO,2026-08-19T22:28:50Z,46.48,45.74,USD,yfinance
NVO,2026-08-20T22:31:47Z,46.14,46.85,USD,yfinance
NVO,2026-08-21T22:29:21Z,46.74,46.3,USD,yfinance
NVO,2026-08-24T22:30:20Z,46.92,46.81,USD,yfinance
NVO,2026-08-25T22:31:35Z,48.66,46.97,USD,yfinance
NVO,2026-08-27T03:01:37Z,47.19,48.61,USD,yfinance
NVO,2026-08-27T20:20:41Z,46.26,47.25,USD,yfinance
NVO,2026-08-27T22:03:07Z,46.26,47.25,USD,yfinance
NVO,2026-08-28T06:02:20Z,46.26,47.25,USD,yfinance
NVO,2026-08-28T22:03:25Z,45.61,46.4,USD,yfinance
NVO,2026-08-29T03:36:17Z,45.61,46.4,USD,yfinance
NVO,2026-08-31T22:02:48Z,45.33,45.6,USD,yfinance
NVO,2026-09-01T01:05:34Z,45.33,45.6,USD,yfinance
NVO,2026-09-01T22:02:59Z,45.12,45.33,USD,yfinance
NVO,2026-09-01T23:54:08Z,45.12,45.33,USD,yfinance
NVO,2026-09-02T04:00:46Z,45.12,45.33,USD,yfinance
NVO,2026-09-02T04:06:16Z,45.12,45.33,USD,yfinance
NVO,2026-09-02T22:02:55Z,46.77,45.368,USD,yfinance
NVO,2026-09-02T23:56:40Z,46.77,45.368,USD,yfinance
NVO,2026-09-03T22:02:53Z,47.51,46.75,USD,yfinance
NVO,2026-09-03T23:53:08Z,47.51,46.75,USD,yfinance
NVO,2026-09-04T22:03:30Z,46.6,47.298,USD,yfinance
NVTS,2026-06-18T18:50:49Z,23.2001,22.85,USD,yfinance
NVTS,2026-06-18T23:48:39Z,24.02,22.85,USD,yfinance
NVTS,2026-06-19T23:01:57Z,24.02,22.85,USD,yfinance
NVTS,2026-06-22T23:23:40Z,23.7,24.02,USD,yfinance
NVTS,2026-06-23T23:11:32Z,21.4,23.58,USD,yfinance
NVTS,2026-06-24T23:07:33Z,18.32,21.3482,USD,yfinance
NVTS,2026-06-25T23:22:07Z,17.7,19.75,USD,yfinance
NVTS,2026-06-26T23:10:30Z,17.3,17.5795,USD,yfinance
NVTS,2026-06-29T23:02:25Z,17.74,17.2687,USD,yfinance
NVTS,2026-06-30T23:17:22Z,17.92,17.75,USD,yfinance
NVTS,2026-07-01T23:19:18Z,16.53,17.95,USD,yfinance
NVTS,2026-07-02T23:11:39Z,14.46,16.6,USD,yfinance
NVTS,2026-07-03T23:08:05Z,14.46,16.6,USD,yfinance
NVTS,2026-07-06T23:11:58Z,15.23,14.6,USD,yfinance
NVTS,2026-07-07T23:05:24Z,13.99,15.18,USD,yfinance
NVTS,2026-07-08T23:11:23Z,13.36,13.2274,USD,yfinance
NVTS,2026-07-09T23:14:57Z,14.18,13.4787,USD,yfinance
NVTS,2026-07-10T23:01:51Z,13.47,14.2999,USD,yfinance
NVTS,2026-07-11T20:53:56Z,13.47,14.2999,USD,yfinance
NVTS,2026-07-13T22:58:15Z,12.87,13.4846,USD,yfinance
NVTS,2026-07-14T22:59:42Z,13.09,12.7997,USD,yfinance
NVTS,2026-07-15T23:00:08Z,13.27,13.14,USD,yfinance
NVTS,2026-07-16T22:59:35Z,11.755,13.26,USD,yfinance
NVTS,2026-07-17T22:52:46Z,11.46,11.64,USD,yfinance
NVTS,2026-07-20T23:03:11Z,11.54,11.4314,USD,yfinance
NVTS,2026-07-21T23:00:18Z,12.825,11.5796,USD,yfinance
NVTS,2026-07-22T23:07:13Z,12.67,13.3,USD,yfinance
NVTS,2026-07-23T22:58:46Z,12.03,12.63,USD,yfinance
NVTS,2026-07-24T23:03:35Z,10.92,12.1204,USD,yfinance
NVTS,2026-07-27T23:04:53Z,11.41,10.95,USD,yfinance
NVTS,2026-07-28T23:02:19Z,10.01,11.0301,USD,yfinance
NVTS,2026-07-29T23:00:52Z,9.735,10.11,USD,yfinance
NVTS,2026-07-30T23:10:22Z,11.01,9.81,USD,yfinance
NVTS,2026-07-31T23:03:43Z,10.86,11.32,USD,yfinance
NVTS,2026-08-03T23:03:42Z,11.52,10.8091,USD,yfinance
NVTS,2026-08-04T23:05:32Z,12.69,11.69,USD,yfinance
NVTS,2026-08-05T23:02:20Z,12.35,12.68,USD,yfinance
NVTS,2026-08-07T01:30:39Z,12.4,12.22,USD,yfinance
NVTS,2026-08-07T22:38:38Z,13.89,12.59,USD,yfinance
NVTS,2026-08-10T20:09:32Z,13.17,14.025,USD,yfinance
NVTS,2026-08-10T22:40:06Z,13.17,14.025,USD,yfinance
NVTS,2026-08-11T22:45:14Z,13.6,13.1417,USD,yfinance
NVTS,2026-08-12T22:43:20Z,13.93,13.615,USD,yfinance
NVTS,2026-08-13T15:59:17Z,13.925,13.94,USD,yfinance
NVTS,2026-08-13T22:44:42Z,13.66,13.94,USD,yfinance
NVTS,2026-08-14T22:25:59Z,14.45,13.79,USD,yfinance
NVTS,2026-08-17T22:27:22Z,14.58,14.5,USD,yfinance
NVTS,2026-08-18T22:26:02Z,13.17,14.8,USD,yfinance
NVTS,2026-08-19T22:27:25Z,12.83,13.14,USD,yfinance
NVTS,2026-08-20T22:30:14Z,12.97,13.13,USD,yfinance
NVTS,2026-08-21T22:27:39Z,12.97,12.94,USD,yfinance
NVTS,2026-08-24T22:28:51Z,12.23,12.98,USD,yfinance
NVTS,2026-08-25T22:30:07Z,12.44,12.2792,USD,yfinance
NVTS,2026-08-27T03:00:11Z,12.67,12.6,USD,yfinance
NVTS,2026-08-27T20:18:53Z,12.51,13.1699,USD,yfinance
NVTS,2026-08-27T22:01:15Z,12.51,13.1699,USD,yfinance
NVTS,2026-08-28T06:00:33Z,12.51,13.1699,USD,yfinance
NVTS,2026-08-28T22:01:19Z,11.49,12.5,USD,yfinance
NVTS,2026-08-29T03:34:21Z,11.49,12.5,USD,yfinance
NVTS,2026-08-31T22:01:10Z,11.59,11.4797,USD,yfinance
NVTS,2026-09-01T01:04:04Z,11.59,11.4797,USD,yfinance
NVTS,2026-09-01T22:01:12Z,10.94,11.55,USD,yfinance
NVTS,2026-09-01T23:52:26Z,10.94,11.55,USD,yfinance
NVTS,2026-09-02T03:59:16Z,10.94,11.55,USD,yfinance
NVTS,2026-09-02T04:04:40Z,10.94,11.55,USD,yfinance
NVTS,2026-09-02T22:01:12Z,11.21,10.9892,USD,yfinance
NVTS,2026-09-02T23:54:45Z,11.21,10.9892,USD,yfinance
NVTS,2026-09-03T22:01:07Z,11.1,11.2099,USD,yfinance
NVTS,2026-09-03T23:51:11Z,11.1,11.2099,USD,yfinance
NVTS,2026-09-04T22:01:12Z,11.8,11.1784,USD,yfinance
OIH,2026-09-02T16:44:19Z,433.16,427.26,USD,yfinance
OIH,2026-09-02T22:03:22Z,436.58,427.26,USD,yfinance
OIH,2026-09-02T23:57:09Z,436.58,427.26,USD,yfinance
OIH,2026-09-03T22:03:20Z,429.81,437.84,USD,yfinance
OIH,2026-09-03T23:53:38Z,429.81,437.84,USD,yfinance
OIH,2026-09-04T22:04:04Z,427.53,426.74,USD,yfinance
OKTA,2026-08-27T20:16:09Z,172.91,162.45,USD,yfinance
OKTA,2026-08-27T20:20:34Z,172.91,162.45,USD,yfinance
OKTA,2026-08-27T22:02:59Z,172.91,162.45,USD,yfinance
OKTA,2026-08-28T06:02:13Z,172.91,162.45,USD,yfinance
OKTA,2026-08-28T22:03:16Z,166.23,172.1604,USD,yfinance
OKTA,2026-08-29T03:36:09Z,166.23,172.1604,USD,yfinance
OKTA,2026-08-31T22:02:42Z,173.04,166.2042,USD,yfinance
OKTA,2026-09-01T01:05:28Z,173.04,166.2042,USD,yfinance
OKTA,2026-09-01T22:02:52Z,166.43,173.19,USD,yfinance
OKTA,2026-09-01T23:54:01Z,166.43,173.19,USD,yfinance
OKTA,2026-09-02T04:00:40Z,166.43,173.19,USD,yfinance
OKTA,2026-09-02T04:06:10Z,166.43,173.19,USD,yfinance
OKTA,2026-09-02T22:02:49Z,163.15,166.3875,USD,yfinance
OKTA,2026-09-02T23:56:33Z,163.15,166.3875,USD,yfinance
OKTA,2026-09-03T22:02:47Z,170.42,163.8662,USD,yfinance
OKTA,2026-09-03T23:53:01Z,170.42,163.8662,USD,yfinance
OKTA,2026-09-04T22:03:21Z,170.6,170.3,USD,yfinance
ON,2026-09-02T13:38:27Z,73.085,72.35,USD,yfinance
ON,2026-09-02T22:01:18Z,72.34,72.35,USD,yfinance
ON,2026-09-02T23:54:52Z,72.34,72.35,USD,yfinance
ON,2026-09-03T22:01:15Z,73.65,72.55,USD,yfinance
ON,2026-09-03T23:51:18Z,73.65,72.55,USD,yfinance
ON,2026-09-04T22:01:20Z,74.38,73.6,USD,yfinance
ORCL,2026-09-02T13:38:32Z,141.6619,141.1508,USD,yfinance
ORCL,2026-09-02T22:03:09Z,145.75,141.1508,USD,yfinance
ORCL,2026-09-02T23:56:55Z,145.75,141.1508,USD,yfinance
ORCL,2026-09-03T22:03:07Z,154.04,146.25,USD,yfinance
ORCL,2026-09-03T23:53:24Z,154.04,146.25,USD,yfinance
ORCL,2026-09-04T22:03:47Z,158.78,154.3,USD,yfinance
PAAS,2026-06-18T18:51:26Z,49.165,50.9,USD,yfinance
PAAS,2026-06-18T23:49:12Z,49.0,50.9,USD,yfinance
PAAS,2026-06-19T23:02:31Z,49.0,50.9,USD,yfinance
PAAS,2026-06-22T23:24:13Z,48.91,49.09,USD,yfinance
PAAS,2026-06-23T23:12:14Z,46.22,48.41,USD,yfinance
PAAS,2026-06-24T23:08:08Z,44.39,46.67,USD,yfinance
PAAS,2026-06-25T23:22:42Z,44.99,44.8,USD,yfinance
PAAS,2026-06-26T23:11:13Z,45.45,45.01,USD,yfinance
PAAS,2026-06-29T23:03:07Z,44.67,45.8,USD,yfinance
PAAS,2026-06-30T23:18:03Z,44.79,44.7,USD,yfinance
PAAS,2026-07-01T23:19:52Z,44.33,44.69,USD,yfinance
PAAS,2026-07-02T23:12:13Z,46.29,44.59,USD,yfinance
PAAS,2026-07-03T23:08:38Z,46.29,44.59,USD,yfinance
PAAS,2026-07-06T23:12:33Z,45.02,46.47,USD,yfinance
PAAS,2026-07-07T23:06:01Z,44.16,45.02,USD,yfinance
PAAS,2026-07-08T23:11:57Z,42.6,44.46,USD,yfinance
PAAS,2026-07-09T23:15:35Z,44.12,42.4033,USD,yfinance
PAAS,2026-07-10T23:02:28Z,43.67,44.2,USD,yfinance
PAAS,2026-07-11T20:54:32Z,43.67,44.2,USD,yfinance
PAAS,2026-07-13T22:58:49Z,42.7,43.76,USD,yfinance
PAAS,2026-07-14T23:00:19Z,43.51,42.75,USD,yfinance
PAAS,2026-07-15T23:01:18Z,43.57,43.5201,USD,yfinance
PAAS,2026-07-16T23:00:40Z,41.98,43.64,USD,yfinance
PAAS,2026-07-17T22:53:46Z,41.77,42.0,USD,yfinance
PAAS,2026-07-20T23:04:01Z,42.19,41.84,USD,yfinance
PAAS,2026-07-21T23:01:20Z,44.43,41.75,USD,yfinance
PAAS,2026-07-22T23:08:02Z,45.29,44.69,USD,yfinance
PAAS,2026-07-23T22:59:48Z,44.19,45.38,USD,yfinance
PAAS,2026-07-24T23:04:24Z,44.03,44.13,USD,yfinance
PAAS,2026-07-27T23:05:40Z,44.13,44.2278,USD,yfinance
PAAS,2026-07-28T23:03:06Z,43.23,44.02,USD,yfinance
PAAS,2026-07-29T23:01:41Z,42.55,43.4,USD,yfinance
PAAS,2026-07-30T23:11:17Z,44.03,43.45,USD,yfinance
PAAS,2026-07-31T23:04:37Z,43.11,44.2,USD,yfinance
PAAS,2026-08-03T23:04:32Z,43.73,42.9755,USD,yfinance
PAAS,2026-08-04T23:06:22Z,44.91,43.3912,USD,yfinance
PAAS,2026-08-05T23:03:09Z,48.24,45.07,USD,yfinance
PAAS,2026-08-07T01:31:28Z,48.05,48.8,USD,yfinance
PAAS,2026-08-07T22:39:26Z,51.22,48.15,USD,yfinance
PAAS,2026-08-10T20:10:19Z,51.82,51.39,USD,yfinance
PAAS,2026-08-10T22:41:09Z,51.8,51.39,USD,yfinance
PAAS,2026-08-11T22:46:13Z,51.79,51.99,USD,yfinance
PAAS,2026-08-12T22:44:19Z,52.38,51.93,USD,yfinance
PAAS,2026-08-13T16:00:13Z,47.425,49.6,USD,yfinance
PAAS,2026-08-13T22:45:33Z,47.3,49.6,USD,yfinance
PAAS,2026-08-14T22:26:52Z,47.42,47.4603,USD,yfinance
PAAS,2026-08-17T22:28:18Z,48.11,47.62,USD,yfinance
PAAS,2026-08-18T22:26:57Z,46.6,48.22,USD,yfinance
PAAS,2026-08-19T22:28:19Z,50.3,46.5031,USD,yfinance
PAAS,2026-08-20T22:31:14Z,51.92,50.82,USD,yfinance
PAAS,2026-08-21T22:28:46Z,53.07,51.92,USD,yfinance
PAAS,2026-08-24T22:29:49Z,53.63,53.1,USD,yfinance
PAAS,2026-08-25T22:31:04Z,54.21,53.82,USD,yfinance
PAAS,2026-08-27T03:01:07Z,52.63,54.16,USD,yfinance
PAAS,2026-08-27T20:19:56Z,54.89,53.06,USD,yfinance
PAAS,2026-08-27T22:02:19Z,54.89,53.06,USD,yfinance
PAAS,2026-08-28T06:01:33Z,54.89,53.06,USD,yfinance
PAAS,2026-08-28T22:02:30Z,52.87,54.93,USD,yfinance
PAAS,2026-08-29T03:35:27Z,52.87,54.93,USD,yfinance
PAAS,2026-08-31T22:02:07Z,51.92,52.65,USD,yfinance
PAAS,2026-09-01T01:04:56Z,51.92,52.65,USD,yfinance
PAAS,2026-09-01T22:02:15Z,50.0,51.78,USD,yfinance
PAAS,2026-09-01T23:53:25Z,50.0,51.78,USD,yfinance
PAAS,2026-09-02T04:00:09Z,50.0,51.78,USD,yfinance
PAAS,2026-09-02T04:05:36Z,50.0,51.78,USD,yfinance
PAAS,2026-09-02T22:02:16Z,51.54,50.2191,USD,yfinance
PAAS,2026-09-02T23:55:56Z,51.54,50.2191,USD,yfinance
PAAS,2026-09-03T22:02:13Z,52.6,51.57,USD,yfinance
PAAS,2026-09-03T23:52:24Z,52.6,51.57,USD,yfinance
PAAS,2026-09-04T22:02:37Z,51.34,52.62,USD,yfinance
PANW,2026-08-10T20:10:45Z,385.04,364.4309,USD,yfinance
PANW,2026-08-10T22:41:45Z,385.04,364.4309,USD,yfinance
PANW,2026-08-11T22:46:46Z,383.8,384.44,USD,yfinance
PANW,2026-08-12T22:44:54Z,387.01,384.3,USD,yfinance
PANW,2026-08-13T16:00:43Z,391.295,387.2972,USD,yfinance
PANW,2026-08-13T22:46:00Z,396.0,387.2972,USD,yfinance
PANW,2026-08-14T22:27:19Z,384.27,396.0,USD,yfinance
PANW,2026-08-17T22:28:46Z,375.76,384.724,USD,yfinance
PANW,2026-08-18T22:27:25Z,374.14,375.2,USD,yfinance
PANW,2026-08-19T22:28:47Z,359.76,373.26,USD,yfinance
PANW,2026-08-20T22:31:44Z,349.56,360.9787,USD,yfinance
PANW,2026-08-21T22:29:17Z,357.87,349.2,USD,yfinance
PANW,2026-08-24T22:30:18Z,350.9,358.38,USD,yfinance
PANW,2026-08-25T22:31:32Z,339.9,350.9,USD,yfinance
PANW,2026-08-27T03:01:35Z,339.31,339.55,USD,yfinance
PANW,2026-08-27T20:20:26Z,382.85,355.0,USD,yfinance
PANW,2026-08-27T22:02:51Z,382.85,355.0,USD,yfinance
PANW,2026-08-28T06:02:05Z,382.85,355.0,USD,yfinance
PANW,2026-08-28T22:03:04Z,371.59,382.4999,USD,yfinance
PANW,2026-08-29T03:36:01Z,371.59,382.4999,USD,yfinance
PANW,2026-08-31T22:02:34Z,382.13,372.18,USD,yfinance
PANW,2026-09-01T01:05:21Z,382.13,372.18,USD,yfinance
PANW,2026-09-01T22:02:44Z,362.09,381.78,USD,yfinance
PANW,2026-09-01T23:53:53Z,362.09,381.78,USD,yfinance
PANW,2026-09-02T04:00:33Z,362.09,381.78,USD,yfinance
PANW,2026-09-02T04:06:02Z,362.09,381.78,USD,yfinance
PANW,2026-09-02T22:02:42Z,328.48,355.2001,USD,yfinance
PANW,2026-09-02T23:56:25Z,328.48,355.2001,USD,yfinance
PANW,2026-09-03T22:02:40Z,331.94,330.3203,USD,yfinance
PANW,2026-09-03T23:52:53Z,331.94,330.3203,USD,yfinance
PANW,2026-09-04T22:03:12Z,333.26,331.25,USD,yfinance
PAVE,2026-09-02T16:44:37Z,54.2,53.86,USD,yfinance
PAVE,2026-09-02T22:03:38Z,54.28,53.86,USD,yfinance
PAVE,2026-09-02T23:57:27Z,54.28,53.86,USD,yfinance
PAVE,2026-09-03T22:03:36Z,54.69,54.1,USD,yfinance
PAVE,2026-09-03T23:53:56Z,54.69,54.1,USD,yfinance
PAVE,2026-09-04T22:04:26Z,55.16,54.5023,USD,yfinance
PBJ,2026-09-02T16:44:49Z,48.7,48.11,USD,yfinance
PBJ,2026-09-02T22:03:50Z,48.48,48.11,USD,yfinance
PBJ,2026-09-02T23:57:40Z,48.48,48.11,USD,yfinance
PBJ,2026-09-03T22:03:48Z,48.12,48.48,USD,yfinance
PBJ,2026-09-03T23:54:08Z,48.12,48.48,USD,yfinance
PBJ,2026-09-04T22:04:41Z,47.87,48.12,USD,yfinance
PBS,2026-09-02T16:45:06Z,33.0626,,USD,yfinance
PEJ,2026-09-02T16:44:46Z,65.29,64.65,USD,yfinance
PEJ,2026-09-02T22:03:47Z,65.23,64.65,USD,yfinance
PEJ,2026-09-02T23:57:37Z,65.23,64.65,USD,yfinance
PEJ,2026-09-03T22:03:45Z,64.91,65.44,USD,yfinance
PEJ,2026-09-03T23:54:05Z,64.91,65.44,USD,yfinance
PEJ,2026-09-04T22:04:38Z,64.79,64.91,USD,yfinance
PENG,2026-06-18T18:50:18Z,66.865,60.7499,USD,yfinance
PENG,2026-06-18T23:48:10Z,67.15,60.7499,USD,yfinance
PENG,2026-06-19T23:01:29Z,67.15,60.7499,USD,yfinance
PENG,2026-06-22T23:23:12Z,67.94,67.9827,USD,yfinance
PENG,2026-06-23T23:10:56Z,66.96,70.2526,USD,yfinance
PENG,2026-06-24T23:07:04Z,64.72,68.4,USD,yfinance
PENG,2026-06-25T23:21:38Z,66.77,69.3,USD,yfinance
PENG,2026-06-26T23:09:54Z,62.28,66.0,USD,yfinance
PENG,2026-06-29T23:01:48Z,67.94,61.55,USD,yfinance
PENG,2026-06-30T23:16:47Z,76.01,68.7,USD,yfinance
PENG,2026-07-01T23:18:48Z,68.81,75.98,USD,yfinance
PENG,2026-07-02T23:11:10Z,61.47,68.48,USD,yfinance
PENG,2026-07-03T23:07:36Z,61.47,68.48,USD,yfinance
PENG,2026-07-06T23:11:27Z,67.71,61.747,USD,yfinance
PENG,2026-07-07T23:04:52Z,62.71,69.3513,USD,yfinance
PENG,2026-07-08T23:10:53Z,78.47,65.0,USD,yfinance
PENG,2026-07-09T23:14:23Z,81.39,79.36,USD,yfinance
PENG,2026-07-10T23:01:18Z,78.35,81.461,USD,yfinance
PENG,2026-07-11T20:53:25Z,78.35,81.461,USD,yfinance
PENG,2026-07-13T22:57:47Z,77.21,79.11,USD,yfinance
PENG,2026-07-14T22:59:10Z,77.8,71.92,USD,yfinance
PENG,2026-07-15T23:00:23Z,72.85,78.0,USD,yfinance
PENG,2026-07-16T22:59:49Z,65.97,72.12,USD,yfinance
PENG,2026-07-17T22:52:58Z,60.41,64.7,USD,yfinance
PENG,2026-07-20T23:03:22Z,53.23,60.1307,USD,yfinance
PENG,2026-07-21T23:00:31Z,58.1,53.11,USD,yfinance
PENG,2026-07-22T23:07:23Z,59.2,59.3873,USD,yfinance
PENG,2026-07-23T22:58:59Z,58.41,59.79,USD,yfinance
PENG,2026-07-24T23:03:45Z,53.85,59.0,USD,yfinance
PENG,2026-07-27T23:05:03Z,52.49,53.5,USD,yfinance
PENG,2026-07-28T23:02:29Z,48.13,52.19,USD,yfinance
PENG,2026-07-29T23:01:02Z,43.7,48.48,USD,yfinance
PENG,2026-07-30T23:10:33Z,51.43,44.3,USD,yfinance
PENG,2026-07-31T23:03:54Z,52.63,53.78,USD,yfinance
PENG,2026-08-03T23:03:53Z,52.6,51.75,USD,yfinance
PENG,2026-08-04T23:05:42Z,57.84,53.51,USD,yfinance
PENG,2026-08-05T23:02:30Z,55.72,57.94,USD,yfinance
PENG,2026-08-07T01:30:49Z,56.26,55.2,USD,yfinance
PENG,2026-08-07T22:38:48Z,58.43,57.35,USD,yfinance
PENG,2026-08-10T20:09:42Z,55.18,59.0,USD,yfinance
PENG,2026-08-10T22:40:19Z,55.18,59.0,USD,yfinance
PENG,2026-08-11T22:45:26Z,57.33,54.5,USD,yfinance
PENG,2026-08-12T22:43:32Z,58.73,57.84,USD,yfinance
PENG,2026-08-13T15:59:28Z,61.635,58.9595,USD,yfinance
PENG,2026-08-13T22:44:55Z,60.9,58.9595,USD,yfinance
PENG,2026-08-14T22:26:12Z,63.8,61.0,USD,yfinance
PENG,2026-08-17T22:27:36Z,63.08,63.8001,USD,yfinance
PENG,2026-08-18T22:26:16Z,58.36,62.9899,USD,yfinance
PENG,2026-08-19T22:27:38Z,52.95,57.5,USD,yfinance
PENG,2026-08-20T22:30:29Z,51.14,53.711,USD,yfinance
PENG,2026-08-21T22:27:55Z,52.62,51.0,USD,yfinance
PENG,2026-08-24T22:29:04Z,50.68,52.4,USD,yfinance
PENG,2026-08-25T22:30:20Z,50.38,50.92,USD,yfinance
PENG,2026-08-27T03:00:25Z,51.86,50.3,USD,yfinance
PENG,2026-08-27T20:19:08Z,52.45,54.15,USD,yfinance
PENG,2026-08-27T22:01:31Z,52.45,54.15,USD,yfinance
PENG,2026-08-28T06:00:48Z,52.45,54.15,USD,yfinance
PENG,2026-08-28T22:01:36Z,49.51,51.49,USD,yfinance
PENG,2026-08-29T03:34:37Z,49.51,51.49,USD,yfinance
PENG,2026-08-31T22:01:23Z,49.08,49.3,USD,yfinance
PENG,2026-09-01T01:04:16Z,49.08,49.3,USD,yfinance
PENG,2026-09-01T22:01:26Z,47.59,49.49,USD,yfinance
PENG,2026-09-01T23:52:39Z,47.59,49.49,USD,yfinance
PENG,2026-09-02T03:59:28Z,47.59,49.49,USD,yfinance
PENG,2026-09-02T04:04:52Z,47.59,49.49,USD,yfinance
PENG,2026-09-02T22:01:28Z,47.59,47.21,USD,yfinance
PENG,2026-09-02T23:55:03Z,47.59,47.21,USD,yfinance
PENG,2026-09-03T22:01:25Z,48.63,47.6,USD,yfinance
PENG,2026-09-03T23:51:30Z,48.63,47.6,USD,yfinance
PENG,2026-09-04T22:01:33Z,51.76,49.12,USD,yfinance
PJP,2026-09-02T16:44:55Z,129.07,128.02,USD,yfinance
PJP,2026-09-02T22:03:55Z,130.048,128.02,USD,yfinance
PJP,2026-09-02T23:57:45Z,130.048,128.02,USD,yfinance
PJP,2026-09-03T22:03:53Z,129.59,130.0477,USD,yfinance
PJP,2026-09-03T23:54:14Z,129.59,130.0477,USD,yfinance
PJP,2026-09-04T22:04:48Z,129.15,129.59,USD,yfinance
POWI,2026-06-18T18:50:20Z,86.325,85.0,USD,yfinance
POWI,2026-06-18T23:48:11Z,87.11,85.0,USD,yfinance
POWI,2026-06-19T23:01:30Z,87.11,85.0,USD,yfinance
POWI,2026-06-22T23:23:13Z,87.35,87.99,USD,yfinance
POWI,2026-06-23T23:10:58Z,80.57,88.68,USD,yfinance
POWI,2026-06-24T23:07:05Z,81.86,80.4001,USD,yfinance
POWI,2026-06-25T23:21:39Z,84.81,87.5,USD,yfinance
POWI,2026-06-26T23:09:55Z,79.37,83.93,USD,yfinance
POWI,2026-06-29T23:01:50Z,78.96,80.12,USD,yfinance
POWI,2026-06-30T23:16:48Z,83.76,80.0,USD,yfinance
POWI,2026-07-01T23:18:50Z,80.27,83.76,USD,yfinance
POWI,2026-07-02T23:11:11Z,72.99,80.0,USD,yfinance
POWI,2026-07-03T23:07:37Z,72.99,80.0,USD,yfinance
POWI,2026-07-06T23:11:28Z,73.06,70.84,USD,yfinance
POWI,2026-07-07T23:04:54Z,66.835,73.35,USD,yfinance
POWI,2026-07-08T23:10:55Z,66.46,66.83,USD,yfinance
POWI,2026-07-09T23:14:25Z,70.83,65.95,USD,yfinance
POWI,2026-07-10T23:01:20Z,72.07,70.83,USD,yfinance
POWI,2026-07-11T20:53:27Z,72.07,70.83,USD,yfinance
POWI,2026-07-13T22:57:48Z,69.44,72.63,USD,yfinance
POWI,2026-07-14T22:59:11Z,70.76,67.23,USD,yfinance
POWI,2026-07-15T23:00:13Z,71.02,70.76,USD,yfinance
POWI,2026-07-16T22:59:40Z,69.84,71.02,USD,yfinance
POWI,2026-07-17T22:52:51Z,70.45,68.77,USD,yfinance
POWI,2026-07-20T23:03:15Z,71.15,70.01,USD,yfinance
POWI,2026-07-21T23:00:23Z,74.39,71.15,USD,yfinance
POWI,2026-07-22T23:07:17Z,72.49,74.6051,USD,yfinance
POWI,2026-07-23T22:58:51Z,70.87,72.49,USD,yfinance
POWI,2026-07-24T23:03:39Z,63.46,70.87,USD,yfinance
POWI,2026-07-27T23:04:57Z,63.41,64.0,USD,yfinance
POWI,2026-07-28T23:02:23Z,59.2,63.41,USD,yfinance
POWI,2026-07-29T23:00:55Z,56.57,59.4,USD,yfinance
POWI,2026-07-30T23:10:26Z,60.87,55.7598,USD,yfinance
POWI,2026-07-31T23:03:47Z,60.71,60.87,USD,yfinance
POWI,2026-08-03T23:03:46Z,60.4,60.6,USD,yfinance
POWI,2026-08-04T23:05:36Z,64.57,60.4,USD,yfinance
POWI,2026-08-05T23:02:24Z,61.95,64.5,USD,yfinance
POWI,2026-08-07T01:30:43Z,58.98,61.51,USD,yfinance
POWI,2026-08-07T22:38:42Z,64.59,58.98,USD,yfinance
POWI,2026-08-10T20:09:36Z,61.97,64.59,USD,yfinance
POWI,2026-08-10T22:40:11Z,61.97,64.59,USD,yfinance
POWI,2026-08-11T22:45:19Z,63.27,63.05,USD,yfinance
POWI,2026-08-12T22:43:24Z,63.84,63.2,USD,yfinance
POWI,2026-08-13T15:59:21Z,62.98,63.84,USD,yfinance
POWI,2026-08-13T22:44:46Z,62.31,63.84,USD,yfinance
POWI,2026-08-14T22:26:03Z,62.75,62.3,USD,yfinance
POWI,2026-08-17T22:27:26Z,62.1,62.75,USD,yfinance
POWI,2026-08-18T22:26:06Z,58.59,62.1,USD,yfinance
POWI,2026-08-19T22:27:29Z,55.79,58.59,USD,yfinance
POWI,2026-08-20T22:30:19Z,54.84,55.95,USD,yfinance
POWI,2026-08-21T22:27:44Z,55.18,55.6002,USD,yfinance
POWI,2026-08-24T22:28:55Z,53.18,54.1042,USD,yfinance
POWI,2026-08-25T22:30:11Z,54.63,52.58,USD,yfinance
POWI,2026-08-27T03:00:15Z,54.9,54.63,USD,yfinance
POWI,2026-08-27T20:18:58Z,55.31,56.85,USD,yfinance
POWI,2026-08-27T22:01:20Z,55.31,56.85,USD,yfinance
POWI,2026-08-28T06:00:38Z,55.31,56.85,USD,yfinance
POWI,2026-08-28T22:01:24Z,51.51,55.2022,USD,yfinance
POWI,2026-08-29T03:34:25Z,51.51,55.2022,USD,yfinance
POWI,2026-08-31T22:01:13Z,51.38,51.52,USD,yfinance
POWI,2026-09-01T01:04:07Z,51.38,51.52,USD,yfinance
POWI,2026-09-01T22:01:17Z,49.78,51.38,USD,yfinance
POWI,2026-09-01T23:52:30Z,49.78,51.38,USD,yfinance
POWI,2026-09-02T03:59:20Z,49.78,51.38,USD,yfinance
POWI,2026-09-02T04:04:43Z,49.78,51.38,USD,yfinance
POWI,2026-09-02T22:01:16Z,50.3,49.78,USD,yfinance
POWI,2026-09-02T23:54:49Z,50.3,49.78,USD,yfinance
POWI,2026-09-03T22:01:12Z,50.54,50.3,USD,yfinance
POWI,2026-09-03T23:51:15Z,50.54,50.3,USD,yfinance
POWI,2026-09-04T22:01:17Z,50.45,50.54,USD,yfinance
PPA,2026-09-02T16:44:36Z,163.52,165.06,USD,yfinance
PPA,2026-09-02T22:03:37Z,163.57,165.06,USD,yfinance
PPA,2026-09-02T23:57:26Z,163.57,165.06,USD,yfinance
PPA,2026-09-03T22:03:35Z,165.57,163.67,USD,yfinance
PPA,2026-09-03T23:53:54Z,165.57,163.67,USD,yfinance
PPA,2026-09-04T22:04:24Z,165.18,165.18,USD,yfinance
PYPL,2026-08-19T19:55:59Z,61.175,60.4,USD,yfinance
PYPL,2026-08-19T22:28:53Z,61.25,60.4,USD,yfinance
PYPL,2026-08-20T22:31:50Z,62.3,61.15,USD,yfinance
PYPL,2026-08-21T22:29:24Z,61.55,62.25,USD,yfinance
PYPL,2026-08-24T22:30:23Z,61.68,61.56,USD,yfinance
PYPL,2026-08-25T22:31:38Z,62.27,61.5601,USD,yfinance
PYPL,2026-08-27T03:01:40Z,61.81,62.2099,USD,yfinance
PYPL,2026-08-27T20:20:44Z,61.47,61.58,USD,yfinance
PYPL,2026-08-27T22:03:10Z,61.47,61.58,USD,yfinance
PYPL,2026-08-28T06:02:23Z,61.47,61.58,USD,yfinance
PYPL,2026-08-28T22:03:28Z,53.66,61.47,USD,yfinance
PYPL,2026-08-29T03:36:20Z,53.66,61.47,USD,yfinance
PYPL,2026-08-31T22:02:51Z,52.665,53.7392,USD,yfinance
PYPL,2026-09-01T01:05:36Z,52.665,53.7392,USD,yfinance
PYPL,2026-09-01T22:03:02Z,52.4,52.7,USD,yfinance
PYPL,2026-09-01T23:54:10Z,52.4,52.7,USD,yfinance
PYPL,2026-09-02T04:00:49Z,52.4,52.7,USD,yfinance
PYPL,2026-09-02T04:06:18Z,52.4,52.7,USD,yfinance
PYPL,2026-09-02T22:02:58Z,54.67,52.44,USD,yfinance
PYPL,2026-09-02T23:56:43Z,54.67,52.44,USD,yfinance
PYPL,2026-09-03T22:02:56Z,56.82,54.72,USD,yfinance
PYPL,2026-09-03T23:53:11Z,56.82,54.72,USD,yfinance
PYPL,2026-09-04T22:03:33Z,54.96,56.6605,USD,yfinance
QBTS,2026-09-02T13:38:22Z,16.335,16.5,USD,yfinance
QBTS,2026-09-02T22:04:39Z,16.49,16.5,USD,yfinance
QBTS,2026-09-02T23:58:33Z,16.49,16.5,USD,yfinance
QBTS,2026-09-03T22:04:36Z,16.82,16.5482,USD,yfinance
QBTS,2026-09-03T23:55:02Z,16.82,16.5482,USD,yfinance
QBTS,2026-09-04T22:05:46Z,16.58,16.8482,USD,yfinance
QLYS,2026-08-27T20:16:14Z,188.59,183.6,USD,yfinance
QLYS,2026-08-27T20:20:38Z,188.59,183.6,USD,yfinance
QLYS,2026-08-27T22:03:04Z,188.59,183.6,USD,yfinance
QLYS,2026-08-28T06:02:17Z,188.59,183.6,USD,yfinance
QLYS,2026-08-28T22:03:21Z,187.05,190.0,USD,yfinance
QLYS,2026-08-29T03:36:14Z,187.05,190.0,USD,yfinance
QLYS,2026-08-31T22:02:46Z,186.14,187.05,USD,yfinance
QLYS,2026-09-01T01:05:32Z,186.14,187.05,USD,yfinance
QLYS,2026-09-01T22:02:56Z,177.01,188.0,USD,yfinance
QLYS,2026-09-01T23:54:05Z,177.01,188.0,USD,yfinance
QLYS,2026-09-02T04:00:44Z,177.01,188.0,USD,yfinance
QLYS,2026-09-02T04:06:13Z,177.01,188.0,USD,yfinance
QLYS,2026-09-02T22:02:53Z,170.83,177.01,USD,yfinance
QLYS,2026-09-02T23:56:37Z,170.83,177.01,USD,yfinance
QLYS,2026-09-03T22:02:51Z,174.35,170.83,USD,yfinance
QLYS,2026-09-03T23:53:05Z,174.35,170.83,USD,yfinance
QLYS,2026-09-04T22:03:26Z,171.65,173.5,USD,yfinance
QQQ,2026-06-18T17:48:02Z,740.395,729.96,USD,yfinance
QQQ,2026-06-18T18:02:31Z,740.06,729.96,USD,yfinance
QQQ,2026-06-18T18:50:29Z,739.69,729.96,USD,yfinance
QQQ,2026-06-18T23:48:20Z,740.62,729.96,USD,yfinance
QQQ,2026-06-19T23:01:39Z,740.62,729.96,USD,yfinance
QQQ,2026-06-22T23:23:22Z,737.95,739.78,USD,yfinance
QQQ,2026-06-23T23:11:09Z,713.65,736.17,USD,yfinance
QQQ,2026-06-24T23:07:14Z,710.62,716.04,USD,yfinance
QQQ,2026-06-25T23:21:48Z,716.38,724.54,USD,yfinance
QQQ,2026-06-26T23:10:06Z,706.52,715.1,USD,yfinance
QQQ,2026-06-29T23:02:01Z,724.08,706.14,USD,yfinance
QQQ,2026-06-30T23:16:59Z,736.4,724.02,USD,yfinance
QQQ,2026-07-01T23:18:59Z,725.17,736.29,USD,yfinance
QQQ,2026-07-02T23:11:20Z,712.6,724.36,USD,yfinance
QQQ,2026-07-03T23:07:46Z,712.6,724.36,USD,yfinance
QQQ,2026-07-06T23:11:38Z,722.82,714.185,USD,yfinance
QQQ,2026-07-07T23:05:04Z,709.43,720.275,USD,yfinance
QQQ,2026-07-08T23:11:04Z,711.44,707.0836,USD,yfinance
QQQ,2026-07-09T23:14:36Z,723.28,712.32,USD,yfinance
QQQ,2026-07-10T23:01:30Z,725.51,722.9205,USD,yfinance
QQQ,2026-07-11T20:53:36Z,725.51,722.9205,USD,yfinance
QQQ,2026-07-13T22:57:57Z,711.74,726.41,USD,yfinance
QQQ,2026-07-14T22:59:21Z,719.69,710.5811,USD,yfinance
QQQ,2026-07-15T23:01:57Z,717.74,722.061,USD,yfinance
QQQ,2026-07-16T23:01:17Z,705.94,717.408,USD,yfinance
QQQ,2026-07-17T22:54:21Z,695.33,702.94,USD,yfinance
QQQ,2026-07-20T23:04:29Z,696.06,693.76,USD,yfinance
QQQ,2026-07-21T23:01:56Z,708.97,695.86,USD,yfinance
QQQ,2026-07-22T23:08:30Z,705.35,708.62,USD,yfinance
QQQ,2026-07-23T23:00:23Z,691.96,704.78,USD,yfinance
QQQ,2026-07-24T23:04:51Z,684.23,693.54,USD,yfinance
QQQ,2026-07-27T23:06:08Z,682.12,683.964,USD,yfinance
QQQ,2026-07-28T23:03:33Z,675.49,681.33,USD,yfinance
QQQ,2026-07-29T23:02:10Z,661.73,679.8,USD,yfinance
QQQ,2026-07-30T23:11:48Z,683.55,666.07,USD,yfinance
QQQ,2026-07-31T23:05:08Z,687.99,688.25,USD,yfinance
QQQ,2026-08-03T23:05:01Z,700.07,684.47,USD,yfinance
QQQ,2026-08-04T23:06:51Z,723.85,701.8,USD,yfinance
QQQ,2026-08-05T23:03:37Z,717.3,722.77,USD,yfinance
QQQ,2026-08-07T01:31:57Z,714.65,716.5719,USD,yfinance
QQQ,2026-08-07T22:39:54Z,723.03,717.02,USD,yfinance
QQQ,2026-08-10T20:10:53Z,720.87,723.26,USD,yfinance
QQQ,2026-08-10T22:41:58Z,720.87,723.26,USD,yfinance
QQQ,2026-08-11T22:46:57Z,718.45,719.9628,USD,yfinance
QQQ,2026-08-12T22:45:05Z,723.7,718.94,USD,yfinance
QQQ,2026-08-13T16:00:53Z,730.15,722.58,USD,yfinance
QQQ,2026-08-13T22:46:09Z,732.07,722.58,USD,yfinance
QQQ,2026-08-14T22:27:30Z,731.07,732.2267,USD,yfinance
QQQ,2026-08-17T22:28:56Z,729.87,730.85,USD,yfinance
QQQ,2026-08-18T22:27:34Z,717.51,729.98,USD,yfinance
QQQ,2026-08-19T22:28:59Z,716.08,716.18,USD,yfinance
QQQ,2026-08-20T22:31:58Z,710.93,718.6924,USD,yfinance
QQQ,2026-08-21T22:29:34Z,713.44,710.7977,USD,yfinance
QQQ,2026-08-24T22:30:32Z,706.32,714.35,USD,yfinance
QQQ,2026-08-25T22:31:47Z,710.72,706.2588,USD,yfinance
QQQ,2026-08-27T03:01:49Z,711.37,709.4,USD,yfinance
QQQ,2026-08-27T20:20:54Z,721.11,719.7676,USD,yfinance
QQQ,2026-08-27T22:03:19Z,721.11,719.7676,USD,yfinance
QQQ,2026-08-28T06:02:32Z,721.11,719.7676,USD,yfinance
QQQ,2026-08-28T22:03:39Z,716.43,718.7423,USD,yfinance
QQQ,2026-08-29T03:36:30Z,716.43,718.7423,USD,yfinance
QQQ,2026-08-31T22:03:00Z,716.76,716.2488,USD,yfinance
QQQ,2026-09-01T01:05:45Z,716.76,716.2488,USD,yfinance
QQQ,2026-09-01T22:03:17Z,707.64,716.7,USD,yfinance
QQQ,2026-09-01T23:54:25Z,707.64,716.7,USD,yfinance
QQQ,2026-09-02T04:01:02Z,707.64,716.7,USD,yfinance
QQQ,2026-09-02T04:06:32Z,707.64,716.7,USD,yfinance
QQQ,2026-09-02T22:04:46Z,709.24,707.8299,USD,yfinance
QQQ,2026-09-02T23:58:42Z,709.24,707.8299,USD,yfinance
QQQ,2026-09-03T22:04:45Z,717.67,709.55,USD,yfinance
QQQ,2026-09-03T23:55:10Z,717.67,709.55,USD,yfinance
QQQ,2026-09-04T22:05:55Z,718.96,717.0492,USD,yfinance
QTUM,2026-06-18T18:51:44Z,167.6,164.7697,USD,yfinance
QTUM,2026-06-18T23:49:29Z,167.965,164.7697,USD,yfinance
QTUM,2026-06-19T23:02:47Z,167.97,164.7697,USD,yfinance
QTUM,2026-06-22T23:24:29Z,168.6,168.2,USD,yfinance
QTUM,2026-06-23T23:12:34Z,163.34,169.7499,USD,yfinance
QTUM,2026-06-24T23:08:24Z,159.89,163.93,USD,yfinance
QTUM,2026-06-25T23:22:59Z,160.24,163.2,USD,yfinance
QTUM,2026-06-26T23:11:34Z,155.97,159.97,USD,yfinance
QTUM,2026-06-29T23:03:28Z,160.81,156.0,USD,yfinance
QTUM,2026-06-30T23:18:24Z,165.38,161.2,USD,yfinance
QTUM,2026-07-01T23:20:09Z,160.36,165.95,USD,yfinance
QTUM,2026-07-02T23:12:30Z,155.01,165.65,USD,yfinance
QTUM,2026-07-03T23:08:55Z,155.01,165.65,USD,yfinance
QTUM,2026-07-06T23:12:51Z,156.94,155.74,USD,yfinance
QTUM,2026-07-07T23:06:18Z,151.44,157.48,USD,yfinance
QTUM,2026-07-08T23:12:14Z,152.47,150.6,USD,yfinance
QTUM,2026-07-09T23:15:54Z,155.57,152.04,USD,yfinance
QTUM,2026-07-10T23:02:46Z,154.46,155.8,USD,yfinance
QTUM,2026-07-11T20:54:50Z,154.46,155.8,USD,yfinance
QTUM,2026-07-13T22:59:05Z,149.02,157.51,USD,yfinance
QTUM,2026-07-14T23:00:38Z,149.845,149.81,USD,yfinance
QTUM,2026-07-15T23:02:10Z,147.92,150.68,USD,yfinance
QTUM,2026-07-16T23:01:29Z,142.89,147.89,USD,yfinance
QTUM,2026-07-17T22:54:31Z,141.69,142.06,USD,yfinance
QTUM,2026-07-20T23:04:38Z,141.18,143.88,USD,yfinance
QTUM,2026-07-21T23:02:07Z,145.2,141.12,USD,yfinance
QTUM,2026-07-22T23:08:39Z,144.83,145.84,USD,yfinance
QTUM,2026-07-23T23:00:34Z,143.47,145.2219,USD,yfinance
QTUM,2026-07-24T23:05:00Z,139.56,143.3,USD,yfinance
QTUM,2026-07-27T23:06:16Z,140.8,139.35,USD,yfinance
QTUM,2026-07-28T23:03:42Z,136.84,142.0,USD,yfinance
QTUM,2026-07-29T23:02:19Z,132.24,136.0,USD,yfinance
QTUM,2026-07-30T23:11:58Z,140.31,133.7303,USD,yfinance
QTUM,2026-07-31T23:05:18Z,141.25,140.95,USD,yfinance
QTUM,2026-08-03T23:05:10Z,145.99,141.26,USD,yfinance
QTUM,2026-08-04T23:07:00Z,152.94,146.7082,USD,yfinance
QTUM,2026-08-05T23:03:46Z,149.99,153.48,USD,yfinance
QTUM,2026-08-07T01:32:06Z,149.24,150.806,USD,yfinance
QTUM,2026-08-07T22:40:03Z,153.46,148.675,USD,yfinance
QTUM,2026-08-10T20:11:02Z,151.69,153.11,USD,yfinance
QTUM,2026-08-10T22:42:11Z,151.69,153.11,USD,yfinance
QTUM,2026-08-11T22:47:08Z,153.0,152.0,USD,yfinance
QTUM,2026-08-12T22:45:17Z,156.85,153.94,USD,yfinance
QTUM,2026-08-13T16:01:03Z,158.075,157.5,USD,yfinance
QTUM,2026-08-13T22:46:18Z,158.24,157.5,USD,yfinance
QTUM,2026-08-14T22:27:48Z,158.68,158.239,USD,yfinance
QTUM,2026-08-17T22:29:12Z,158.22,159.4,USD,yfinance
QTUM,2026-08-18T22:27:51Z,152.16,158.59,USD,yfinance
QTUM,2026-08-19T22:29:17Z,150.2,155.03,USD,yfinance
QTUM,2026-08-20T22:32:17Z,149.195,151.6298,USD,yfinance
QTUM,2026-08-21T22:29:54Z,150.47,149.0,USD,yfinance
QTUM,2026-08-24T22:30:51Z,146.94,151.7,USD,yfinance
QTUM,2026-08-25T22:32:04Z,148.79,146.6,USD,yfinance
QTUM,2026-08-27T03:02:06Z,148.78,151.7,USD,yfinance
QTUM,2026-08-27T20:21:12Z,150.96,149.21,USD,yfinance
QTUM,2026-08-27T22:03:41Z,150.96,149.21,USD,yfinance
QTUM,2026-08-28T06:02:50Z,150.96,149.21,USD,yfinance
QTUM,2026-08-28T22:04:01Z,148.23,151.555,USD,yfinance
QTUM,2026-08-29T03:36:51Z,148.23,151.555,USD,yfinance
QTUM,2026-08-31T22:03:17Z,147.935,148.8,USD,yfinance
QTUM,2026-09-01T01:06:01Z,147.935,148.8,USD,yfinance
QTUM,2026-09-01T22:03:35Z,144.56,148.2513,USD,yfinance
QTUM,2026-09-01T23:54:43Z,144.56,148.2513,USD,yfinance
QTUM,2026-09-02T04:01:17Z,144.56,148.2513,USD,yfinance
QTUM,2026-09-02T04:06:49Z,144.56,148.2513,USD,yfinance
QTUM,2026-09-02T22:05:02Z,144.72,144.0,USD,yfinance
QTUM,2026-09-02T23:59:00Z,144.72,144.0,USD,yfinance
QTUM,2026-09-03T22:05:02Z,146.12,145.7062,USD,yfinance
QTUM,2026-09-03T23:55:27Z,146.12,145.7062,USD,yfinance
QTUM,2026-09-04T22:06:17Z,147.89,146.29,USD,yfinance
QUBT,2026-09-02T13:38:24Z,7.845,7.9,USD,yfinance
QUBT,2026-09-02T22:04:40Z,7.84,7.9,USD,yfinance
QUBT,2026-09-02T23:58:34Z,7.84,7.9,USD,yfinance
QUBT,2026-09-03T22:04:38Z,7.96,7.8596,USD,yfinance
QUBT,2026-09-03T23:55:03Z,7.96,7.8596,USD,yfinance
QUBT,2026-09-04T22:05:47Z,8.01,7.97,USD,yfinance
RDDT,2026-06-18T18:51:00Z,170.655,169.532,USD,yfinance
RDDT,2026-06-18T23:48:49Z,174.96,169.532,USD,yfinance
RDDT,2026-06-19T23:02:07Z,174.96,169.532,USD,yfinance
RDDT,2026-06-22T23:23:50Z,170.44,173.84,USD,yfinance
RDDT,2026-06-23T23:11:44Z,165.63,170.94,USD,yfinance
RDDT,2026-06-24T23:07:43Z,160.72,166.3,USD,yfinance
RDDT,2026-06-25T23:22:18Z,158.02,162.3259,USD,yfinance
RDDT,2026-06-26T23:10:43Z,166.94,158.05,USD,yfinance
RDDT,2026-06-29T23:02:37Z,174.39,166.07,USD,yfinance
RDDT,2026-06-30T23:17:35Z,173.58,174.25,USD,yfinance
RDDT,2026-07-01T23:19:28Z,197.76,173.1,USD,yfinance
RDDT,2026-07-02T23:11:50Z,194.67,196.2718,USD,yfinance
RDDT,2026-07-03T23:08:15Z,194.67,196.2718,USD,yfinance
RDDT,2026-07-06T23:12:09Z,200.86,194.0,USD,yfinance
RDDT,2026-07-07T23:05:35Z,199.44,200.0,USD,yfinance
RDDT,2026-07-08T23:11:33Z,195.31,196.69,USD,yfinance
RDDT,2026-07-09T23:15:09Z,200.31,194.81,USD,yfinance
RDDT,2026-07-10T23:02:02Z,195.34,200.0,USD,yfinance
RDDT,2026-07-11T20:54:07Z,195.34,200.0,USD,yfinance
RDDT,2026-07-13T22:58:25Z,200.93,195.61,USD,yfinance
RDDT,2026-07-14T22:59:54Z,203.27,198.99,USD,yfinance
RDDT,2026-07-15T23:01:52Z,198.03,203.65,USD,yfinance
RDDT,2026-07-16T23:01:12Z,185.26,197.6464,USD,yfinance
RDDT,2026-07-17T22:54:16Z,181.18,184.5,USD,yfinance
RDDT,2026-07-20T23:04:25Z,181.64,180.4,USD,yfinance
RDDT,2026-07-21T23:01:51Z,185.84,181.8999,USD,yfinance
RDDT,2026-07-22T23:08:26Z,170.38,185.5,USD,yfinance
RDDT,2026-07-23T23:00:18Z,168.78,170.8,USD,yfinance
RDDT,2026-07-24T23:04:48Z,168.73,169.21,USD,yfinance
RDDT,2026-07-27T23:06:04Z,179.23,168.9039,USD,yfinance
RDDT,2026-07-28T23:03:29Z,178.44,179.88,USD,yfinance
RDDT,2026-07-29T23:02:06Z,177.99,179.0985,USD,yfinance
RDDT,2026-07-30T23:11:44Z,178.04,180.9,USD,yfinance
RDDT,2026-07-31T23:05:04Z,140.67,159.4999,USD,yfinance
RDDT,2026-08-03T23:04:57Z,154.71,140.0,USD,yfinance
RDDT,2026-08-04T23:06:47Z,159.97,155.1269,USD,yfinance
RDDT,2026-08-05T23:03:33Z,155.26,158.54,USD,yfinance
RDDT,2026-08-07T01:31:53Z,150.87,153.52,USD,yfinance
RDDT,2026-08-07T22:39:50Z,161.7,151.37,USD,yfinance
RDDT,2026-08-10T20:10:49Z,158.68,161.68,USD,yfinance
RDDT,2026-08-10T22:41:53Z,158.72,161.68,USD,yfinance
RDDT,2026-08-11T22:46:52Z,156.19,158.01,USD,yfinance
RDDT,2026-08-12T22:45:01Z,153.45,156.4596,USD,yfinance
RDDT,2026-08-13T16:00:49Z,154.615,153.48,USD,yfinance
RDDT,2026-08-13T22:46:05Z,158.12,153.48,USD,yfinance
RDDT,2026-08-14T22:27:26Z,178.09,177.9736,USD,yfinance
RDDT,2026-08-17T22:28:52Z,164.5,178.26,USD,yfinance
RDDT,2026-08-18T22:27:30Z,158.25,165.28,USD,yfinance
RDDT,2026-08-19T22:28:55Z,151.71,157.7516,USD,yfinance
RDDT,2026-08-20T22:31:53Z,150.31,152.6,USD,yfinance
RDDT,2026-08-21T22:29:26Z,153.29,150.6,USD,yfinance
RDDT,2026-08-24T22:30:26Z,152.7,153.29,USD,yfinance
RDDT,2026-08-25T22:31:41Z,162.45,151.5,USD,yfinance
RDDT,2026-08-27T03:01:42Z,155.36,161.16,USD,yfinance
RDDT,2026-08-27T20:20:47Z,153.95,156.49,USD,yfinance
RDDT,2026-08-27T22:03:12Z,153.95,156.49,USD,yfinance
RDDT,2026-08-28T06:02:25Z,153.95,156.49,USD,yfinance
RDDT,2026-08-28T22:03:31Z,153.0,154.34,USD,yfinance
RDDT,2026-08-29T03:36:23Z,153.0,154.34,USD,yfinance
RDDT,2026-08-31T22:02:53Z,147.81,153.35,USD,yfinance
RDDT,2026-09-01T01:05:39Z,147.81,153.35,USD,yfinance
RDDT,2026-09-01T22:03:04Z,144.64,148.1955,USD,yfinance
RDDT,2026-09-01T23:54:13Z,144.64,148.1955,USD,yfinance
RDDT,2026-09-02T04:00:51Z,144.64,148.1955,USD,yfinance
RDDT,2026-09-02T04:06:21Z,144.64,148.1955,USD,yfinance
RDDT,2026-09-02T22:03:00Z,158.1,144.8804,USD,yfinance
RDDT,2026-09-02T23:56:46Z,158.1,144.8804,USD,yfinance
RDDT,2026-09-03T22:02:58Z,155.99,157.0,USD,yfinance
RDDT,2026-09-03T23:53:14Z,155.99,157.0,USD,yfinance
RDDT,2026-09-04T22:03:36Z,154.46,155.8,USD,yfinance
REMX,2026-09-02T16:44:32Z,75.39,76.21,USD,yfinance
REMX,2026-09-02T22:03:33Z,76.29,76.21,USD,yfinance
REMX,2026-09-02T23:57:22Z,76.29,76.21,USD,yfinance
REMX,2026-09-03T22:03:31Z,76.03,76.33,USD,yfinance
REMX,2026-09-03T23:53:50Z,76.03,76.33,USD,yfinance
REMX,2026-09-04T22:04:19Z,75.66,76.7,USD,yfinance
RGLD,2026-06-18T18:51:36Z,214.326,220.37,USD,yfinance
RGLD,2026-06-18T23:49:21Z,214.82,220.37,USD,yfinance
RGLD,2026-06-19T23:02:40Z,214.82,220.37,USD,yfinance
RGLD,2026-06-22T23:24:21Z,214.65,214.82,USD,yfinance
RGLD,2026-06-23T23:12:25Z,206.61,215.29,USD,yfinance
RGLD,2026-06-24T23:08:17Z,202.24,206.61,USD,yfinance
RGLD,2026-06-25T23:22:51Z,204.62,202.6963,USD,yfinance
RGLD,2026-06-26T23:11:24Z,207.95,204.3,USD,yfinance
RGLD,2026-06-29T23:03:19Z,202.12,209.915,USD,yfinance
RGLD,2026-06-30T23:18:14Z,199.61,203.7,USD,yfinance
RGLD,2026-07-01T23:20:01Z,198.79,200.2634,USD,yfinance
RGLD,2026-07-02T23:12:22Z,204.13,199.14,USD,yfinance
RGLD,2026-07-03T23:08:47Z,204.13,199.14,USD,yfinance
RGLD,2026-07-06T23:12:43Z,201.91,204.9,USD,yfinance
RGLD,2026-07-07T23:06:10Z,196.61,204.01,USD,yfinance
RGLD,2026-07-08T23:12:06Z,191.93,195.092,USD,yfinance
RGLD,2026-07-09T23:15:45Z,198.78,193.0,USD,yfinance
RGLD,2026-07-10T23:02:38Z,196.83,198.75,USD,yfinance
RGLD,2026-07-11T20:54:42Z,196.83,198.75,USD,yfinance
RGLD,2026-07-13T22:58:58Z,193.47,197.57,USD,yfinance
RGLD,2026-07-14T23:00:29Z,193.51,194.0,USD,yfinance
RGLD,2026-07-15T23:01:31Z,193.02,193.5001,USD,yfinance
RGLD,2026-07-16T23:00:52Z,191.175,193.4,USD,yfinance
RGLD,2026-07-17T22:53:57Z,189.17,191.85,USD,yfinance
RGLD,2026-07-20T23:04:10Z,187.36,191.81,USD,yfinance
RGLD,2026-07-21T23:01:31Z,194.01,186.75,USD,yfinance
RGLD,2026-07-22T23:08:11Z,201.26,194.75,USD,yfinance
RGLD,2026-07-23T22:59:59Z,199.64,202.0,USD,yfinance
RGLD,2026-07-24T23:04:32Z,200.96,199.81,USD,yfinance
RGLD,2026-07-27T23:05:49Z,201.02,199.1,USD,yfinance
RGLD,2026-07-28T23:03:14Z,196.16,199.91,USD,yfinance
RGLD,2026-07-29T23:01:50Z,195.48,197.275,USD,yfinance
RGLD,2026-07-30T23:11:26Z,203.04,199.97,USD,yfinance
RGLD,2026-07-31T23:04:47Z,198.35,203.5,USD,yfinance
RGLD,2026-08-03T23:04:41Z,202.04,198.37,USD,yfinance
RGLD,2026-08-04T23:06:31Z,206.03,202.3534,USD,yfinance
RGLD,2026-08-05T23:03:18Z,215.09,205.0,USD,yfinance
RGLD,2026-08-07T01:31:37Z,218.11,215.8,USD,yfinance
RGLD,2026-08-07T22:39:35Z,229.92,220.0,USD,yfinance
RGLD,2026-08-10T20:10:28Z,234.13,230.1,USD,yfinance
RGLD,2026-08-10T22:41:21Z,234.13,230.1,USD,yfinance
RGLD,2026-08-11T22:46:24Z,233.51,233.96,USD,yfinance
RGLD,2026-08-12T22:44:32Z,232.87,233.0,USD,yfinance
RGLD,2026-08-13T16:00:24Z,228.1601,233.37,USD,yfinance
RGLD,2026-08-13T22:45:42Z,225.98,233.37,USD,yfinance
RGLD,2026-08-14T22:27:01Z,230.68,226.0,USD,yfinance
RGLD,2026-08-17T22:28:27Z,236.62,231.34,USD,yfinance
RGLD,2026-08-18T22:27:06Z,230.43,237.09,USD,yfinance
RGLD,2026-08-19T22:28:29Z,248.14,230.26,USD,yfinance
RGLD,2026-08-20T22:31:24Z,252.36,249.89,USD,yfinance
RGLD,2026-08-21T22:28:56Z,259.01,253.0,USD,yfinance
RGLD,2026-08-24T22:29:58Z,263.75,258.5928,USD,yfinance
RGLD,2026-08-25T22:31:14Z,267.76,264.7858,USD,yfinance
RGLD,2026-08-27T03:01:17Z,266.14,268.0,USD,yfinance
RGLD,2026-08-27T20:20:06Z,268.96,267.23,USD,yfinance
RGLD,2026-08-27T22:02:31Z,268.96,267.23,USD,yfinance
RGLD,2026-08-28T06:01:45Z,268.96,267.23,USD,yfinance
RGLD,2026-08-28T22:02:41Z,262.85,269.8716,USD,yfinance
RGLD,2026-08-29T03:35:38Z,262.85,269.8716,USD,yfinance
RGLD,2026-08-31T22:02:16Z,261.47,263.0513,USD,yfinance
RGLD,2026-09-01T01:05:04Z,261.47,263.0513,USD,yfinance
RGLD,2026-09-01T22:02:25Z,254.09,262.2,USD,yfinance
RGLD,2026-09-01T23:53:34Z,254.09,262.2,USD,yfinance
RGLD,2026-09-02T04:00:17Z,254.09,262.2,USD,yfinance
RGLD,2026-09-02T04:05:45Z,254.09,262.2,USD,yfinance
RGLD,2026-09-02T22:02:24Z,258.38,258.7948,USD,yfinance
RGLD,2026-09-02T23:56:06Z,258.38,258.7948,USD,yfinance
RGLD,2026-09-03T22:02:22Z,264.85,258.0,USD,yfinance
RGLD,2026-09-03T23:52:34Z,264.85,258.0,USD,yfinance
RGLD,2026-09-04T22:02:49Z,262.11,265.7967,USD,yfinance
RGTI,2026-09-02T13:38:21Z,14.66,15.02,USD,yfinance
RGTI,2026-09-02T22:04:37Z,14.87,15.02,USD,yfinance
RGTI,2026-09-02T23:58:32Z,14.87,15.02,USD,yfinance
RGTI,2026-09-03T22:04:35Z,15.18,14.8897,USD,yfinance
RGTI,2026-09-03T23:55:00Z,15.18,14.8897,USD,yfinance
RGTI,2026-09-04T22:05:44Z,15.2,15.222,USD,yfinance
RING,2026-06-18T18:50:33Z,71.23,78.0,USD,yfinance
RING,2026-06-18T23:48:24Z,71.35,78.0,USD,yfinance
RING,2026-06-19T23:01:43Z,71.35,78.0,USD,yfinance
RING,2026-06-22T23:23:26Z,70.03,71.35,USD,yfinance
RING,2026-06-23T23:11:14Z,66.85,71.25,USD,yfinance
RING,2026-06-24T23:07:18Z,64.06,67.71,USD,yfinance
RING,2026-06-25T23:21:52Z,65.01,64.84,USD,yfinance
RING,2026-06-26T23:10:11Z,65.96,65.61,USD,yfinance
RING,2026-06-29T23:02:06Z,64.81,65.0,USD,yfinance
RING,2026-06-30T23:17:04Z,64.6,67.73,USD,yfinance
RING,2026-07-01T23:19:03Z,64.61,63.4228,USD,yfinance
RING,2026-07-02T23:11:24Z,67.19,65.06,USD,yfinance
RING,2026-07-03T23:07:50Z,67.19,65.06,USD,yfinance
RING,2026-07-06T23:11:42Z,67.74,68.0063,USD,yfinance
RING,2026-07-07T23:05:08Z,65.38,68.43,USD,yfinance
RING,2026-07-08T23:11:08Z,63.24,64.9,USD,yfinance
RING,2026-07-09T23:14:40Z,65.15,63.24,USD,yfinance
RING,2026-07-10T23:01:34Z,64.89,64.26,USD,yfinance
RING,2026-07-11T20:53:41Z,64.89,64.26,USD,yfinance
RING,2026-07-13T22:58:01Z,63.25,64.8,USD,yfinance
RING,2026-07-14T22:59:25Z,64.29,62.58,USD,yfinance
RING,2026-07-15T23:01:43Z,63.84,63.67,USD,yfinance
RING,2026-07-16T23:01:03Z,61.41,63.85,USD,yfinance
RING,2026-07-17T22:54:08Z,60.92,61.0976,USD,yfinance
RING,2026-07-20T23:04:19Z,60.57,60.96,USD,yfinance
RING,2026-07-21T23:01:42Z,63.6,60.408,USD,yfinance
RING,2026-07-22T23:08:20Z,65.8,63.6,USD,yfinance
RING,2026-07-23T23:00:10Z,64.49,66.0,USD,yfinance
RING,2026-07-24T23:04:41Z,64.49,64.55,USD,yfinance
RING,2026-07-27T23:05:58Z,65.05,64.61,USD,yfinance
RING,2026-07-28T23:03:23Z,63.81,63.75,USD,yfinance
RING,2026-07-29T23:01:59Z,63.44,64.71,USD,yfinance
RING,2026-07-30T23:11:36Z,65.79,63.2,USD,yfinance
RING,2026-07-31T23:04:57Z,63.77,65.79,USD,yfinance
RING,2026-08-03T23:04:50Z,65.62,64.49,USD,yfinance
RING,2026-08-04T23:06:40Z,66.9,67.5,USD,yfinance
RING,2026-08-05T23:03:26Z,72.19,65.1981,USD,yfinance
RING,2026-08-07T01:31:46Z,72.38,73.44,USD,yfinance
RING,2026-08-07T22:39:44Z,78.02,72.38,USD,yfinance
RING,2026-08-10T20:10:36Z,78.38,78.4,USD,yfinance
RING,2026-08-10T22:41:34Z,78.38,78.4,USD,yfinance
RING,2026-08-11T22:46:35Z,78.13,78.68,USD,yfinance
RING,2026-08-12T22:44:44Z,79.09,78.25,USD,yfinance
RING,2026-08-13T16:00:34Z,76.46,78.0,USD,yfinance
RING,2026-08-13T22:45:51Z,76.64,78.0,USD,yfinance
RING,2026-08-14T22:27:10Z,78.46,76.25,USD,yfinance
RING,2026-08-17T22:28:36Z,80.28,78.4593,USD,yfinance
RING,2026-08-18T22:27:16Z,77.7,80.55,USD,yfinance
RING,2026-08-19T22:28:38Z,85.1,77.6003,USD,yfinance
RING,2026-08-20T22:31:34Z,87.72,85.0,USD,yfinance
RING,2026-08-21T22:29:07Z,90.85,86.5001,USD,yfinance
RING,2026-08-24T22:30:08Z,91.24,91.7697,USD,yfinance
RING,2026-08-25T22:31:23Z,93.17,91.8,USD,yfinance
RING,2026-08-27T03:01:26Z,90.35,93.17,USD,yfinance
RING,2026-08-27T20:20:16Z,91.0,90.5,USD,yfinance
RING,2026-08-27T22:02:41Z,91.0,90.5,USD,yfinance
RING,2026-08-28T06:01:56Z,91.0,90.5,USD,yfinance
RING,2026-08-28T22:02:53Z,87.46,91.7442,USD,yfinance
RING,2026-08-29T03:35:49Z,87.46,91.7442,USD,yfinance
RING,2026-08-31T22:02:25Z,86.52,80.57,USD,yfinance
RING,2026-09-01T01:05:13Z,86.52,80.57,USD,yfinance
RING,2026-09-01T22:02:34Z,83.12,85.1,USD,yfinance
RING,2026-09-01T23:53:44Z,83.12,85.1,USD,yfinance
RING,2026-09-02T04:00:25Z,83.12,85.1,USD,yfinance
RING,2026-09-02T04:05:54Z,83.12,85.1,USD,yfinance
RING,2026-09-02T22:02:33Z,85.52,83.51,USD,yfinance
RING,2026-09-02T23:56:16Z,85.52,83.51,USD,yfinance
RING,2026-09-03T22:02:31Z,89.09,85.52,USD,yfinance
RING,2026-09-03T23:52:44Z,89.09,85.52,USD,yfinance
RING,2026-09-04T22:03:00Z,87.4,89.4,USD,yfinance
ROBT,2026-06-18T18:51:45Z,55.49,55.24,USD,yfinance
ROBT,2026-06-18T23:49:30Z,55.6224,55.24,USD,yfinance
ROBT,2026-06-19T23:02:48Z,55.622,55.24,USD,yfinance
ROBT,2026-06-22T23:24:30Z,55.011,55.04,USD,yfinance
ROBT,2026-06-23T23:12:36Z,53.6891,55.0,USD,yfinance
ROBT,2026-06-24T23:08:25Z,53.6333,53.7448,USD,yfinance
ROBT,2026-06-25T23:23:00Z,53.6688,54.0,USD,yfinance
ROBT,2026-06-26T23:11:36Z,54.1715,53.6688,USD,yfinance
ROBT,2026-06-29T23:03:30Z,55.2253,54.1715,USD,yfinance
ROBT,2026-06-30T23:18:25Z,56.26,55.2253,USD,yfinance
ROBT,2026-07-01T23:20:10Z,56.7237,57.4229,USD,yfinance
ROBT,2026-07-02T23:12:31Z,56.2549,56.99,USD,yfinance
ROBT,2026-07-03T23:08:56Z,56.255,56.99,USD,yfinance
ROBT,2026-07-06T23:12:53Z,57.2494,56.27,USD,yfinance
ROBT,2026-07-07T23:06:20Z,55.9893,57.2494,USD,yfinance
ROBT,2026-07-08T23:12:16Z,55.3373,55.0,USD,yfinance
ROBT,2026-07-09T23:15:55Z,56.2898,54.86,USD,yfinance
ROBT,2026-07-10T23:02:47Z,56.1751,57.49,USD,yfinance
ROBT,2026-07-11T20:54:51Z,56.175,57.49,USD,yfinance
ROBT,2026-07-13T22:59:07Z,55.5147,56.0,USD,yfinance
ROBT,2026-07-14T23:00:39Z,55.537,54.58,USD,yfinance
ROBT,2026-07-15T23:02:11Z,55.2979,55.537,USD,yfinance
ROBT,2026-07-16T23:01:30Z,54.6291,55.2979,USD,yfinance
ROBT,2026-07-17T22:54:33Z,53.8349,54.62,USD,yfinance
ROBT,2026-07-20T23:04:39Z,53.7072,54.75,USD,yfinance
ROBT,2026-07-21T23:02:08Z,54.3642,53.66,USD,yfinance
ROBT,2026-07-22T23:08:40Z,53.4904,54.3,USD,yfinance
ROBT,2026-07-23T23:00:36Z,52.8152,53.431,USD,yfinance
ROBT,2026-07-24T23:05:01Z,52.8839,52.791,USD,yfinance
ROBT,2026-07-27T23:06:18Z,53.7726,55.0,USD,yfinance
ROBT,2026-07-28T23:03:43Z,53.9628,53.8,USD,yfinance
ROBT,2026-07-29T23:02:20Z,53.4306,54.009,USD,yfinance
ROBT,2026-07-30T23:12:00Z,54.5009,53.4584,USD,yfinance
ROBT,2026-07-31T23:05:19Z,55.023,54.95,USD,yfinance
ROBT,2026-08-03T23:05:11Z,56.3155,55.155,USD,yfinance
ROBT,2026-08-04T23:07:01Z,58.4083,56.315,USD,yfinance
ROBT,2026-08-05T23:03:47Z,58.15,58.432,USD,yfinance
ROBT,2026-08-07T01:32:07Z,57.5828,58.15,USD,yfinance
ROBT,2026-08-07T22:40:04Z,59.09,57.595,USD,yfinance
ROBT,2026-08-10T20:11:03Z,59.44,59.09,USD,yfinance
ROBT,2026-08-10T22:42:12Z,59.44,59.09,USD,yfinance
ROBT,2026-08-11T22:47:09Z,59.5261,59.44,USD,yfinance
ROBT,2026-08-12T22:45:18Z,59.52,59.57,USD,yfinance
ROBT,2026-08-13T16:01:04Z,59.705,59.52,USD,yfinance
ROBT,2026-08-13T22:46:19Z,60.7724,59.52,USD,yfinance
ROBT,2026-08-14T22:27:49Z,60.24,60.775,USD,yfinance
ROBT,2026-08-17T22:29:14Z,59.6194,60.24,USD,yfinance
ROBT,2026-08-18T22:27:52Z,58.68,59.67,USD,yfinance
ROBT,2026-08-19T22:29:18Z,59.34,58.68,USD,yfinance
ROBT,2026-08-20T22:32:18Z,58.95,59.34,USD,yfinance
ROBT,2026-08-21T22:29:55Z,59.6173,58.16,USD,yfinance
ROBT,2026-08-24T22:30:52Z,58.5786,59.59,USD,yfinance
ROBT,2026-08-25T22:32:06Z,59.0138,58.49,USD,yfinance
ROBT,2026-08-27T03:02:07Z,58.8553,59.03,USD,yfinance
ROBT,2026-08-27T20:21:14Z,60.57,58.84,USD,yfinance
ROBT,2026-08-27T22:03:42Z,60.57,58.84,USD,yfinance
ROBT,2026-08-28T06:02:52Z,60.57,58.84,USD,yfinance
ROBT,2026-08-28T22:04:02Z,60.1795,60.57,USD,yfinance
ROBT,2026-08-29T03:36:52Z,60.1795,60.57,USD,yfinance
ROBT,2026-08-31T22:03:18Z,60.26,60.12,USD,yfinance
ROBT,2026-09-01T01:06:02Z,60.26,60.12,USD,yfinance
ROBT,2026-09-01T22:03:36Z,58.68,60.26,USD,yfinance
ROBT,2026-09-01T23:54:44Z,58.68,60.26,USD,yfinance
ROBT,2026-09-02T04:01:18Z,58.68,60.26,USD,yfinance
ROBT,2026-09-02T04:06:50Z,58.68,60.26,USD,yfinance
ROBT,2026-09-02T22:05:04Z,58.2328,58.68,USD,yfinance
ROBT,2026-09-02T23:59:01Z,58.2328,58.68,USD,yfinance
ROBT,2026-09-03T22:05:04Z,59.1807,58.26,USD,yfinance
ROBT,2026-09-03T23:55:29Z,59.1807,58.26,USD,yfinance
ROBT,2026-09-04T22:06:19Z,58.9325,59.17,USD,yfinance
S,2026-08-27T20:16:06Z,22.71,21.35,USD,yfinance
S,2026-08-27T20:20:31Z,22.71,21.35,USD,yfinance
S,2026-08-27T22:02:57Z,22.71,21.35,USD,yfinance
S,2026-08-28T06:02:11Z,22.71,21.35,USD,yfinance
S,2026-08-28T22:03:13Z,21.54,21.75,USD,yfinance
S,2026-08-29T03:36:07Z,21.54,21.75,USD,yfinance
S,2026-08-31T22:02:39Z,22.1,21.49,USD,yfinance
S,2026-09-01T01:05:26Z,22.1,21.49,USD,yfinance
S,2026-09-01T22:02:50Z,20.63,22.07,USD,yfinance
S,2026-09-01T23:53:58Z,20.63,22.07,USD,yfinance
S,2026-09-02T04:00:38Z,20.63,22.07,USD,yfinance
S,2026-09-02T04:06:07Z,20.63,22.07,USD,yfinance
S,2026-09-02T22:02:47Z,19.68,20.65,USD,yfinance
S,2026-09-02T23:56:30Z,19.68,20.65,USD,yfinance
S,2026-09-03T22:02:45Z,19.8,19.75,USD,yfinance
S,2026-09-03T23:52:58Z,19.8,19.75,USD,yfinance
S,2026-09-04T22:03:18Z,19.88,20.01,USD,yfinance
SGDM,2026-06-18T18:51:40Z,68.07,70.1,USD,yfinance
SGDM,2026-06-18T23:49:25Z,68.07,70.1,USD,yfinance
SGDM,2026-06-19T23:02:44Z,68.07,70.1,USD,yfinance
SGDM,2026-06-22T23:24:25Z,67.23,68.0,USD,yfinance
SGDM,2026-06-23T23:12:29Z,64.41,67.35,USD,yfinance
SGDM,2026-06-24T23:08:20Z,61.52,64.91,USD,yfinance
SGDM,2026-06-25T23:22:55Z,62.52,62.66,USD,yfinance
SGDM,2026-06-26T23:11:29Z,64.12,61.08,USD,yfinance
SGDM,2026-06-29T23:03:23Z,62.85,65.0,USD,yfinance
SGDM,2026-06-30T23:18:19Z,62.87,63.0,USD,yfinance
SGDM,2026-07-01T23:20:05Z,63.36,62.87,USD,yfinance
SGDM,2026-07-02T23:12:26Z,65.6479,63.0,USD,yfinance
SGDM,2026-07-03T23:08:51Z,65.648,63.0,USD,yfinance
SGDM,2026-07-06T23:12:47Z,66.0,65.6479,USD,yfinance
SGDM,2026-07-07T23:06:15Z,63.4125,65.79,USD,yfinance
SGDM,2026-07-08T23:12:10Z,61.0714,63.45,USD,yfinance
SGDM,2026-07-09T23:15:50Z,63.12,60.0,USD,yfinance
SGDM,2026-07-10T23:02:42Z,62.7535,62.73,USD,yfinance
SGDM,2026-07-11T20:54:46Z,62.753,62.73,USD,yfinance
SGDM,2026-07-13T22:59:02Z,60.92,62.7535,USD,yfinance
SGDM,2026-07-14T23:00:34Z,61.41,60.8,USD,yfinance
SGDM,2026-07-15T23:01:38Z,61.32,61.41,USD,yfinance
SGDM,2026-07-16T23:00:58Z,59.1528,62.48,USD,yfinance
SGDM,2026-07-17T22:54:03Z,59.29,60.32,USD,yfinance
SGDM,2026-07-20T23:04:15Z,58.83,60.37,USD,yfinance
SGDM,2026-07-21T23:01:37Z,61.6,58.83,USD,yfinance
SGDM,2026-07-22T23:08:16Z,63.87,61.6,USD,yfinance
SGDM,2026-07-23T23:00:06Z,62.41,63.87,USD,yfinance
SGDM,2026-07-24T23:04:37Z,62.31,62.41,USD,yfinance
SGDM,2026-07-27T23:05:54Z,62.47,62.31,USD,yfinance
SGDM,2026-07-28T23:03:19Z,61.3,62.47,USD,yfinance
SGDM,2026-07-29T23:01:55Z,61.28,61.3,USD,yfinance
SGDM,2026-07-30T23:11:32Z,63.62,61.4,USD,yfinance
SGDM,2026-07-31T23:04:52Z,61.81,63.62,USD,yfinance
SGDM,2026-08-03T23:04:47Z,63.07,61.81,USD,yfinance
SGDM,2026-08-04T23:06:36Z,64.45,63.07,USD,yfinance
SGDM,2026-08-05T23:03:23Z,69.05,64.45,USD,yfinance
SGDM,2026-08-07T01:31:42Z,69.58,69.05,USD,yfinance
SGDM,2026-08-07T22:39:40Z,74.775,69.4,USD,yfinance
SGDM,2026-08-10T20:10:33Z,74.72,74.78,USD,yfinance
SGDM,2026-08-10T22:41:28Z,74.69,74.78,USD,yfinance
SGDM,2026-08-11T22:46:31Z,74.7823,75.4011,USD,yfinance
SGDM,2026-08-12T22:44:38Z,75.45,74.14,USD,yfinance
SGDM,2026-08-13T16:00:29Z,73.7,75.45,USD,yfinance
SGDM,2026-08-13T22:45:47Z,73.82,75.45,USD,yfinance
SGDM,2026-08-14T22:27:06Z,75.24,73.82,USD,yfinance
SGDM,2026-08-17T22:28:32Z,76.81,75.24,USD,yfinance
SGDM,2026-08-18T22:27:12Z,73.9371,77.0,USD,yfinance
SGDM,2026-08-19T22:28:34Z,81.2,74.0,USD,yfinance
SGDM,2026-08-20T22:31:30Z,83.2,81.607,USD,yfinance
SGDM,2026-08-21T22:29:02Z,85.485,83.5003,USD,yfinance
SGDM,2026-08-24T22:30:04Z,86.19,85.485,USD,yfinance
SGDM,2026-08-25T22:31:19Z,88.25,86.19,USD,yfinance
SGDM,2026-08-27T03:01:22Z,85.64,88.25,USD,yfinance
SGDM,2026-08-27T20:20:12Z,86.12,85.64,USD,yfinance
SGDM,2026-08-27T22:02:37Z,86.12,85.64,USD,yfinance
SGDM,2026-08-28T06:01:51Z,86.12,85.64,USD,yfinance
SGDM,2026-08-28T22:02:48Z,82.9,86.12,USD,yfinance
SGDM,2026-08-29T03:35:45Z,82.9,86.12,USD,yfinance
SGDM,2026-08-31T22:02:21Z,81.85,82.9,USD,yfinance
SGDM,2026-09-01T01:05:09Z,81.85,82.9,USD,yfinance
SGDM,2026-09-01T22:02:30Z,78.47,81.85,USD,yfinance
SGDM,2026-09-01T23:53:40Z,78.47,81.85,USD,yfinance
SGDM,2026-09-02T04:00:22Z,78.47,81.85,USD,yfinance
SGDM,2026-09-02T04:05:50Z,78.47,81.85,USD,yfinance
SGDM,2026-09-02T22:02:30Z,81.2,78.47,USD,yfinance
SGDM,2026-09-02T23:56:11Z,81.2,78.47,USD,yfinance
SGDM,2026-09-03T22:02:27Z,84.87,80.0,USD,yfinance
SGDM,2026-09-03T23:52:40Z,84.87,80.0,USD,yfinance
SGDM,2026-09-04T22:02:55Z,82.9,84.87,USD,yfinance
SHOP,2026-08-10T20:10:41Z,155.18,151.204,USD,yfinance
SHOP,2026-08-10T22:41:40Z,155.18,151.204,USD,yfinance
SHOP,2026-08-11T22:46:41Z,152.61,154.8405,USD,yfinance
SHOP,2026-08-12T22:44:50Z,150.41,152.25,USD,yfinance
SHOP,2026-08-13T16:00:39Z,152.39,150.13,USD,yfinance
SHOP,2026-08-13T22:45:56Z,158.53,150.13,USD,yfinance
SHOP,2026-08-14T22:27:15Z,154.32,158.16,USD,yfinance
SHOP,2026-08-17T22:28:41Z,148.65,154.45,USD,yfinance
SHOP,2026-08-18T22:27:21Z,146.58,148.69,USD,yfinance
SHOP,2026-08-19T22:28:43Z,146.58,146.72,USD,yfinance
SHOP,2026-08-20T22:31:40Z,147.18,147.0,USD,yfinance
SHOP,2026-08-21T22:29:13Z,149.25,146.348,USD,yfinance
SHOP,2026-08-24T22:30:14Z,149.8,149.01,USD,yfinance
SHOP,2026-08-25T22:31:28Z,153.88,149.641,USD,yfinance
SHOP,2026-08-27T03:01:31Z,150.29,153.9688,USD,yfinance
SHOP,2026-08-27T20:20:21Z,154.33,150.51,USD,yfinance
SHOP,2026-08-27T22:02:47Z,154.33,150.51,USD,yfinance
SHOP,2026-08-28T06:02:01Z,154.33,150.51,USD,yfinance
SHOP,2026-08-28T22:02:59Z,152.9,154.2,USD,yfinance
SHOP,2026-08-29T03:35:56Z,152.9,154.2,USD,yfinance
SHOP,2026-08-31T22:02:30Z,147.37,152.4,USD,yfinance
SHOP,2026-09-01T01:05:17Z,147.37,152.4,USD,yfinance
SHOP,2026-09-01T22:02:40Z,139.82,147.45,USD,yfinance
SHOP,2026-09-01T23:53:49Z,139.82,147.45,USD,yfinance
SHOP,2026-09-02T04:00:30Z,139.82,147.45,USD,yfinance
SHOP,2026-09-02T04:05:59Z,139.82,147.45,USD,yfinance
SHOP,2026-09-02T22:02:38Z,141.87,139.75,USD,yfinance
SHOP,2026-09-02T23:56:21Z,141.87,139.75,USD,yfinance
SHOP,2026-09-03T22:02:36Z,145.88,142.143,USD,yfinance
SHOP,2026-09-03T23:52:49Z,145.88,142.143,USD,yfinance
SHOP,2026-09-04T22:03:07Z,145.09,145.99,USD,yfinance
SI=F,2026-06-18T18:52:02Z,65.955,69.28,USD,yfinance
SI=F,2026-06-18T23:49:45Z,65.635,69.28,USD,yfinance
SI=F,2026-06-19T23:03:03Z,64.91,69.28,USD,yfinance
SI=F,2026-06-22T23:24:44Z,65.12,65.6,USD,yfinance
SI=F,2026-06-23T23:12:54Z,61.455,63.24,USD,yfinance
SI=F,2026-06-24T23:08:40Z,57.585,61.405,USD,yfinance
SI=F,2026-06-25T23:23:15Z,57.755,57.52,USD,yfinance
SI=F,2026-06-26T23:11:55Z,59.605,56.63,USD,yfinance
SI=F,2026-06-29T23:03:48Z,58.7,59.05,USD,yfinance
SI=F,2026-06-30T23:18:44Z,59.275,57.695,USD,yfinance
SI=F,2026-07-01T23:20:25Z,59.78,58.25,USD,yfinance
SI=F,2026-07-02T23:12:46Z,61.515,60.775,USD,yfinance
SI=F,2026-07-03T23:09:11Z,62.815,60.775,USD,yfinance
SI=F,2026-07-06T23:13:09Z,62.475,62.3,USD,yfinance
SI=F,2026-07-07T23:06:36Z,60.13,61.5,USD,yfinance
SI=F,2026-07-08T23:12:31Z,58.72,60.77,USD,yfinance
SI=F,2026-07-09T23:16:12Z,60.4,58.24,USD,yfinance
SI=F,2026-07-10T23:03:04Z,60.3,60.775,USD,yfinance
SI=F,2026-07-11T20:55:07Z,59.809,60.775,USD,yfinance
SI=F,2026-07-13T22:59:21Z,57.995,58.56,USD,yfinance
SI=F,2026-07-14T23:00:57Z,58.99,57.98,USD,yfinance
SI=F,2026-07-15T23:02:30Z,58.085,58.74,USD,yfinance
SI=F,2026-07-16T23:01:48Z,55.76,57.52,USD,yfinance
SI=F,2026-07-17T22:54:49Z,56.22,55.63,USD,yfinance
SI=F,2026-07-20T23:04:53Z,56.385,57.295,USD,yfinance
SI=F,2026-07-21T23:02:25Z,59.085,58.105,USD,yfinance
SI=F,2026-07-22T23:08:54Z,59.66,60.07,USD,yfinance
SI=F,2026-07-23T23:00:53Z,57.945,60.045,USD,yfinance
SI=F,2026-07-24T23:05:14Z,58.49,57.55,USD,yfinance
SI=F,2026-07-27T23:06:31Z,58.655,59.595,USD,yfinance
SI=F,2026-07-28T23:03:56Z,57.155,57.58,USD,yfinance
SI=F,2026-07-29T23:02:34Z,58.5,57.585,USD,yfinance
SI=F,2026-07-30T23:12:15Z,59.345,57.73,USD,yfinance
SI=F,2026-07-31T23:05:34Z,57.775,58.615,USD,yfinance
SI=F,2026-08-03T23:05:25Z,58.325,58.405,USD,yfinance
SI=F,2026-08-04T23:07:15Z,59.72,58.91,USD,yfinance
SI=F,2026-08-05T23:04:01Z,62.25,61.03,USD,yfinance
SI=F,2026-08-07T01:32:21Z,61.955,62.31,USD,yfinance
SI=F,2026-08-07T22:40:18Z,63.8,62.58,USD,yfinance
SI=F,2026-08-10T20:11:16Z,65.895,63.815,USD,yfinance
SI=F,2026-08-10T22:42:30Z,65.89,63.815,USD,yfinance
SI=F,2026-08-11T22:47:26Z,65.03,65.96,USD,yfinance
SI=F,2026-08-12T22:45:35Z,65.325,65.555,USD,yfinance
SI=F,2026-08-13T16:01:20Z,64.935,65.475,USD,yfinance
SI=F,2026-08-13T22:46:33Z,64.65,65.475,USD,yfinance
SI=F,2026-08-14T22:28:03Z,64.825,64.18,USD,yfinance
SI=F,2026-08-17T22:29:27Z,65.875,65.695,USD,yfinance
SI=F,2026-08-18T22:28:07Z,63.5,65.305,USD,yfinance
SI=F,2026-08-19T22:29:37Z,67.13,63.135,USD,yfinance
SI=F,2026-08-20T22:32:38Z,68.155,67.28,USD,yfinance
SI=F,2026-08-21T22:30:16Z,69.01,68.94,USD,yfinance
SI=F,2026-08-24T22:31:10Z,69.03,68.96,USD,yfinance
SI=F,2026-08-25T22:32:26Z,68.875,67.93,USD,yfinance
SI=F,2026-08-27T03:02:27Z,69.225,69.26,USD,yfinance
SI=F,2026-08-27T20:21:37Z,70.185,68.98,USD,yfinance
SI=F,2026-08-27T22:04:04Z,70.065,68.98,USD,yfinance
SI=F,2026-08-28T06:03:15Z,69.535,70.365,USD,yfinance
SI=F,2026-08-28T22:04:28Z,67.09,69.565,USD,yfinance
SI=F,2026-08-29T03:37:18Z,67.09,69.565,USD,yfinance
SI=F,2026-08-31T22:03:39Z,67.205,66.84,USD,yfinance
SI=F,2026-09-01T01:06:22Z,67.48,66.84,USD,yfinance
SI=F,2026-09-01T22:03:59Z,64.66,67.41,USD,yfinance
SI=F,2026-09-01T23:55:06Z,64.79,67.41,USD,yfinance
SI=F,2026-09-02T04:01:37Z,64.17,67.41,USD,yfinance
SI=F,2026-09-02T04:07:10Z,64.21,67.41,USD,yfinance
SI=F,2026-09-02T22:05:24Z,65.93,64.245,USD,yfinance
SI=F,2026-09-02T23:59:23Z,65.96,64.245,USD,yfinance
SI=F,2026-09-03T22:05:24Z,67.585,66.675,USD,yfinance
SI=F,2026-09-03T23:55:50Z,67.59,66.675,USD,yfinance
SI=F,2026-09-04T22:06:45Z,66.82,67.215,USD,yfinance
SIEGY,2026-06-18T18:51:11Z,159.18,156.69,USD,yfinance
SIEGY,2026-06-18T23:48:58Z,156.69,156.69,USD,yfinance
SIEGY,2026-06-19T23:02:16Z,158.79,156.69,USD,yfinance
SIEGY,2026-06-22T23:23:59Z,158.91,159.16,USD,yfinance
SIEGY,2026-06-23T23:11:56Z,159.06,159.06,USD,yfinance
SIEGY,2026-06-24T23:07:53Z,153.99,155.1,USD,yfinance
SIEGY,2026-06-25T23:22:27Z,153.67,153.99,USD,yfinance
SIEGY,2026-06-26T23:10:55Z,152.51,155.26,USD,yfinance
SIEGY,2026-06-29T23:02:49Z,154.8,152.46,USD,yfinance
SIEGY,2026-06-30T23:17:46Z,154.76,154.76,USD,yfinance
SIEGY,2026-07-01T23:19:37Z,155.45,161.0,USD,yfinance
SIEGY,2026-07-02T23:11:59Z,158.91,155.45,USD,yfinance
SIEGY,2026-07-03T23:08:24Z,158.13,155.45,USD,yfinance
SIEGY,2026-07-06T23:12:18Z,161.12,158.91,USD,yfinance
SIEGY,2026-07-07T23:05:45Z,153.77,161.12,USD,yfinance
SIEGY,2026-07-08T23:11:42Z,153.32,153.77,USD,yfinance
SIEGY,2026-07-09T23:15:19Z,156.59,153.32,USD,yfinance
SIEGY,2026-07-10T23:02:12Z,155.97,156.59,USD,yfinance
SIEGY,2026-07-11T20:54:17Z,155.97,156.21,USD,yfinance
SIEGY,2026-07-13T22:58:34Z,153.7,155.97,USD,yfinance
SIEGY,2026-07-14T23:00:03Z,154.73,153.7,USD,yfinance
SIEGY,2026-07-15T23:01:00Z,155.03,154.65,USD,yfinance
SIEGY,2026-07-16T23:00:22Z,154.09,155.03,USD,yfinance
SIEGY,2026-07-17T22:53:30Z,151.6,154.09,USD,yfinance
SIEGY,2026-07-20T23:03:47Z,149.65,151.6,USD,yfinance
SIEGY,2026-07-21T23:01:03Z,154.84,149.65,USD,yfinance
SIEGY,2026-07-22T23:07:49Z,155.08,154.84,USD,yfinance
SIEGY,2026-07-23T22:59:31Z,152.51,155.08,USD,yfinance
SIEGY,2026-07-24T23:04:10Z,154.025,152.51,USD,yfinance
SIEGY,2026-07-27T23:05:28Z,156.1,154.025,USD,yfinance
SIEGY,2026-07-28T23:02:53Z,154.89,156.1,USD,yfinance
SIEGY,2026-07-29T23:01:28Z,154.62,154.89,USD,yfinance
SIEGY,2026-07-30T23:11:02Z,163.07,154.62,USD,yfinance
SIEGY,2026-07-31T23:04:22Z,162.9,163.07,USD,yfinance
SIEGY,2026-08-03T23:04:19Z,164.99,162.9,USD,yfinance
SIEGY,2026-08-04T23:06:09Z,167.03,164.99,USD,yfinance
SIEGY,2026-08-05T23:02:56Z,165.5,167.03,USD,yfinance
SIEGY,2026-08-07T01:31:15Z,157.06,165.5,USD,yfinance
SIEGY,2026-08-07T22:39:13Z,161.82,157.06,USD,yfinance
SIEGY,2026-08-10T20:10:06Z,159.65,161.82,USD,yfinance
SIEGY,2026-08-10T22:40:52Z,159.56,161.82,USD,yfinance
SIEGY,2026-08-11T22:45:57Z,161.33,159.56,USD,yfinance
SIEGY,2026-08-12T22:44:03Z,162.65,161.33,USD,yfinance
SIEGY,2026-08-13T15:59:58Z,164.06,162.65,USD,yfinance
SIEGY,2026-08-13T22:45:20Z,164.01,162.65,USD,yfinance
SIEGY,2026-08-14T22:26:39Z,164.27,164.01,USD,yfinance
SIEGY,2026-08-17T22:28:05Z,163.12,164.25,USD,yfinance
SIEGY,2026-08-18T22:26:44Z,159.8,163.12,USD,yfinance
SIEGY,2026-08-19T22:28:06Z,161.13,159.8,USD,yfinance
SIEGY,2026-08-20T22:30:59Z,160.79,161.13,USD,yfinance
SIEGY,2026-08-21T22:28:30Z,163.65,160.79,USD,yfinance
SIEGY,2026-08-24T22:29:33Z,163.3,163.65,USD,yfinance
SIEGY,2026-08-25T22:30:48Z,167.05,163.3,USD,yfinance
SIEGY,2026-08-27T03:00:52Z,167.65,167.05,USD,yfinance
SIEGY,2026-08-27T20:19:38Z,166.99,167.65,USD,yfinance
SIEGY,2026-08-27T22:02:02Z,166.99,167.65,USD,yfinance
SIEGY,2026-08-28T06:01:17Z,167.16,167.55,USD,yfinance
SIEGY,2026-08-28T22:02:10Z,167.45,167.16,USD,yfinance
SIEGY,2026-08-29T03:35:08Z,167.37,167.16,USD,yfinance
SIEGY,2026-08-31T22:01:50Z,165.32,167.45,USD,yfinance
SIEGY,2026-09-01T01:04:41Z,165.32,167.45,USD,yfinance
SIEGY,2026-09-01T22:01:57Z,160.28,165.32,USD,yfinance
SIEGY,2026-09-01T23:53:07Z,160.28,165.32,USD,yfinance
SIEGY,2026-09-02T03:59:53Z,160.26,165.4,USD,yfinance
SIEGY,2026-09-02T04:05:19Z,160.26,165.4,USD,yfinance
SIEGY,2026-09-02T22:01:59Z,158.42,160.28,USD,yfinance
SIEGY,2026-09-02T23:55:38Z,158.42,160.28,USD,yfinance
SIEGY,2026-09-03T22:01:56Z,157.35,158.42,USD,yfinance
SIEGY,2026-09-03T23:52:05Z,157.35,158.42,USD,yfinance
SIEGY,2026-09-04T22:02:14Z,158.25,157.33,USD,yfinance
SIL,2026-06-18T18:51:41Z,83.39,86.45,USD,yfinance
SIL,2026-06-18T23:49:26Z,83.73,86.45,USD,yfinance
SIL,2026-06-19T23:02:45Z,83.73,86.45,USD,yfinance
SIL,2026-06-22T23:24:26Z,83.07,82.7512,USD,yfinance
SIL,2026-06-23T23:12:31Z,78.53,82.01,USD,yfinance
SIL,2026-06-24T23:08:22Z,75.57,78.85,USD,yfinance
SIL,2026-06-25T23:22:56Z,77.09,76.3446,USD,yfinance
SIL,2026-06-26T23:11:31Z,78.42,77.2,USD,yfinance
SIL,2026-06-29T23:03:25Z,77.41,78.4,USD,yfinance
SIL,2026-06-30T23:18:21Z,77.46,77.4,USD,yfinance
SIL,2026-07-01T23:20:06Z,77.19,77.41,USD,yfinance
SIL,2026-07-02T23:12:28Z,80.2,79.89,USD,yfinance
SIL,2026-07-03T23:08:52Z,80.2,79.89,USD,yfinance
SIL,2026-07-06T23:12:49Z,79.7,80.6868,USD,yfinance
SIL,2026-07-07T23:06:16Z,76.53,79.98,USD,yfinance
SIL,2026-07-08T23:12:11Z,74.02,76.59,USD,yfinance
SIL,2026-07-09T23:15:51Z,76.8,74.0282,USD,yfinance
SIL,2026-07-10T23:02:43Z,76.35,77.37,USD,yfinance
SIL,2026-07-11T20:54:48Z,76.35,77.37,USD,yfinance
SIL,2026-07-13T22:59:03Z,74.26,76.4001,USD,yfinance
SIL,2026-07-14T23:00:35Z,75.53,74.06,USD,yfinance
SIL,2026-07-15T23:01:40Z,75.01,75.6,USD,yfinance
SIL,2026-07-16T23:01:00Z,71.91,75.0,USD,yfinance
SIL,2026-07-17T22:54:05Z,71.74,71.91,USD,yfinance
SIL,2026-07-20T23:04:16Z,71.41,71.75,USD,yfinance
SIL,2026-07-21T23:01:39Z,75.53,74.89,USD,yfinance
SIL,2026-07-22T23:08:17Z,77.4,75.53,USD,yfinance
SIL,2026-07-23T23:00:07Z,75.28,77.53,USD,yfinance
SIL,2026-07-24T23:04:39Z,75.44,75.29,USD,yfinance
SIL,2026-07-27T23:05:55Z,75.78,75.44,USD,yfinance
SIL,2026-07-28T23:03:21Z,73.99,75.91,USD,yfinance
SIL,2026-07-29T23:01:57Z,72.94,73.5,USD,yfinance
SIL,2026-07-30T23:11:34Z,76.19,74.37,USD,yfinance
SIL,2026-07-31T23:04:54Z,73.75,76.28,USD,yfinance
SIL,2026-08-03T23:04:48Z,75.79,73.1,USD,yfinance
SIL,2026-08-04T23:06:38Z,78.59,75.8,USD,yfinance
SIL,2026-08-05T23:03:24Z,83.77,78.6,USD,yfinance
SIL,2026-08-07T01:31:44Z,83.26,84.5701,USD,yfinance
SIL,2026-08-07T22:39:41Z,88.5,83.9,USD,yfinance
SIL,2026-08-10T20:10:34Z,90.314,88.88,USD,yfinance
SIL,2026-08-10T22:41:30Z,90.28,88.88,USD,yfinance
SIL,2026-08-11T22:46:32Z,90.8,90.56,USD,yfinance
SIL,2026-08-12T22:44:40Z,91.31,90.8,USD,yfinance
SIL,2026-08-13T16:00:31Z,88.47,91.0,USD,yfinance
SIL,2026-08-13T22:45:49Z,88.68,91.0,USD,yfinance
SIL,2026-08-14T22:27:08Z,89.55,88.68,USD,yfinance
SIL,2026-08-17T22:28:33Z,90.72,89.5001,USD,yfinance
SIL,2026-08-18T22:27:13Z,87.53,91.0,USD,yfinance
SIL,2026-08-19T22:28:36Z,95.87,87.69,USD,yfinance
SIL,2026-08-20T22:31:31Z,97.46,96.65,USD,yfinance
SIL,2026-08-21T22:29:03Z,99.55,97.6,USD,yfinance
SIL,2026-08-24T22:30:06Z,100.37,99.06,USD,yfinance
SIL,2026-08-25T22:31:20Z,102.8,100.82,USD,yfinance
SIL,2026-08-27T03:01:23Z,100.63,101.4636,USD,yfinance
SIL,2026-08-27T20:20:13Z,103.14,101.76,USD,yfinance
SIL,2026-08-27T22:02:38Z,103.14,101.76,USD,yfinance
SIL,2026-08-28T06:01:53Z,103.14,101.76,USD,yfinance
SIL,2026-08-28T22:02:49Z,99.14,102.225,USD,yfinance
SIL,2026-08-29T03:35:46Z,99.14,102.225,USD,yfinance
SIL,2026-08-31T22:02:22Z,97.95,98.7696,USD,yfinance
SIL,2026-09-01T01:05:10Z,97.95,98.7696,USD,yfinance
SIL,2026-09-01T22:02:32Z,94.29,99.1296,USD,yfinance
SIL,2026-09-01T23:53:41Z,94.29,99.1296,USD,yfinance
SIL,2026-09-02T04:00:23Z,94.29,99.1296,USD,yfinance
SIL,2026-09-02T04:05:51Z,94.29,99.1296,USD,yfinance
SIL,2026-09-02T22:02:31Z,98.69,94.77,USD,yfinance
SIL,2026-09-02T23:56:13Z,98.69,94.77,USD,yfinance
SIL,2026-09-03T22:02:28Z,101.36,99.24,USD,yfinance
SIL,2026-09-03T23:52:41Z,101.36,99.24,USD,yfinance
SIL,2026-09-04T22:02:57Z,99.29,101.65,USD,yfinance
SILJ,2026-06-18T18:50:40Z,27.82,28.75,USD,yfinance
SILJ,2026-06-18T23:48:31Z,27.92,28.75,USD,yfinance
SILJ,2026-06-19T23:01:49Z,27.92,28.75,USD,yfinance
SILJ,2026-06-22T23:23:32Z,27.62,27.97,USD,yfinance
SILJ,2026-06-23T23:11:22Z,26.03,27.59,USD,yfinance
SILJ,2026-06-24T23:07:25Z,24.9,26.0098,USD,yfinance
SILJ,2026-06-25T23:21:59Z,25.55,25.32,USD,yfinance
SILJ,2026-06-26T23:10:19Z,26.12,25.65,USD,yfinance
SILJ,2026-06-29T23:02:14Z,25.79,26.13,USD,yfinance
SILJ,2026-06-30T23:17:11Z,25.92,25.95,USD,yfinance
SILJ,2026-07-01T23:19:09Z,25.91,25.67,USD,yfinance
SILJ,2026-07-02T23:11:31Z,26.73,25.9657,USD,yfinance
SILJ,2026-07-03T23:07:56Z,26.73,25.9657,USD,yfinance
SILJ,2026-07-06T23:11:48Z,26.6,27.0,USD,yfinance
SILJ,2026-07-07T23:05:14Z,25.33,26.6458,USD,yfinance
SILJ,2026-07-08T23:11:14Z,24.47,25.2024,USD,yfinance
SILJ,2026-07-09T23:14:47Z,25.58,24.326,USD,yfinance
SILJ,2026-07-10T23:01:41Z,25.43,25.5233,USD,yfinance
SILJ,2026-07-11T20:53:47Z,25.43,25.5233,USD,yfinance
SILJ,2026-07-13T22:58:07Z,24.69,25.4891,USD,yfinance
SILJ,2026-07-14T22:59:32Z,25.36,24.4229,USD,yfinance
SILJ,2026-07-15T23:01:41Z,25.1,25.52,USD,yfinance
SILJ,2026-07-16T23:01:02Z,23.82,25.49,USD,yfinance
SILJ,2026-07-17T22:54:06Z,23.79,23.93,USD,yfinance
SILJ,2026-07-20T23:04:18Z,23.73,23.75,USD,yfinance
SILJ,2026-07-21T23:01:41Z,25.06,23.8082,USD,yfinance
SILJ,2026-07-22T23:08:19Z,25.8,25.1158,USD,yfinance
SILJ,2026-07-23T23:00:09Z,24.82,25.9396,USD,yfinance
SILJ,2026-07-24T23:04:40Z,24.77,24.94,USD,yfinance
SILJ,2026-07-27T23:05:56Z,24.92,24.71,USD,yfinance
SILJ,2026-07-28T23:03:22Z,24.14,24.79,USD,yfinance
SILJ,2026-07-29T23:01:58Z,23.74,24.2,USD,yfinance
SILJ,2026-07-30T23:11:35Z,24.95,24.27,USD,yfinance
SILJ,2026-07-31T23:04:55Z,24.09,24.998,USD,yfinance
SILJ,2026-08-03T23:04:49Z,24.83,24.1795,USD,yfinance
SILJ,2026-08-04T23:06:39Z,26.11,24.74,USD,yfinance
SILJ,2026-08-05T23:03:25Z,27.75,26.05,USD,yfinance
SILJ,2026-08-07T01:31:45Z,27.48,27.97,USD,yfinance
SILJ,2026-08-07T22:39:43Z,29.14,27.48,USD,yfinance
SILJ,2026-08-10T20:10:35Z,29.89,29.0557,USD,yfinance
SILJ,2026-08-10T22:41:32Z,29.87,29.0557,USD,yfinance
SILJ,2026-08-11T22:46:34Z,30.06,30.039,USD,yfinance
SILJ,2026-08-12T22:44:42Z,30.16,30.0599,USD,yfinance
SILJ,2026-08-13T16:00:32Z,29.4,30.02,USD,yfinance
SILJ,2026-08-13T22:45:50Z,29.44,30.02,USD,yfinance
SILJ,2026-08-14T22:27:09Z,29.86,29.48,USD,yfinance
SILJ,2026-08-17T22:28:34Z,29.9,29.764,USD,yfinance
SILJ,2026-08-18T22:27:14Z,28.68,30.0931,USD,yfinance
SILJ,2026-08-19T22:28:37Z,31.42,28.65,USD,yfinance
SILJ,2026-08-20T22:31:33Z,31.63,31.67,USD,yfinance
SILJ,2026-08-21T22:29:05Z,31.93,31.6224,USD,yfinance
SILJ,2026-08-24T22:30:07Z,32.01,31.95,USD,yfinance
SILJ,2026-08-25T22:31:22Z,32.79,32.16,USD,yfinance
SILJ,2026-08-27T03:01:24Z,32.35,32.8121,USD,yfinance
SILJ,2026-08-27T20:20:14Z,33.16,32.7174,USD,yfinance
SILJ,2026-08-27T22:02:39Z,33.16,32.7174,USD,yfinance
SILJ,2026-08-28T06:01:54Z,33.16,32.7174,USD,yfinance
SILJ,2026-08-28T22:02:51Z,31.71,33.15,USD,yfinance
SILJ,2026-08-29T03:35:48Z,31.71,33.15,USD,yfinance
SILJ,2026-08-31T22:02:24Z,31.34,31.5892,USD,yfinance
SILJ,2026-09-01T01:05:11Z,31.34,31.5892,USD,yfinance
SILJ,2026-09-01T22:02:33Z,30.03,31.547,USD,yfinance
SILJ,2026-09-01T23:53:43Z,30.03,31.547,USD,yfinance
SILJ,2026-09-02T04:00:24Z,30.03,31.547,USD,yfinance
SILJ,2026-09-02T04:05:52Z,30.03,31.547,USD,yfinance
SILJ,2026-09-02T22:02:32Z,31.64,30.208,USD,yfinance
SILJ,2026-09-02T23:56:14Z,31.64,30.208,USD,yfinance
SILJ,2026-09-03T22:02:30Z,32.39,31.7,USD,yfinance
SILJ,2026-09-03T23:52:43Z,32.39,31.7,USD,yfinance
SILJ,2026-09-04T22:02:59Z,31.68,32.3155,USD,yfinance
SIVEF,2026-06-18T18:50:25Z,9.97,10.44,USD,yfinance
SIVEF,2026-06-18T23:48:16Z,10.12,10.44,USD,yfinance
SIVEF,2026-06-19T23:01:35Z,10.12,10.49,USD,yfinance
SIVEF,2026-06-22T23:23:18Z,10.05,10.12,USD,yfinance
SIVEF,2026-06-23T23:11:04Z,9.37,10.25,USD,yfinance
SIVEF,2026-06-24T23:07:10Z,8.11,9.36,USD,yfinance
SIVEF,2026-06-25T23:21:44Z,8.11,8.15,USD,yfinance
SIVEF,2026-06-26T23:10:02Z,6.76,7.39,USD,yfinance
SIVEF,2026-06-29T23:01:56Z,7.15,6.76,USD,yfinance
SIVEF,2026-06-30T23:16:54Z,7.15,7.15,USD,yfinance
SIVEF,2026-07-01T23:18:55Z,6.05,6.7,USD,yfinance
SIVEF,2026-07-02T23:11:16Z,5.28,6.0395,USD,yfinance
SIVEF,2026-07-03T23:07:42Z,5.28,6.0395,USD,yfinance
SIVEF,2026-07-06T23:11:33Z,4.82,5.28,USD,yfinance
SIVEF,2026-07-07T23:04:59Z,4.2,4.83,USD,yfinance
SIVEF,2026-07-08T23:11:00Z,4.17,4.2,USD,yfinance
SIVEF,2026-07-09T23:14:30Z,4.76,4.17,USD,yfinance
SIVEF,2026-07-10T23:01:25Z,4.97,4.76,USD,yfinance
SIVEF,2026-07-11T20:53:32Z,4.975,4.76,USD,yfinance
SIVEF,2026-07-13T22:57:53Z,4.25,4.975,USD,yfinance
SIVEF,2026-07-14T22:59:16Z,4.39,4.28,USD,yfinance
SIVEF,2026-07-15T23:00:25Z,4.18,4.385,USD,yfinance
SIVEF,2026-07-16T22:59:50Z,3.46,4.13,USD,yfinance
SIVEF,2026-07-17T22:53:00Z,3.66,3.46,USD,yfinance
SIVEF,2026-07-20T23:03:23Z,3.36,3.67,USD,yfinance
SIVEF,2026-07-21T23:00:33Z,4.28,3.36,USD,yfinance
SIVEF,2026-07-22T23:07:24Z,3.88,4.28,USD,yfinance
SIVEF,2026-07-23T22:59:01Z,3.38,3.88,USD,yfinance
SIVEF,2026-07-24T23:03:47Z,3.13,3.38,USD,yfinance
SIVEF,2026-07-27T23:05:04Z,3.21,3.13,USD,yfinance
SIVEF,2026-07-28T23:02:30Z,2.96,3.16,USD,yfinance
SIVEF,2026-07-29T23:01:03Z,2.73,2.96,USD,yfinance
SIVEF,2026-07-30T23:10:35Z,3.24,2.73,USD,yfinance
SIVEF,2026-07-31T23:03:56Z,3.28,3.24,USD,yfinance
SIVEF,2026-08-03T23:03:54Z,3.33,3.28,USD,yfinance
SIVEF,2026-08-04T23:05:44Z,3.89,3.33,USD,yfinance
SIVEF,2026-08-05T23:02:32Z,3.63,3.88,USD,yfinance
SIVEF,2026-08-07T01:30:50Z,3.99,3.6,USD,yfinance
SIVEF,2026-08-07T22:38:50Z,4.38,3.75,USD,yfinance
SIVEF,2026-08-10T20:09:43Z,4.59,4.38,USD,yfinance
SIVEF,2026-08-10T22:40:20Z,4.61,4.417,USD,yfinance
SIVEF,2026-08-11T22:45:28Z,4.42,4.59,USD,yfinance
SIVEF,2026-08-12T22:43:34Z,4.64,4.41,USD,yfinance
SIVEF,2026-08-13T15:59:30Z,4.23,4.49,USD,yfinance
SIVEF,2026-08-13T22:44:56Z,4.15,4.64,USD,yfinance
SIVEF,2026-08-14T22:26:13Z,4.44,4.16,USD,yfinance
SIVEF,2026-08-17T22:27:38Z,4.27,4.44,USD,yfinance
SIVEF,2026-08-18T22:26:17Z,3.79,4.27,USD,yfinance
SIVEF,2026-08-19T22:27:39Z,3.81,3.79,USD,yfinance
SIVEF,2026-08-20T22:30:30Z,3.69,3.81,USD,yfinance
SIVEF,2026-08-21T22:27:56Z,3.87,3.69,USD,yfinance
SIVEF,2026-08-24T22:29:06Z,3.39,3.87,USD,yfinance
SIVEF,2026-08-25T22:30:21Z,3.73,3.39,USD,yfinance
SIVEF,2026-08-27T03:00:26Z,3.84,3.73,USD,yfinance
SIVEF,2026-08-27T20:19:10Z,3.35,3.84,USD,yfinance
SIVEF,2026-08-27T22:01:33Z,3.35,3.84,USD,yfinance
SIVEF,2026-08-28T06:00:49Z,3.365,3.835,USD,yfinance
SIVEF,2026-08-28T22:01:38Z,2.83,3.365,USD,yfinance
SIVEF,2026-08-29T03:34:38Z,2.83,3.365,USD,yfinance
SIVEF,2026-08-31T22:01:24Z,2.75,2.84,USD,yfinance
SIVEF,2026-09-01T01:04:17Z,2.755,2.84,USD,yfinance
SIVEF,2026-09-01T22:01:28Z,2.5,2.755,USD,yfinance
SIVEF,2026-09-01T23:52:41Z,2.5,2.755,USD,yfinance
SIVEF,2026-09-02T03:59:29Z,2.5,2.755,USD,yfinance
SIVEF,2026-09-02T04:04:54Z,2.5,2.755,USD,yfinance
SIVEF,2026-09-02T22:01:29Z,2.28,2.5075,USD,yfinance
SIVEF,2026-09-02T23:55:04Z,2.507,2.5075,USD,yfinance
SIVEF,2026-09-03T22:01:26Z,2.85,2.28,USD,yfinance
SIVEF,2026-09-03T23:51:31Z,2.85,2.28,USD,yfinance
SIVEF,2026-09-04T22:01:35Z,2.92,2.85,USD,yfinance
SLV,2026-06-18T18:50:38Z,59.605,61.78,USD,yfinance
SLV,2026-06-18T23:48:29Z,59.51,61.78,USD,yfinance
SLV,2026-06-19T23:01:48Z,59.51,61.78,USD,yfinance
SLV,2026-06-22T23:23:30Z,58.91,59.0775,USD,yfinance
SLV,2026-06-23T23:11:20Z,55.73,58.7485,USD,yfinance
SLV,2026-06-24T23:07:23Z,51.78,55.7,USD,yfinance
SLV,2026-06-25T23:21:57Z,52.36,52.1899,USD,yfinance
SLV,2026-06-26T23:10:17Z,53.28,52.27,USD,yfinance
SLV,2026-06-29T23:02:13Z,52.68,53.5,USD,yfinance
SLV,2026-06-30T23:17:10Z,53.47,52.83,USD,yfinance
SLV,2026-07-01T23:19:08Z,53.58,52.82,USD,yfinance
SLV,2026-07-02T23:11:29Z,55.02,53.42,USD,yfinance
SLV,2026-07-03T23:07:55Z,55.02,53.42,USD,yfinance
SLV,2026-07-06T23:11:47Z,56.11,55.2,USD,yfinance
SLV,2026-07-07T23:05:13Z,54.46,55.86,USD,yfinance
SLV,2026-07-08T23:11:13Z,52.83,53.94,USD,yfinance
SLV,2026-07-09T23:14:46Z,54.14,52.801,USD,yfinance
SLV,2026-07-10T23:01:39Z,53.95,54.2605,USD,yfinance
SLV,2026-07-11T20:53:46Z,53.95,54.2605,USD,yfinance
SLV,2026-07-13T22:58:05Z,52.16,54.14,USD,yfinance
SLV,2026-07-14T22:59:30Z,53.17,52.07,USD,yfinance
SLV,2026-07-15T23:01:45Z,52.21,53.179,USD,yfinance
SLV,2026-07-16T23:01:05Z,50.39,52.26,USD,yfinance
SLV,2026-07-17T22:54:10Z,50.78,50.25,USD,yfinance
SLV,2026-07-20T23:04:20Z,50.98,50.61,USD,yfinance
SLV,2026-07-21T23:01:44Z,53.08,50.94,USD,yfinance
SLV,2026-07-22T23:08:21Z,53.92,53.2015,USD,yfinance
SLV,2026-07-23T23:00:12Z,52.06,53.96,USD,yfinance
SLV,2026-07-24T23:04:42Z,52.59,52.0015,USD,yfinance
SLV,2026-07-27T23:05:59Z,52.93,52.6586,USD,yfinance
SLV,2026-07-28T23:03:24Z,51.7,52.7888,USD,yfinance
SLV,2026-07-29T23:02:00Z,51.77,51.7046,USD,yfinance
SLV,2026-07-30T23:11:38Z,53.5,52.6444,USD,yfinance
SLV,2026-07-31T23:04:58Z,52.36,53.45,USD,yfinance
SLV,2026-08-03T23:04:52Z,52.46,52.19,USD,yfinance
SLV,2026-08-04T23:06:42Z,53.84,52.61,USD,yfinance
SLV,2026-08-05T23:03:28Z,56.07,53.7708,USD,yfinance
SLV,2026-08-07T01:31:48Z,55.85,56.29,USD,yfinance
SLV,2026-08-07T22:39:45Z,57.5,55.7046,USD,yfinance
SLV,2026-08-10T20:10:37Z,59.43,57.72,USD,yfinance
SLV,2026-08-10T22:41:35Z,59.41,57.72,USD,yfinance
SLV,2026-08-11T22:46:37Z,58.55,59.46,USD,yfinance
SLV,2026-08-12T22:44:45Z,59.06,58.52,USD,yfinance
SLV,2026-08-13T16:00:35Z,58.45,58.97,USD,yfinance
SLV,2026-08-13T22:45:53Z,58.16,58.97,USD,yfinance
SLV,2026-08-14T22:27:12Z,58.48,58.34,USD,yfinance
SLV,2026-08-17T22:28:37Z,59.57,58.645,USD,yfinance
SLV,2026-08-18T22:27:17Z,57.44,59.6199,USD,yfinance
SLV,2026-08-19T22:28:40Z,60.01,56.94,USD,yfinance
SLV,2026-08-20T22:31:36Z,61.66,60.48,USD,yfinance
SLV,2026-08-21T22:29:08Z,62.72,61.6598,USD,yfinance
SLV,2026-08-24T22:30:10Z,62.2,62.5097,USD,yfinance
SLV,2026-08-25T22:31:24Z,62.32,62.9442,USD,yfinance
SLV,2026-08-27T03:01:27Z,61.59,62.14,USD,yfinance
SLV,2026-08-27T20:20:17Z,62.77,62.2503,USD,yfinance
SLV,2026-08-27T22:02:42Z,62.77,62.2503,USD,yfinance
SLV,2026-08-28T06:01:57Z,62.77,62.2503,USD,yfinance
SLV,2026-08-28T22:02:54Z,60.02,62.48,USD,yfinance
SLV,2026-08-29T03:35:51Z,60.02,62.48,USD,yfinance
SLV,2026-08-31T22:02:26Z,60.13,60.01,USD,yfinance
SLV,2026-09-01T01:05:14Z,60.13,60.01,USD,yfinance
SLV,2026-09-01T22:02:36Z,57.92,60.1507,USD,yfinance
SLV,2026-09-01T23:53:45Z,57.92,60.1507,USD,yfinance
SLV,2026-09-02T04:00:27Z,57.92,60.1507,USD,yfinance
SLV,2026-09-02T04:05:55Z,57.92,60.1507,USD,yfinance
SLV,2026-09-02T22:02:35Z,59.07,57.85,USD,yfinance
SLV,2026-09-02T23:56:17Z,59.07,57.85,USD,yfinance
SLV,2026-09-03T22:02:32Z,60.55,59.04,USD,yfinance
SLV,2026-09-03T23:52:45Z,60.55,59.04,USD,yfinance
SLV,2026-09-04T22:03:02Z,59.82,60.5001,USD,yfinance
SLX,2026-09-02T16:44:27Z,109.425,108.3381,USD,yfinance
SLX,2026-09-02T22:03:30Z,110.257,108.3381,USD,yfinance
SLX,2026-09-02T23:57:18Z,110.257,108.3381,USD,yfinance
SLX,2026-09-03T22:03:27Z,110.85,110.2566,USD,yfinance
SLX,2026-09-03T23:53:46Z,110.85,110.2566,USD,yfinance
SLX,2026-09-04T22:04:14Z,110.99,110.8502,USD,yfinance
SMH,2026-06-18T18:51:51Z,659.735,636.01,USD,yfinance
SMH,2026-06-18T23:49:35Z,659.88,636.01,USD,yfinance
SMH,2026-06-19T23:02:54Z,659.88,636.01,USD,yfinance
SMH,2026-06-22T23:24:35Z,668.91,660.93,USD,yfinance
SMH,2026-06-23T23:12:42Z,622.05,666.048,USD,yfinance
SMH,2026-06-24T23:08:30Z,618.92,624.9596,USD,yfinance
SMH,2026-06-25T23:23:05Z,636.88,647.2,USD,yfinance
SMH,2026-06-26T23:11:42Z,611.61,632.3995,USD,yfinance
SMH,2026-06-29T23:03:36Z,631.98,609.4,USD,yfinance
SMH,2026-06-30T23:18:32Z,655.89,633.0,USD,yfinance
SMH,2026-07-01T23:20:15Z,620.46,657.0,USD,yfinance
SMH,2026-07-02T23:12:36Z,592.29,621.0,USD,yfinance
SMH,2026-07-03T23:09:01Z,592.29,621.0,USD,yfinance
SMH,2026-07-06T23:12:58Z,604.3,594.2499,USD,yfinance
SMH,2026-07-07T23:06:25Z,581.45,600.96,USD,yfinance
SMH,2026-07-08T23:12:21Z,593.0,575.9,USD,yfinance
SMH,2026-07-09T23:16:01Z,607.73,595.0,USD,yfinance
SMH,2026-07-10T23:02:53Z,611.03,608.79,USD,yfinance
SMH,2026-07-11T20:54:57Z,611.03,608.79,USD,yfinance
SMH,2026-07-13T22:59:12Z,585.62,613.0,USD,yfinance
SMH,2026-07-14T23:00:45Z,600.31,583.88,USD,yfinance
SMH,2026-07-15T23:01:59Z,590.77,604.0,USD,yfinance
SMH,2026-07-16T23:01:19Z,568.92,589.0,USD,yfinance
SMH,2026-07-17T22:54:22Z,556.53,564.53,USD,yfinance
SMH,2026-07-20T23:04:30Z,558.83,555.97,USD,yfinance
SMH,2026-07-21T23:01:57Z,584.08,559.9,USD,yfinance
SMH,2026-07-22T23:08:31Z,586.91,585.0,USD,yfinance
SMH,2026-07-23T23:00:25Z,580.17,589.41,USD,yfinance
SMH,2026-07-24T23:04:53Z,561.19,582.5,USD,yfinance
SMH,2026-07-27T23:06:09Z,548.55,560.8,USD,yfinance
SMH,2026-07-28T23:03:34Z,529.6,546.59,USD,yfinance
SMH,2026-07-29T23:02:11Z,504.22,531.0,USD,yfinance
SMH,2026-07-30T23:11:50Z,538.9,506.4,USD,yfinance
SMH,2026-07-31T23:05:09Z,540.53,550.74,USD,yfinance
SMH,2026-08-03T23:05:02Z,545.46,539.3,USD,yfinance
SMH,2026-08-04T23:06:52Z,575.71,549.4999,USD,yfinance
SMH,2026-08-05T23:03:38Z,569.7,572.28,USD,yfinance
SMH,2026-08-07T01:31:58Z,571.48,570.0,USD,yfinance
SMH,2026-08-07T22:39:55Z,582.7,575.0,USD,yfinance
SMH,2026-08-10T20:10:54Z,569.41,583.49,USD,yfinance
SMH,2026-08-10T22:42:00Z,569.41,583.49,USD,yfinance
SMH,2026-08-11T22:46:59Z,572.93,570.6,USD,yfinance
SMH,2026-08-12T22:45:07Z,584.83,573.75,USD,yfinance
SMH,2026-08-13T16:00:55Z,592.79,585.03,USD,yfinance
SMH,2026-08-13T22:46:10Z,589.12,585.03,USD,yfinance
SMH,2026-08-14T22:27:32Z,587.82,590.4499,USD,yfinance
SMH,2026-08-17T22:28:58Z,594.07,587.0658,USD,yfinance
SMH,2026-08-18T22:27:37Z,569.77,595.0,USD,yfinance
SMH,2026-08-19T22:29:02Z,560.92,566.97,USD,yfinance
SMH,2026-08-20T22:32:01Z,562.65,565.48,USD,yfinance
SMH,2026-08-21T22:29:37Z,560.42,562.7038,USD,yfinance
SMH,2026-08-24T22:30:35Z,546.8,559.6,USD,yfinance
SMH,2026-08-25T22:31:50Z,555.82,544.7,USD,yfinance
SMH,2026-08-27T03:01:52Z,555.77,556.03,USD,yfinance
SMH,2026-08-27T20:20:57Z,573.0,570.16,USD,yfinance
SMH,2026-08-27T22:03:24Z,573.0,570.16,USD,yfinance
SMH,2026-08-28T06:02:35Z,573.0,570.16,USD,yfinance
SMH,2026-08-28T22:03:42Z,553.11,567.6,USD,yfinance
SMH,2026-08-29T03:36:34Z,553.11,567.6,USD,yfinance
SMH,2026-08-31T22:03:03Z,556.63,553.6,USD,yfinance
SMH,2026-09-01T01:05:47Z,556.63,553.6,USD,yfinance
SMH,2026-09-01T22:03:19Z,545.22,556.0,USD,yfinance
SMH,2026-09-01T23:54:28Z,545.22,556.0,USD,yfinance
SMH,2026-09-02T04:01:04Z,545.22,556.0,USD,yfinance
SMH,2026-09-02T04:06:35Z,545.22,556.0,USD,yfinance
SMH,2026-09-02T22:04:49Z,550.48,544.88,USD,yfinance
SMH,2026-09-02T23:58:45Z,550.48,544.88,USD,yfinance
SMH,2026-09-03T22:04:47Z,552.6,550.8181,USD,yfinance
SMH,2026-09-03T23:55:13Z,552.6,550.8181,USD,yfinance
SMH,2026-09-04T22:05:59Z,567.01,553.5,USD,yfinance
SNDK,2026-06-18T18:51:05Z,2169.6599,2009.99,USD,yfinance
SNDK,2026-06-18T23:48:54Z,2184.75,2009.99,USD,yfinance
SNDK,2026-06-19T23:02:13Z,2184.75,2009.99,USD,yfinance
SNDK,2026-06-22T23:23:55Z,2273.73,2209.28,USD,yfinance
SNDK,2026-06-23T23:11:51Z,1963.6,2264.9968,USD,yfinance
SNDK,2026-06-24T23:07:49Z,1914.46,1985.6,USD,yfinance
SNDK,2026-06-25T23:22:23Z,2335.0,2150.02,USD,yfinance
SNDK,2026-06-26T23:10:50Z,2090.71,2316.955,USD,yfinance
SNDK,2026-06-29T23:02:43Z,2050.3899,2109.01,USD,yfinance
SNDK,2026-06-30T23:17:41Z,2273.73,2061.7058,USD,yfinance
SNDK,2026-07-01T23:19:33Z,2032.22,2247.0,USD,yfinance
SNDK,2026-07-02T23:11:55Z,1745.0,2014.2,USD,yfinance
SNDK,2026-07-03T23:08:20Z,1745.0,2014.2,USD,yfinance
SNDK,2026-07-06T23:12:14Z,1744.4301,1762.065,USD,yfinance
SNDK,2026-07-07T23:05:41Z,1617.7,1689.5625,USD,yfinance
SNDK,2026-07-08T23:11:38Z,1727.1801,1579.0,USD,yfinance
SNDK,2026-07-09T23:15:14Z,1858.27,1746.0,USD,yfinance
SNDK,2026-07-10T23:02:07Z,1915.92,1887.99,USD,yfinance
SNDK,2026-07-11T20:54:12Z,1915.92,1887.99,USD,yfinance
SNDK,2026-07-13T22:58:30Z,1673.97,1935.0,USD,yfinance
SNDK,2026-07-14T22:59:59Z,1757.8199,1633.1742,USD,yfinance
SNDK,2026-07-15T23:00:32Z,1615.0,1767.0,USD,yfinance
SNDK,2026-07-16T22:59:57Z,1411.08,1575.0,USD,yfinance
SNDK,2026-07-17T22:53:06Z,1354.8199,1366.0,USD,yfinance
SNDK,2026-07-20T23:03:28Z,1390.95,1350.2085,USD,yfinance
SNDK,2026-07-21T23:00:39Z,1589.4,1408.24,USD,yfinance
SNDK,2026-07-22T23:07:29Z,1599.27,1633.6816,USD,yfinance
SNDK,2026-07-23T22:59:07Z,1610.33,1620.0,USD,yfinance
SNDK,2026-07-24T23:03:52Z,1436.5601,1615.99,USD,yfinance
SNDK,2026-07-27T23:05:09Z,1278.23,1433.01,USD,yfinance
SNDK,2026-07-28T23:02:35Z,1096.1,1246.539,USD,yfinance
SNDK,2026-07-29T23:01:08Z,1015.89,1118.77,USD,yfinance
SNDK,2026-07-30T23:10:40Z,1279.96,1008.7543,USD,yfinance
SNDK,2026-07-31T23:04:01Z,1214.83,1354.0001,USD,yfinance
SNDK,2026-08-03T23:04:00Z,1288.03,1205.0001,USD,yfinance
SNDK,2026-08-04T23:05:49Z,1427.62,1329.31,USD,yfinance
SNDK,2026-08-05T23:02:37Z,1350.5,1437.1423,USD,yfinance
SNDK,2026-08-07T01:30:56Z,1258.58,1243.0,USD,yfinance
SNDK,2026-08-07T22:38:55Z,1212.21,1274.875,USD,yfinance
SNDK,2026-08-10T20:09:48Z,1237.92,1219.9888,USD,yfinance
SNDK,2026-08-10T22:40:27Z,1237.92,1219.9888,USD,yfinance
SNDK,2026-08-11T22:45:34Z,1271.05,1234.5782,USD,yfinance
SNDK,2026-08-12T22:43:40Z,1344.29,1277.97,USD,yfinance
SNDK,2026-08-13T15:59:35Z,1539.915,1361.0001,USD,yfinance
SNDK,2026-08-13T22:45:01Z,1528.11,1361.0001,USD,yfinance
SNDK,2026-08-14T22:26:18Z,1641.11,1569.8365,USD,yfinance
SNDK,2026-08-17T22:27:44Z,1786.85,1658.0,USD,yfinance
SNDK,2026-08-18T22:26:22Z,1625.78,1804.0,USD,yfinance
SNDK,2026-08-19T22:27:45Z,1568.87,1588.0,USD,yfinance
SNDK,2026-08-20T22:30:36Z,1600.62,1604.0839,USD,yfinance
SNDK,2026-08-21T22:28:02Z,1596.08,1578.1,USD,yfinance
SNDK,2026-08-24T22:29:11Z,1493.12,1593.2,USD,yfinance
SNDK,2026-08-25T22:30:26Z,1480.77,1473.51,USD,yfinance
SNDK,2026-08-27T03:00:31Z,1499.37,1477.25,USD,yfinance
SNDK,2026-08-27T20:19:15Z,1484.95,1555.0751,USD,yfinance
SNDK,2026-08-27T22:01:39Z,1484.95,1555.0751,USD,yfinance
SNDK,2026-08-28T06:00:55Z,1484.95,1555.0751,USD,yfinance
SNDK,2026-08-28T22:01:44Z,1484.98,1464.42,USD,yfinance
SNDK,2026-08-29T03:34:44Z,1484.98,1464.42,USD,yfinance
SNDK,2026-08-31T22:01:29Z,1566.7,1483.4244,USD,yfinance
SNDK,2026-09-01T01:04:22Z,1566.7,1483.4244,USD,yfinance
SNDK,2026-09-01T22:01:33Z,1536.87,1550.65,USD,yfinance
SNDK,2026-09-01T23:52:46Z,1536.87,1550.65,USD,yfinance
SNDK,2026-09-02T03:59:34Z,1536.87,1550.65,USD,yfinance
SNDK,2026-09-02T04:04:59Z,1536.87,1550.65,USD,yfinance
SNDK,2026-09-02T22:01:34Z,1553.4,1532.0001,USD,yfinance
SNDK,2026-09-02T23:55:10Z,1553.4,1532.0001,USD,yfinance
SNDK,2026-09-03T22:01:31Z,1554.99,1546.141,USD,yfinance
SNDK,2026-09-03T23:51:37Z,1554.99,1546.141,USD,yfinance
SNDK,2026-09-04T22:01:42Z,1740.0,1549.4,USD,yfinance
SOXX,2026-08-14T02:36:35Z,550.74,547.9905,USD,yfinance
SOXX,2026-08-14T22:27:34Z,550.42,552.3,USD,yfinance
SOXX,2026-08-17T22:29:00Z,559.12,550.42,USD,yfinance
SOXX,2026-08-18T22:27:38Z,531.39,560.69,USD,yfinance
SOXX,2026-08-19T22:29:03Z,519.67,527.15,USD,yfinance
SOXX,2026-08-20T22:32:03Z,522.35,525.0,USD,yfinance
SOXX,2026-08-21T22:29:39Z,520.05,521.5,USD,yfinance
SOXX,2026-08-24T22:30:37Z,506.18,519.52,USD,yfinance
SOXX,2026-08-25T22:31:51Z,514.06,505.5,USD,yfinance
SOXX,2026-08-27T03:01:53Z,515.4,514.05,USD,yfinance
SOXX,2026-08-27T20:20:58Z,525.43,528.2646,USD,yfinance
SOXX,2026-08-27T22:03:26Z,525.43,528.2646,USD,yfinance
SOXX,2026-08-28T06:02:37Z,525.43,528.2646,USD,yfinance
SOXX,2026-08-28T22:03:44Z,508.62,520.8087,USD,yfinance
SOXX,2026-08-29T03:36:35Z,508.62,520.8087,USD,yfinance
SOXX,2026-08-31T22:03:04Z,511.04,508.8,USD,yfinance
SOXX,2026-09-01T01:05:48Z,511.04,508.8,USD,yfinance
SOXX,2026-09-01T22:03:21Z,500.31,511.0,USD,yfinance
SOXX,2026-09-01T23:54:29Z,500.31,511.0,USD,yfinance
SOXX,2026-09-02T04:01:05Z,500.31,511.0,USD,yfinance
SOXX,2026-09-02T04:06:36Z,500.31,511.0,USD,yfinance
SOXX,2026-09-02T22:04:50Z,501.44,499.0254,USD,yfinance
SOXX,2026-09-02T23:58:46Z,501.44,499.0254,USD,yfinance
SOXX,2026-09-03T22:04:49Z,502.2,501.9,USD,yfinance
SOXX,2026-09-03T23:55:14Z,502.2,501.9,USD,yfinance
SOXX,2026-09-04T22:06:00Z,519.86,501.8659,USD,yfinance
SPCX,2026-07-15T17:51:50Z,135.3294,137.1,USD,yfinance
SPCX,2026-07-15T23:01:53Z,135.27,137.1,USD,yfinance
SPCX,2026-07-16T23:01:14Z,131.11,135.88,USD,yfinance
SPCX,2026-07-17T22:54:18Z,123.99,127.0,USD,yfinance
SPCX,2026-07-20T23:04:27Z,119.85,124.1415,USD,yfinance
SPCX,2026-07-21T23:01:52Z,123.54,120.3092,USD,yfinance
SPCX,2026-07-22T23:08:28Z,115.26,125.0,USD,yfinance
SPCX,2026-07-23T23:00:20Z,118.24,115.99,USD,yfinance
SPCX,2026-07-24T23:04:49Z,115.07,116.15,USD,yfinance
SPCX,2026-07-27T23:06:05Z,113.5,113.37,USD,yfinance
SPCX,2026-07-28T23:03:31Z,116.41,112.22,USD,yfinance
SPCX,2026-07-29T23:02:07Z,112.55,116.6,USD,yfinance
SPCX,2026-07-30T23:11:45Z,112.2,113.11,USD,yfinance
SPCX,2026-07-31T23:05:05Z,108.37,112.78,USD,yfinance
SPCX,2026-08-03T23:04:58Z,114.53,107.77,USD,yfinance
SPCX,2026-08-04T23:06:48Z,125.33,115.09,USD,yfinance
SPCX,2026-08-05T23:03:34Z,108.27,115.97,USD,yfinance
SPCX,2026-08-07T01:31:54Z,114.92,110.0184,USD,yfinance
SPCX,2026-08-07T22:39:51Z,133.11,114.49,USD,yfinance
SPCX,2026-08-10T20:10:51Z,138.74,134.11,USD,yfinance
SPCX,2026-08-10T22:41:55Z,138.74,134.11,USD,yfinance
SPCX,2026-08-11T22:46:54Z,133.29,136.6861,USD,yfinance
SPCX,2026-08-12T22:45:02Z,146.15,132.9807,USD,yfinance
SPCX,2026-08-13T16:00:50Z,141.145,146.7,USD,yfinance
SPCX,2026-08-13T22:46:06Z,141.29,146.7,USD,yfinance
SPCX,2026-08-14T22:27:27Z,140.0,142.0,USD,yfinance
SPCX,2026-08-17T22:28:53Z,146.23,140.5699,USD,yfinance
SPCX,2026-08-18T22:27:31Z,143.34,145.8985,USD,yfinance
SPCX,2026-08-19T22:28:57Z,139.65,142.3,USD,yfinance
SPCX,2026-08-20T22:31:55Z,134.0,139.42,USD,yfinance
SPCX,2026-08-21T22:29:28Z,136.97,133.3,USD,yfinance
SPCX,2026-08-24T22:30:27Z,135.0,136.7427,USD,yfinance
SPCX,2026-08-25T22:31:42Z,137.95,135.03,USD,yfinance
SPCX,2026-08-27T03:01:44Z,139.63,137.7967,USD,yfinance
SPCX,2026-08-27T20:20:48Z,140.87,140.51,USD,yfinance
SPCX,2026-08-27T22:03:14Z,140.87,140.51,USD,yfinance
SPCX,2026-08-28T06:02:27Z,140.87,140.51,USD,yfinance
SPCX,2026-08-28T22:03:33Z,141.5,140.1477,USD,yfinance
SPCX,2026-08-29T03:36:24Z,141.5,140.1477,USD,yfinance
SPCX,2026-08-31T22:02:55Z,143.69,140.9531,USD,yfinance
SPCX,2026-09-01T01:05:40Z,143.69,140.9531,USD,yfinance
SPCX,2026-09-01T22:03:06Z,142.23,143.5754,USD,yfinance
SPCX,2026-09-01T23:54:14Z,142.23,143.5754,USD,yfinance
SPCX,2026-09-02T04:00:52Z,142.23,143.5754,USD,yfinance
SPCX,2026-09-02T04:06:22Z,142.23,143.5754,USD,yfinance
SPCX,2026-09-02T22:03:01Z,140.71,142.15,USD,yfinance
SPCX,2026-09-02T23:56:47Z,140.71,142.15,USD,yfinance
SPCX,2026-09-03T22:02:59Z,149.74,140.51,USD,yfinance
SPCX,2026-09-03T23:53:15Z,149.74,140.51,USD,yfinance
SPCX,2026-09-04T22:03:38Z,147.95,150.12,USD,yfinance
SPY,2026-06-18T17:48:01Z,747.37,745.64,USD,yfinance
SPY,2026-06-18T18:02:29Z,746.89,745.64,USD,yfinance
SPY,2026-06-18T18:51:49Z,746.81,745.64,USD,yfinance
SPY,2026-06-18T23:49:34Z,746.74,745.64,USD,yfinance
SPY,2026-06-19T23:02:52Z,746.74,745.64,USD,yfinance
SPY,2026-06-22T23:24:34Z,744.39,746.94,USD,yfinance
SPY,2026-06-23T23:12:40Z,733.58,743.68,USD,yfinance
SPY,2026-06-24T23:08:29Z,733.24,735.02,USD,yfinance
SPY,2026-06-25T23:23:04Z,734.3,737.22,USD,yfinance
SPY,2026-06-26T23:11:41Z,728.99,732.89,USD,yfinance
SPY,2026-06-29T23:03:34Z,741.0,731.2006,USD,yfinance
SPY,2026-06-30T23:18:30Z,746.77,740.76,USD,yfinance
SPY,2026-07-01T23:20:14Z,745.76,746.3,USD,yfinance
SPY,2026-07-02T23:12:35Z,744.78,744.97,USD,yfinance
SPY,2026-07-03T23:09:00Z,744.78,744.97,USD,yfinance
SPY,2026-07-06T23:12:57Z,751.28,745.7383,USD,yfinance
SPY,2026-07-07T23:06:24Z,747.71,750.66,USD,yfinance
SPY,2026-07-08T23:12:20Z,745.4,746.155,USD,yfinance
SPY,2026-07-09T23:15:59Z,751.71,745.34,USD,yfinance
SPY,2026-07-10T23:02:52Z,754.95,751.4386,USD,yfinance
SPY,2026-07-11T20:54:55Z,754.95,751.4386,USD,yfinance
SPY,2026-07-13T22:59:10Z,749.17,754.89,USD,yfinance
SPY,2026-07-14T23:00:43Z,751.83,748.13,USD,yfinance
SPY,2026-07-15T23:01:55Z,754.81,753.1,USD,yfinance
SPY,2026-07-16T23:01:15Z,750.72,754.68,USD,yfinance
SPY,2026-07-17T22:54:19Z,743.29,749.1675,USD,yfinance
SPY,2026-07-20T23:04:28Z,742.09,742.4861,USD,yfinance
SPY,2026-07-21T23:01:54Z,748.28,742.155,USD,yfinance
SPY,2026-07-22T23:08:29Z,747.41,748.059,USD,yfinance
SPY,2026-07-23T23:00:22Z,738.18,746.68,USD,yfinance
SPY,2026-07-24T23:04:50Z,738.93,738.7404,USD,yfinance
SPY,2026-07-27T23:06:07Z,739.09,738.66,USD,yfinance
SPY,2026-07-28T23:03:32Z,740.86,738.9277,USD,yfinance
SPY,2026-07-29T23:02:09Z,729.46,743.62,USD,yfinance
SPY,2026-07-30T23:11:47Z,741.69,732.39,USD,yfinance
SPY,2026-07-31T23:05:06Z,747.03,743.33,USD,yfinance
SPY,2026-08-03T23:05:00Z,757.67,744.21,USD,yfinance
SPY,2026-08-04T23:06:49Z,771.33,758.3615,USD,yfinance
SPY,2026-08-05T23:03:36Z,769.79,772.57,USD,yfinance
SPY,2026-08-07T01:31:56Z,768.56,771.1,USD,yfinance
SPY,2026-08-07T22:39:53Z,773.26,768.9997,USD,yfinance
SPY,2026-08-10T20:10:52Z,773.05,773.3975,USD,yfinance
SPY,2026-08-10T22:41:57Z,773.03,773.3975,USD,yfinance
SPY,2026-08-11T22:46:55Z,770.56,772.45,USD,yfinance
SPY,2026-08-12T22:45:04Z,772.49,770.9805,USD,yfinance
SPY,2026-08-13T16:00:52Z,775.67,772.3,USD,yfinance
SPY,2026-08-13T22:46:08Z,777.88,772.3,USD,yfinance
SPY,2026-08-14T22:27:28Z,776.34,778.12,USD,yfinance
SPY,2026-08-17T22:28:55Z,772.67,775.98,USD,yfinance
SPY,2026-08-18T22:27:33Z,767.45,772.65,USD,yfinance
SPY,2026-08-19T22:28:58Z,769.06,767.0793,USD,yfinance
SPY,2026-08-20T22:31:57Z,762.6,770.0114,USD,yfinance
SPY,2026-08-21T22:29:33Z,765.72,762.86,USD,yfinance
SPY,2026-08-24T22:30:31Z,763.47,767.0,USD,yfinance
SPY,2026-08-25T22:31:46Z,765.91,763.6496,USD,yfinance
SPY,2026-08-27T03:01:47Z,766.08,764.94,USD,yfinance
SPY,2026-08-27T20:20:52Z,771.1,770.6255,USD,yfinance
SPY,2026-08-27T22:03:18Z,771.1,770.6255,USD,yfinance
SPY,2026-08-28T06:02:31Z,771.1,770.6255,USD,yfinance
SPY,2026-08-28T22:03:37Z,769.35,769.79,USD,yfinance
SPY,2026-08-29T03:36:29Z,769.35,769.79,USD,yfinance
SPY,2026-08-31T22:02:59Z,767.05,769.35,USD,yfinance
SPY,2026-09-01T01:05:44Z,767.05,769.35,USD,yfinance
SPY,2026-09-01T22:03:15Z,761.78,767.5499,USD,yfinance
SPY,2026-09-01T23:54:24Z,761.78,767.5499,USD,yfinance
SPY,2026-09-02T04:01:00Z,761.78,767.5499,USD,yfinance
SPY,2026-09-02T04:06:31Z,761.78,767.5499,USD,yfinance
SPY,2026-09-02T22:04:45Z,765.16,761.91,USD,yfinance
SPY,2026-09-02T23:58:40Z,765.16,761.91,USD,yfinance
SPY,2026-09-03T22:04:43Z,773.17,765.37,USD,yfinance
SPY,2026-09-03T23:55:08Z,773.17,765.37,USD,yfinance
SPY,2026-09-04T22:05:54Z,770.19,772.75,USD,yfinance
SSRM,2026-06-18T18:51:32Z,30.975,32.2334,USD,yfinance
SSRM,2026-06-18T23:49:17Z,30.95,32.2334,USD,yfinance
SSRM,2026-06-19T23:02:36Z,30.95,32.2334,USD,yfinance
SSRM,2026-06-22T23:24:18Z,30.72,31.66,USD,yfinance
SSRM,2026-06-23T23:12:20Z,29.26,30.4,USD,yfinance
SSRM,2026-06-24T23:08:13Z,28.35,29.7522,USD,yfinance
SSRM,2026-06-25T23:22:47Z,28.46,28.21,USD,yfinance
SSRM,2026-06-26T23:11:20Z,29.38,28.73,USD,yfinance
SSRM,2026-06-29T23:03:14Z,28.375,29.62,USD,yfinance
SSRM,2026-06-30T23:18:09Z,28.28,28.3501,USD,yfinance
SSRM,2026-07-01T23:19:57Z,28.83,28.7128,USD,yfinance
SSRM,2026-07-02T23:12:19Z,30.62,28.99,USD,yfinance
SSRM,2026-07-03T23:08:43Z,30.62,28.99,USD,yfinance
SSRM,2026-07-06T23:12:38Z,30.64,31.0,USD,yfinance
SSRM,2026-07-07T23:06:06Z,29.91,30.9242,USD,yfinance
SSRM,2026-07-08T23:12:02Z,28.2,29.5,USD,yfinance
SSRM,2026-07-09T23:15:41Z,29.15,28.099,USD,yfinance
SSRM,2026-07-10T23:02:33Z,28.58,29.15,USD,yfinance
SSRM,2026-07-11T20:54:37Z,28.58,29.15,USD,yfinance
SSRM,2026-07-13T22:58:54Z,27.89,28.7044,USD,yfinance
SSRM,2026-07-14T23:00:25Z,27.81,27.8,USD,yfinance
SSRM,2026-07-15T23:01:25Z,27.25,27.8321,USD,yfinance
SSRM,2026-07-16T23:00:46Z,25.89,27.31,USD,yfinance
SSRM,2026-07-17T22:53:52Z,25.57,26.0,USD,yfinance
SSRM,2026-07-20T23:04:06Z,25.05,25.5217,USD,yfinance
SSRM,2026-07-21T23:01:26Z,27.21,25.48,USD,yfinance
SSRM,2026-07-22T23:08:07Z,28.08,27.3,USD,yfinance
SSRM,2026-07-23T22:59:54Z,27.2,28.05,USD,yfinance
SSRM,2026-07-24T23:04:29Z,26.86,27.2,USD,yfinance
SSRM,2026-07-27T23:05:45Z,26.29,26.99,USD,yfinance
SSRM,2026-07-28T23:03:11Z,25.41,26.4001,USD,yfinance
SSRM,2026-07-29T23:01:46Z,25.01,25.43,USD,yfinance
SSRM,2026-07-30T23:11:22Z,26.68,25.52,USD,yfinance
SSRM,2026-07-31T23:04:42Z,25.62,26.68,USD,yfinance
SSRM,2026-08-03T23:04:37Z,26.99,25.82,USD,yfinance
SSRM,2026-08-04T23:06:27Z,26.58,27.25,USD,yfinance
SSRM,2026-08-05T23:03:14Z,29.0,25.7697,USD,yfinance
SSRM,2026-08-07T01:31:33Z,28.77,29.4542,USD,yfinance
SSRM,2026-08-07T22:39:31Z,31.78,28.75,USD,yfinance
SSRM,2026-08-10T20:10:24Z,31.4,31.8401,USD,yfinance
SSRM,2026-08-10T22:41:15Z,31.4,31.8401,USD,yfinance
SSRM,2026-08-11T22:46:19Z,31.97,31.3484,USD,yfinance
SSRM,2026-08-12T22:44:26Z,32.52,31.68,USD,yfinance
SSRM,2026-08-13T16:00:19Z,31.81,32.15,USD,yfinance
SSRM,2026-08-13T22:45:38Z,31.83,32.15,USD,yfinance
SSRM,2026-08-14T22:26:57Z,32.19,31.72,USD,yfinance
SSRM,2026-08-17T22:28:23Z,32.78,32.0,USD,yfinance
SSRM,2026-08-18T22:27:03Z,31.69,33.25,USD,yfinance
SSRM,2026-08-19T22:28:25Z,35.38,31.73,USD,yfinance
SSRM,2026-08-20T22:31:20Z,36.83,35.75,USD,yfinance
SSRM,2026-08-21T22:28:52Z,37.77,36.87,USD,yfinance
SSRM,2026-08-24T22:29:54Z,38.61,37.86,USD,yfinance
SSRM,2026-08-25T22:31:10Z,39.21,38.78,USD,yfinance
SSRM,2026-08-27T03:01:13Z,38.09,39.3549,USD,yfinance
SSRM,2026-08-27T20:20:02Z,39.01,38.6802,USD,yfinance
SSRM,2026-08-27T22:02:26Z,39.01,38.6802,USD,yfinance
SSRM,2026-08-28T06:01:41Z,39.01,38.6802,USD,yfinance
SSRM,2026-08-28T22:02:36Z,37.29,38.82,USD,yfinance
SSRM,2026-08-29T03:35:33Z,37.29,38.82,USD,yfinance
SSRM,2026-08-31T22:02:12Z,37.61,37.06,USD,yfinance
SSRM,2026-09-01T01:05:01Z,37.61,37.06,USD,yfinance
SSRM,2026-09-01T22:02:20Z,35.83,37.7175,USD,yfinance
SSRM,2026-09-01T23:53:30Z,35.83,37.7175,USD,yfinance
SSRM,2026-09-02T04:00:13Z,35.83,37.7175,USD,yfinance
SSRM,2026-09-02T04:05:41Z,35.83,37.7175,USD,yfinance
SSRM,2026-09-02T22:02:21Z,37.75,36.35,USD,yfinance
SSRM,2026-09-02T23:56:02Z,37.75,36.35,USD,yfinance
SSRM,2026-09-03T22:02:18Z,38.89,37.36,USD,yfinance
SSRM,2026-09-03T23:52:30Z,38.89,37.36,USD,yfinance
SSRM,2026-09-04T22:02:44Z,37.15,38.5,USD,yfinance
STM,2026-09-02T13:38:30Z,50.205,49.26,USD,yfinance
STM,2026-09-02T22:01:21Z,50.71,49.26,USD,yfinance
STM,2026-09-02T23:54:54Z,50.71,49.26,USD,yfinance
STM,2026-09-03T22:01:17Z,51.28,50.72,USD,yfinance
STM,2026-09-03T23:51:21Z,51.28,50.72,USD,yfinance
STM,2026-09-04T22:01:23Z,52.24,51.5,USD,yfinance
TAN,2026-09-02T16:45:11Z,46.685,47.0,USD,yfinance
TAN,2026-09-02T22:04:16Z,47.27,47.0,USD,yfinance
TAN,2026-09-02T23:58:08Z,47.27,47.0,USD,yfinance
TAN,2026-09-03T22:04:14Z,47.72,47.27,USD,yfinance
TAN,2026-09-03T23:54:36Z,47.72,47.27,USD,yfinance
TAN,2026-09-04T22:05:15Z,48.04,47.6002,USD,yfinance
TENB,2026-08-27T20:16:13Z,37.62,36.0,USD,yfinance
TENB,2026-08-27T20:20:37Z,37.62,36.0,USD,yfinance
TENB,2026-08-27T22:03:02Z,37.62,36.0,USD,yfinance
TENB,2026-08-28T06:02:16Z,37.62,36.0,USD,yfinance
TENB,2026-08-28T22:03:19Z,37.67,37.759,USD,yfinance
TENB,2026-08-29T03:36:12Z,37.67,37.759,USD,yfinance
TENB,2026-08-31T22:02:44Z,38.15,37.7,USD,yfinance
TENB,2026-09-01T01:05:30Z,38.15,37.7,USD,yfinance
TENB,2026-09-01T22:02:55Z,35.47,38.73,USD,yfinance
TENB,2026-09-01T23:54:04Z,35.47,38.73,USD,yfinance
TENB,2026-09-02T04:00:43Z,35.47,38.73,USD,yfinance
TENB,2026-09-02T04:06:12Z,35.47,38.73,USD,yfinance
TENB,2026-09-02T22:02:51Z,34.24,35.4699,USD,yfinance
TENB,2026-09-02T23:56:36Z,34.24,35.4699,USD,yfinance
TENB,2026-09-03T22:02:49Z,34.49,34.76,USD,yfinance
TENB,2026-09-03T23:53:04Z,34.49,34.76,USD,yfinance
TENB,2026-09-04T22:03:25Z,34.25,34.4901,USD,yfinance
TFPM,2026-06-18T18:51:37Z,29.88,30.5137,USD,yfinance
TFPM,2026-06-18T23:49:22Z,30.05,30.5137,USD,yfinance
TFPM,2026-06-19T23:02:41Z,30.05,30.5137,USD,yfinance
TFPM,2026-06-22T23:24:22Z,29.86,30.06,USD,yfinance
TFPM,2026-06-23T23:12:26Z,28.8,29.0256,USD,yfinance
TFPM,2026-06-24T23:08:18Z,28.07,28.8,USD,yfinance
TFPM,2026-06-25T23:22:52Z,28.17,28.2,USD,yfinance
TFPM,2026-06-26T23:11:26Z,29.9,28.8001,USD,yfinance
TFPM,2026-06-29T23:03:20Z,30.11,31.5,USD,yfinance
TFPM,2026-06-30T23:18:16Z,29.97,30.86,USD,yfinance
TFPM,2026-07-01T23:20:03Z,30.18,30.35,USD,yfinance
TFPM,2026-07-02T23:12:24Z,31.49,30.0696,USD,yfinance
TFPM,2026-07-03T23:08:49Z,31.49,30.0696,USD,yfinance
TFPM,2026-07-06T23:12:45Z,30.08,32.11,USD,yfinance
TFPM,2026-07-07T23:06:12Z,29.18,30.468,USD,yfinance
TFPM,2026-07-08T23:12:07Z,27.7,29.0,USD,yfinance
TFPM,2026-07-09T23:15:47Z,28.51,27.7,USD,yfinance
TFPM,2026-07-10T23:02:39Z,28.1,28.6831,USD,yfinance
TFPM,2026-07-11T20:54:43Z,28.1,28.6831,USD,yfinance
TFPM,2026-07-13T22:58:59Z,27.59,28.0512,USD,yfinance
TFPM,2026-07-14T23:00:31Z,27.88,27.65,USD,yfinance
TFPM,2026-07-15T23:01:32Z,27.4,28.4182,USD,yfinance
TFPM,2026-07-16T23:00:53Z,27.16,27.89,USD,yfinance
TFPM,2026-07-17T22:53:59Z,27.36,27.23,USD,yfinance
TFPM,2026-07-20T23:04:11Z,27.39,27.46,USD,yfinance
TFPM,2026-07-21T23:01:33Z,28.52,27.9,USD,yfinance
TFPM,2026-07-22T23:08:12Z,29.22,28.52,USD,yfinance
TFPM,2026-07-23T23:00:01Z,28.72,28.97,USD,yfinance
TFPM,2026-07-24T23:04:34Z,29.03,29.01,USD,yfinance
TFPM,2026-07-27T23:05:50Z,29.04,29.1824,USD,yfinance
TFPM,2026-07-28T23:03:16Z,28.57,29.5371,USD,yfinance
TFPM,2026-07-29T23:01:51Z,28.7,28.9135,USD,yfinance
TFPM,2026-07-30T23:11:28Z,29.64,29.03,USD,yfinance
TFPM,2026-07-31T23:04:48Z,28.77,29.6,USD,yfinance
TFPM,2026-08-03T23:04:43Z,29.26,28.85,USD,yfinance
TFPM,2026-08-04T23:06:33Z,29.9,29.5,USD,yfinance
TFPM,2026-08-05T23:03:19Z,31.27,29.9,USD,yfinance
TFPM,2026-08-07T01:31:39Z,32.11,31.2325,USD,yfinance
TFPM,2026-08-07T22:39:36Z,32.62,31.7958,USD,yfinance
TFPM,2026-08-10T20:10:29Z,31.995,32.96,USD,yfinance
TFPM,2026-08-10T22:41:23Z,32.0,32.96,USD,yfinance
TFPM,2026-08-11T22:46:26Z,31.98,32.02,USD,yfinance
TFPM,2026-08-12T22:44:33Z,32.25,31.66,USD,yfinance
TFPM,2026-08-13T16:00:25Z,31.42,32.17,USD,yfinance
TFPM,2026-08-13T22:45:44Z,31.3,32.17,USD,yfinance
TFPM,2026-08-14T22:27:03Z,31.47,31.3,USD,yfinance
TFPM,2026-08-17T22:28:28Z,31.64,31.0852,USD,yfinance
TFPM,2026-08-18T22:27:08Z,30.76,32.16,USD,yfinance
TFPM,2026-08-19T22:28:30Z,32.73,30.75,USD,yfinance
TFPM,2026-08-20T22:31:26Z,33.29,33.15,USD,yfinance
TFPM,2026-08-21T22:28:58Z,33.79,33.28,USD,yfinance
TFPM,2026-08-24T22:30:00Z,34.7,33.96,USD,yfinance
TFPM,2026-08-25T22:31:15Z,35.7,35.0,USD,yfinance
TFPM,2026-08-27T03:01:18Z,34.98,35.9262,USD,yfinance
TFPM,2026-08-27T20:20:07Z,35.02,35.3,USD,yfinance
TFPM,2026-08-27T22:02:32Z,35.02,35.3,USD,yfinance
TFPM,2026-08-28T06:01:47Z,35.02,35.3,USD,yfinance
TFPM,2026-08-28T22:02:43Z,34.0,34.75,USD,yfinance
TFPM,2026-08-29T03:35:39Z,34.0,34.75,USD,yfinance
TFPM,2026-08-31T22:02:17Z,33.7,34.5,USD,yfinance
TFPM,2026-09-01T01:05:05Z,33.7,34.5,USD,yfinance
TFPM,2026-09-01T22:02:26Z,32.65,34.4,USD,yfinance
TFPM,2026-09-01T23:53:36Z,32.65,34.4,USD,yfinance
TFPM,2026-09-02T04:00:18Z,32.65,34.4,USD,yfinance
TFPM,2026-09-02T04:05:46Z,32.65,34.4,USD,yfinance
TFPM,2026-09-02T22:02:26Z,34.1,32.65,USD,yfinance
TFPM,2026-09-02T23:56:07Z,34.1,32.65,USD,yfinance
TFPM,2026-09-03T22:02:23Z,34.55,33.7,USD,yfinance
TFPM,2026-09-03T23:52:36Z,34.55,33.7,USD,yfinance
TFPM,2026-09-04T22:02:50Z,33.92,34.7,USD,yfinance
THNQ,2026-06-18T18:51:43Z,89.005,88.75,USD,yfinance
THNQ,2026-06-18T23:49:28Z,89.48,88.75,USD,yfinance
THNQ,2026-06-19T23:02:46Z,89.48,88.75,USD,yfinance
THNQ,2026-06-22T23:24:27Z,89.31,91.99,USD,yfinance
THNQ,2026-06-23T23:12:33Z,86.41,89.21,USD,yfinance
THNQ,2026-06-24T23:08:23Z,85.72,86.45,USD,yfinance
THNQ,2026-06-25T23:22:58Z,86.01,85.77,USD,yfinance
THNQ,2026-06-26T23:11:32Z,85.34,86.01,USD,yfinance
THNQ,2026-06-29T23:03:26Z,88.45,85.5,USD,yfinance
THNQ,2026-06-30T23:18:22Z,91.21,88.7,USD,yfinance
THNQ,2026-07-01T23:20:08Z,90.4993,91.5,USD,yfinance
THNQ,2026-07-02T23:12:29Z,88.18,93.2,USD,yfinance
THNQ,2026-07-03T23:08:54Z,88.18,93.2,USD,yfinance
THNQ,2026-07-06T23:12:50Z,90.0329,88.18,USD,yfinance
THNQ,2026-07-07T23:06:17Z,87.16,90.0,USD,yfinance
THNQ,2026-07-08T23:12:13Z,87.88,87.1,USD,yfinance
THNQ,2026-07-09T23:15:53Z,89.9765,88.0,USD,yfinance
THNQ,2026-07-10T23:02:45Z,89.3164,89.9765,USD,yfinance
THNQ,2026-07-11T20:54:49Z,89.316,89.9765,USD,yfinance
THNQ,2026-07-13T22:59:04Z,87.27,94.36,USD,yfinance
THNQ,2026-07-14T23:00:36Z,88.1787,85.17,USD,yfinance
THNQ,2026-07-15T23:02:08Z,87.11,88.1787,USD,yfinance
THNQ,2026-07-16T23:01:27Z,84.62,87.11,USD,yfinance
THNQ,2026-07-17T22:54:30Z,83.71,83.86,USD,yfinance
THNQ,2026-07-20T23:04:37Z,84.2,84.15,USD,yfinance
THNQ,2026-07-21T23:02:05Z,85.78,84.2,USD,yfinance
THNQ,2026-07-22T23:08:38Z,85.13,85.78,USD,yfinance
THNQ,2026-07-23T23:00:33Z,83.99,85.0,USD,yfinance
THNQ,2026-07-24T23:04:59Z,81.8905,83.99,USD,yfinance
THNQ,2026-07-27T23:06:15Z,81.97,81.89,USD,yfinance
THNQ,2026-07-28T23:03:40Z,80.77,81.97,USD,yfinance
THNQ,2026-07-29T23:02:18Z,79.11,80.77,USD,yfinance
THNQ,2026-07-30T23:11:57Z,83.17,79.11,USD,yfinance
THNQ,2026-07-31T23:05:16Z,84.54,83.17,USD,yfinance
THNQ,2026-08-03T23:05:09Z,86.94,84.54,USD,yfinance
THNQ,2026-08-04T23:06:59Z,90.39,87.0,USD,yfinance
THNQ,2026-08-05T23:03:45Z,89.19,90.39,USD,yfinance
THNQ,2026-08-07T01:32:05Z,88.1822,89.19,USD,yfinance
THNQ,2026-08-07T22:40:02Z,90.54,88.151,USD,yfinance
THNQ,2026-08-10T20:11:00Z,91.21,90.54,USD,yfinance
THNQ,2026-08-10T22:42:09Z,90.9135,90.54,USD,yfinance
THNQ,2026-08-11T22:47:06Z,91.2744,91.21,USD,yfinance
THNQ,2026-08-12T22:45:15Z,92.7148,91.3,USD,yfinance
THNQ,2026-08-13T16:01:02Z,93.93,92.7125,USD,yfinance
THNQ,2026-08-13T22:46:17Z,94.38,92.7125,USD,yfinance
THNQ,2026-08-14T22:27:40Z,93.78,94.38,USD,yfinance
THNQ,2026-08-17T22:29:06Z,93.55,93.78,USD,yfinance
THNQ,2026-08-18T22:27:45Z,90.58,93.55,USD,yfinance
THNQ,2026-08-19T22:29:10Z,90.2813,90.58,USD,yfinance
THNQ,2026-08-20T22:32:10Z,89.97,90.6,USD,yfinance
THNQ,2026-08-21T22:29:46Z,90.888,89.97,USD,yfinance
THNQ,2026-08-24T22:30:44Z,88.8793,90.888,USD,yfinance
THNQ,2026-08-25T22:31:58Z,89.9028,88.8793,USD,yfinance
THNQ,2026-08-27T03:01:59Z,90.14,89.9028,USD,yfinance
THNQ,2026-08-27T20:21:05Z,92.85,90.14,USD,yfinance
THNQ,2026-08-27T22:03:34Z,92.85,90.14,USD,yfinance
THNQ,2026-08-28T06:02:43Z,92.85,90.14,USD,yfinance
THNQ,2026-08-28T22:03:52Z,90.9426,92.85,USD,yfinance
THNQ,2026-08-29T03:36:43Z,90.9426,92.85,USD,yfinance
THNQ,2026-08-31T22:03:10Z,91.0558,90.9426,USD,yfinance
THNQ,2026-09-01T01:05:55Z,91.0558,90.9426,USD,yfinance
THNQ,2026-09-01T22:03:28Z,88.33,91.0558,USD,yfinance
THNQ,2026-09-01T23:54:36Z,88.33,91.0558,USD,yfinance
THNQ,2026-09-02T04:01:11Z,88.33,91.0558,USD,yfinance
THNQ,2026-09-02T04:06:42Z,88.33,91.0558,USD,yfinance
THNQ,2026-09-02T22:04:56Z,87.73,88.3303,USD,yfinance
THNQ,2026-09-02T23:58:53Z,87.73,88.3303,USD,yfinance
THNQ,2026-09-03T22:04:55Z,89.4305,87.73,USD,yfinance
THNQ,2026-09-03T23:55:21Z,89.4305,87.73,USD,yfinance
THNQ,2026-09-04T22:06:09Z,90.25,94.33,USD,yfinance
TLN,2026-09-02T13:38:09Z,293.75,294.32,USD,yfinance
TLN,2026-09-02T22:04:25Z,302.03,294.32,USD,yfinance
TLN,2026-09-02T23:58:18Z,302.03,294.32,USD,yfinance
TLN,2026-09-03T22:04:23Z,305.52,303.0,USD,yfinance
TLN,2026-09-03T23:54:46Z,305.52,303.0,USD,yfinance
TLN,2026-09-04T22:05:27Z,317.0,305.9271,USD,yfinance
TLT,2026-08-25T13:54:54Z,83.04,82.6,USD,yfinance
TLT,2026-08-25T22:32:34Z,83.47,82.6,USD,yfinance
TLT,2026-08-27T03:02:35Z,83.3,83.46,USD,yfinance
TLT,2026-08-27T20:21:46Z,83.13,83.34,USD,yfinance
TLT,2026-08-27T22:04:13Z,83.13,83.34,USD,yfinance
TLT,2026-08-28T06:03:23Z,83.13,83.34,USD,yfinance
TLT,2026-08-28T22:04:37Z,82.88,83.1,USD,yfinance
TLT,2026-08-29T03:37:27Z,82.88,83.1,USD,yfinance
TLT,2026-08-31T22:03:47Z,82.52,82.942,USD,yfinance
TLT,2026-09-01T01:06:29Z,82.52,82.942,USD,yfinance
TLT,2026-09-01T22:04:07Z,81.87,82.3863,USD,yfinance
TLT,2026-09-01T23:55:13Z,81.87,82.3863,USD,yfinance
TLT,2026-09-02T04:01:44Z,81.87,82.3863,USD,yfinance
TLT,2026-09-02T04:07:18Z,81.87,82.3863,USD,yfinance
TLT,2026-09-02T22:05:31Z,81.95,81.83,USD,yfinance
TLT,2026-09-02T23:59:31Z,81.95,81.83,USD,yfinance
TLT,2026-09-03T22:05:31Z,82.07,81.95,USD,yfinance
TLT,2026-09-03T23:55:59Z,82.07,81.95,USD,yfinance
TLT,2026-09-04T22:06:54Z,82.21,82.135,USD,yfinance
TSM,2026-06-18T18:50:07Z,460.37,437.27,USD,yfinance
TSM,2026-06-18T23:48:00Z,462.12,437.27,USD,yfinance
TSM,2026-06-19T23:01:19Z,462.12,437.27,USD,yfinance
TSM,2026-06-22T23:23:02Z,467.67,462.34,USD,yfinance
TSM,2026-06-23T23:10:44Z,436.39,467.8,USD,yfinance
TSM,2026-06-24T23:06:54Z,440.83,440.49,USD,yfinance
TSM,2026-06-25T23:21:28Z,434.99,457.1264,USD,yfinance
TSM,2026-06-26T23:09:40Z,432.35,435.8,USD,yfinance
TSM,2026-06-29T23:01:36Z,455.1,431.36,USD,yfinance
TSM,2026-06-30T23:16:35Z,477.57,454.4689,USD,yfinance
TSM,2026-07-01T23:18:38Z,444.23,476.7,USD,yfinance
TSM,2026-07-02T23:10:59Z,434.16,448.42,USD,yfinance
TSM,2026-07-03T23:07:26Z,434.16,448.42,USD,yfinance
TSM,2026-07-06T23:11:16Z,451.79,437.6237,USD,yfinance
TSM,2026-07-07T23:04:42Z,432.57,450.35,USD,yfinance
TSM,2026-07-08T23:10:43Z,436.98,431.0,USD,yfinance
TSM,2026-07-09T23:14:11Z,436.96,438.4507,USD,yfinance
TSM,2026-07-10T23:01:07Z,434.11,439.3898,USD,yfinance
TSM,2026-07-11T20:53:14Z,434.11,439.3898,USD,yfinance
TSM,2026-07-13T22:57:37Z,421.58,435.7998,USD,yfinance
TSM,2026-07-14T22:58:59Z,420.39,422.978,USD,yfinance
TSM,2026-07-15T22:59:59Z,419.48,423.88,USD,yfinance
TSM,2026-07-16T22:59:27Z,409.74,423.48,USD,yfinance
TSM,2026-07-17T22:52:38Z,398.37,406.3465,USD,yfinance
TSM,2026-07-20T23:03:05Z,402.3,397.72,USD,yfinance
TSM,2026-07-21T23:00:11Z,424.61,403.24,USD,yfinance
TSM,2026-07-22T23:07:07Z,421.21,424.76,USD,yfinance
TSM,2026-07-23T22:58:38Z,415.58,422.4,USD,yfinance
TSM,2026-07-24T23:03:29Z,403.41,414.9,USD,yfinance
TSM,2026-07-27T23:04:47Z,399.09,402.2,USD,yfinance
TSM,2026-07-28T23:02:13Z,392.31,397.71,USD,yfinance
TSM,2026-07-29T23:00:45Z,374.67,394.72,USD,yfinance
TSM,2026-07-30T23:10:15Z,403.31,374.88,USD,yfinance
TSM,2026-07-31T23:03:36Z,404.25,412.77,USD,yfinance
TSM,2026-08-03T23:03:36Z,406.11,404.0,USD,yfinance
TSM,2026-08-04T23:05:25Z,417.17,409.7889,USD,yfinance
TSM,2026-08-05T23:02:13Z,414.0,417.5,USD,yfinance
TSM,2026-08-07T01:30:32Z,418.2,412.99,USD,yfinance
TSM,2026-08-07T22:38:32Z,420.04,420.35,USD,yfinance
TSM,2026-08-10T20:09:26Z,418.49,420.95,USD,yfinance
TSM,2026-08-10T22:39:58Z,418.47,420.95,USD,yfinance
TSM,2026-08-11T22:45:06Z,422.06,418.7988,USD,yfinance
TSM,2026-08-12T22:43:12Z,429.15,422.0,USD,yfinance
TSM,2026-08-13T15:59:09Z,432.05,431.39,USD,yfinance
TSM,2026-08-13T22:44:36Z,430.49,431.39,USD,yfinance
TSM,2026-08-14T22:25:52Z,426.35,432.42,USD,yfinance
TSM,2026-08-17T22:27:16Z,430.97,425.2,USD,yfinance
TSM,2026-08-18T22:25:56Z,413.41,430.65,USD,yfinance
TSM,2026-08-19T22:27:17Z,412.09,412.69,USD,yfinance
TSM,2026-08-20T22:30:06Z,416.0,413.8,USD,yfinance
TSM,2026-08-21T22:27:30Z,418.95,415.4,USD,yfinance
TSM,2026-08-24T22:28:43Z,410.12,419.55,USD,yfinance
TSM,2026-08-25T22:29:58Z,417.41,409.48,USD,yfinance
TSM,2026-08-27T03:00:03Z,417.69,417.7002,USD,yfinance
TSM,2026-08-27T20:18:45Z,427.3,424.9,USD,yfinance
TSM,2026-08-27T22:01:06Z,427.3,424.9,USD,yfinance
TSM,2026-08-28T06:00:25Z,427.3,424.9,USD,yfinance
TSM,2026-08-28T22:01:09Z,417.52,425.62,USD,yfinance
TSM,2026-08-29T03:34:12Z,417.52,425.62,USD,yfinance
TSM,2026-08-31T22:01:02Z,415.32,418.89,USD,yfinance
TSM,2026-09-01T01:03:57Z,415.32,418.89,USD,yfinance
TSM,2026-09-01T22:01:04Z,414.0,416.4,USD,yfinance
TSM,2026-09-01T23:52:19Z,414.0,416.4,USD,yfinance
TSM,2026-09-02T03:59:09Z,414.0,416.4,USD,yfinance
TSM,2026-09-02T04:04:32Z,414.0,416.4,USD,yfinance
TSM,2026-09-02T22:01:04Z,415.5,414.195,USD,yfinance
TSM,2026-09-02T23:54:37Z,415.5,414.195,USD,yfinance
TSM,2026-09-03T22:01:00Z,417.01,415.9722,USD,yfinance
TSM,2026-09-03T23:51:03Z,417.01,415.9722,USD,yfinance
TSM,2026-09-04T22:01:02Z,428.91,416.43,USD,yfinance
TXN,2026-06-18T18:51:15Z,321.53,303.37,USD,yfinance
TXN,2026-06-18T23:49:02Z,322.86,303.37,USD,yfinance
TXN,2026-06-19T23:02:20Z,322.86,303.37,USD,yfinance
TXN,2026-06-22T23:24:02Z,332.28,323.4017,USD,yfinance
TXN,2026-06-23T23:12:01Z,304.36,331.0,USD,yfinance
TXN,2026-06-24T23:07:57Z,303.11,304.25,USD,yfinance
TXN,2026-06-25T23:22:31Z,311.81,309.6001,USD,yfinance
TXN,2026-06-26T23:11:00Z,285.425,314.995,USD,yfinance
TXN,2026-06-29T23:02:54Z,285.48,284.6663,USD,yfinance
TXN,2026-06-30T23:17:50Z,298.07,284.92,USD,yfinance
TXN,2026-07-01T23:19:41Z,298.41,299.45,USD,yfinance
TXN,2026-07-02T23:12:03Z,293.08,296.1,USD,yfinance
TXN,2026-07-03T23:08:28Z,293.08,296.1,USD,yfinance
TXN,2026-07-06T23:12:22Z,303.5,294.8779,USD,yfinance
TXN,2026-07-07T23:05:49Z,293.3,295.41,USD,yfinance
TXN,2026-07-08T23:11:46Z,301.32,291.695,USD,yfinance
TXN,2026-07-09T23:15:23Z,308.53,303.87,USD,yfinance
TXN,2026-07-10T23:02:16Z,311.46,309.0,USD,yfinance
TXN,2026-07-11T20:54:21Z,311.46,309.0,USD,yfinance
TXN,2026-07-13T22:58:38Z,298.57,312.29,USD,yfinance
TXN,2026-07-14T23:00:07Z,305.55,298.485,USD,yfinance
TXN,2026-07-15T23:00:21Z,301.19,305.81,USD,yfinance
TXN,2026-07-16T22:59:47Z,291.22,300.6,USD,yfinance
TXN,2026-07-17T22:52:57Z,284.02,290.69,USD,yfinance
TXN,2026-07-20T23:03:20Z,284.07,283.6674,USD,yfinance
TXN,2026-07-21T23:00:30Z,291.3,284.49,USD,yfinance
TXN,2026-07-22T23:07:22Z,294.19,291.71,USD,yfinance
TXN,2026-07-23T22:58:57Z,284.99,285.22,USD,yfinance
TXN,2026-07-24T23:03:44Z,279.58,283.6604,USD,yfinance
TXN,2026-07-27T23:05:02Z,279.41,278.76,USD,yfinance
TXN,2026-07-28T23:02:28Z,277.07,279.08,USD,yfinance
TXN,2026-07-29T23:01:01Z,271.3,279.65,USD,yfinance
TXN,2026-07-30T23:10:32Z,278.76,272.95,USD,yfinance
TXN,2026-07-31T23:03:53Z,275.74,279.52,USD,yfinance
TXN,2026-08-03T23:03:52Z,269.04,275.32,USD,yfinance
TXN,2026-08-04T23:05:41Z,283.63,269.6,USD,yfinance
TXN,2026-08-05T23:02:29Z,277.72,283.0,USD,yfinance
TXN,2026-08-07T01:30:48Z,278.4,278.87,USD,yfinance
TXN,2026-08-07T22:38:47Z,286.08,279.51,USD,yfinance
TXN,2026-08-10T20:09:41Z,280.44,286.66,USD,yfinance
TXN,2026-08-10T22:40:17Z,280.44,286.66,USD,yfinance
TXN,2026-08-11T22:45:25Z,281.24,282.446,USD,yfinance
TXN,2026-08-12T22:43:31Z,276.59,281.3394,USD,yfinance
TXN,2026-08-13T15:59:27Z,276.375,276.83,USD,yfinance
TXN,2026-08-13T22:44:54Z,273.43,276.83,USD,yfinance
TXN,2026-08-14T22:26:11Z,279.58,274.97,USD,yfinance
TXN,2026-08-17T22:27:35Z,282.91,280.2,USD,yfinance
TXN,2026-08-18T22:26:14Z,272.24,283.0,USD,yfinance
TXN,2026-08-19T22:27:37Z,267.45,272.58,USD,yfinance
TXN,2026-08-20T22:30:27Z,265.6,270.0,USD,yfinance
TXN,2026-08-21T22:27:53Z,264.36,265.8,USD,yfinance
TXN,2026-08-24T22:29:03Z,258.94,263.95,USD,yfinance
TXN,2026-08-25T22:30:19Z,260.05,258.94,USD,yfinance
TXN,2026-08-27T03:00:23Z,261.77,260.54,USD,yfinance
TXN,2026-08-27T20:19:07Z,266.54,263.3,USD,yfinance
TXN,2026-08-27T22:01:30Z,266.54,263.3,USD,yfinance
TXN,2026-08-28T06:00:46Z,266.54,263.3,USD,yfinance
TXN,2026-08-28T22:01:34Z,258.64,266.2499,USD,yfinance
TXN,2026-08-29T03:34:35Z,258.64,266.2499,USD,yfinance
TXN,2026-08-31T22:01:21Z,260.91,258.4353,USD,yfinance
TXN,2026-09-01T01:04:15Z,260.91,258.4353,USD,yfinance
TXN,2026-09-01T22:01:25Z,253.34,261.44,USD,yfinance
TXN,2026-09-01T23:52:38Z,253.34,261.44,USD,yfinance
TXN,2026-09-02T03:59:27Z,253.34,261.44,USD,yfinance
TXN,2026-09-02T04:04:51Z,253.34,261.44,USD,yfinance
TXN,2026-09-02T22:01:27Z,254.8,253.3,USD,yfinance
TXN,2026-09-02T23:55:02Z,254.8,253.3,USD,yfinance
TXN,2026-09-03T22:01:23Z,253.83,254.42,USD,yfinance
TXN,2026-09-03T23:51:29Z,253.83,254.42,USD,yfinance
TXN,2026-09-04T22:01:31Z,258.44,253.88,USD,yfinance
UFO,2026-09-02T13:38:15Z,42.8022,42.78,USD,yfinance
UFO,2026-09-02T22:04:31Z,43.14,42.78,USD,yfinance
UFO,2026-09-02T23:58:25Z,43.14,42.78,USD,yfinance
UFO,2026-09-03T22:04:29Z,43.53,43.9764,USD,yfinance
UFO,2026-09-03T23:54:53Z,43.53,43.9764,USD,yfinance
UFO,2026-09-04T22:05:36Z,43.7,44.01,USD,yfinance
URA,2026-09-02T16:44:25Z,43.8062,44.11,USD,yfinance
URA,2026-09-02T22:03:27Z,44.32,44.11,USD,yfinance
URA,2026-09-02T23:57:15Z,44.32,44.11,USD,yfinance
URA,2026-09-03T22:03:25Z,45.7,44.59,USD,yfinance
URA,2026-09-03T23:53:43Z,45.7,44.59,USD,yfinance
URA,2026-09-04T22:04:11Z,46.06,45.79,USD,yfinance
UUP,2026-08-23T20:33:09Z,27.9,27.94,USD,yfinance
UUP,2026-08-24T22:31:17Z,27.96,27.91,USD,yfinance
UUP,2026-08-25T22:32:33Z,27.94,27.96,USD,yfinance
UUP,2026-08-27T03:02:34Z,28.02,27.94,USD,yfinance
UUP,2026-08-27T20:21:44Z,28.02,28.02,USD,yfinance
UUP,2026-08-27T22:04:11Z,28.02,28.02,USD,yfinance
UUP,2026-08-28T06:03:22Z,28.02,28.02,USD,yfinance
UUP,2026-08-28T22:04:35Z,28.18,28.01,USD,yfinance
UUP,2026-08-29T03:37:26Z,28.18,28.01,USD,yfinance
UUP,2026-08-31T22:03:45Z,28.12,28.19,USD,yfinance
UUP,2026-09-01T01:06:28Z,28.12,28.19,USD,yfinance
UUP,2026-09-01T22:04:06Z,28.21,28.09,USD,yfinance
UUP,2026-09-01T23:55:12Z,28.21,28.09,USD,yfinance
UUP,2026-09-02T04:01:43Z,28.21,28.09,USD,yfinance
UUP,2026-09-02T04:07:17Z,28.21,28.09,USD,yfinance
UUP,2026-09-02T22:05:30Z,28.17,28.34,USD,yfinance
UUP,2026-09-02T23:59:30Z,28.17,28.34,USD,yfinance
UUP,2026-09-03T22:05:30Z,28.01,28.1216,USD,yfinance
UUP,2026-09-03T23:55:57Z,28.01,28.1216,USD,yfinance
UUP,2026-09-04T22:06:53Z,28.08,27.9719,USD,yfinance
VICR,2026-09-02T13:38:28Z,176.88,177.3812,USD,yfinance
VICR,2026-09-02T22:01:19Z,181.59,177.3812,USD,yfinance
VICR,2026-09-02T23:54:53Z,181.59,177.3812,USD,yfinance
VICR,2026-09-03T22:01:16Z,178.76,180.75,USD,yfinance
VICR,2026-09-03T23:51:20Z,178.76,180.75,USD,yfinance
VICR,2026-09-04T22:01:21Z,188.55,178.0,USD,yfinance
VNQ,2026-09-02T16:45:14Z,95.7714,96.4,USD,yfinance
VNQ,2026-09-02T22:04:19Z,95.78,96.4,USD,yfinance
VNQ,2026-09-02T23:58:11Z,95.78,96.4,USD,yfinance
VNQ,2026-09-03T22:04:16Z,96.66,96.21,USD,yfinance
VNQ,2026-09-03T23:54:39Z,96.66,96.21,USD,yfinance
VNQ,2026-09-04T22:05:19Z,96.02,96.65,USD,yfinance
VPG,2026-08-24T22:29:38Z,66.16,66.21,USD,yfinance
VPG,2026-08-25T22:30:53Z,64.45,65.06,USD,yfinance
VPG,2026-08-27T03:00:57Z,64.06,64.5,USD,yfinance
VPG,2026-08-27T20:19:44Z,66.22,65.5,USD,yfinance
VPG,2026-08-27T22:02:08Z,66.22,65.5,USD,yfinance
VPG,2026-08-28T06:01:22Z,66.22,65.5,USD,yfinance
VPG,2026-08-28T22:02:17Z,62.55,65.98,USD,yfinance
VPG,2026-08-29T03:35:14Z,62.55,65.98,USD,yfinance
VPG,2026-08-31T22:01:56Z,61.81,63.5,USD,yfinance
VPG,2026-09-01T01:04:46Z,61.81,63.5,USD,yfinance
VPG,2026-09-01T22:02:03Z,60.45,63.0,USD,yfinance
VPG,2026-09-01T23:53:14Z,60.45,63.0,USD,yfinance
VPG,2026-09-02T03:59:59Z,60.45,63.5,USD,yfinance
VPG,2026-09-02T04:05:25Z,60.45,63.0,USD,yfinance
VPG,2026-09-02T22:02:05Z,61.35,60.2,USD,yfinance
VPG,2026-09-02T23:55:44Z,61.35,60.2,USD,yfinance
VPG,2026-09-03T17:30:28Z,62.72,61.9632,USD,yfinance
VPG,2026-09-03T22:02:02Z,62.76,61.9632,USD,yfinance
VPG,2026-09-03T23:52:11Z,62.76,61.9632,USD,yfinance
VPG,2026-09-04T22:02:22Z,63.01,62.4,USD,yfinance
VRT,2026-09-02T13:38:11Z,255.72,255.88,USD,yfinance
VRT,2026-09-02T22:04:28Z,256.7,255.88,USD,yfinance
VRT,2026-09-02T23:58:21Z,256.7,255.88,USD,yfinance
VRT,2026-09-03T22:04:25Z,268.83,257.02,USD,yfinance
VRT,2026-09-03T23:54:49Z,268.83,257.02,USD,yfinance
VRT,2026-09-04T22:05:31Z,280.53,268.9101,USD,yfinance
VST,2026-09-02T13:38:05Z,137.35,137.9,USD,yfinance
VST,2026-09-02T22:04:21Z,143.46,137.9,USD,yfinance
VST,2026-09-02T23:58:14Z,143.46,137.9,USD,yfinance
VST,2026-09-03T22:04:19Z,144.22,143.95,USD,yfinance
VST,2026-09-03T23:54:42Z,144.22,143.95,USD,yfinance
VST,2026-09-04T22:05:22Z,149.3,144.5965,USD,yfinance
WCLD,2026-08-27T20:16:03Z,43.1,40.99,USD,yfinance
WCLD,2026-08-27T20:20:29Z,43.1,40.99,USD,yfinance
WCLD,2026-08-27T22:02:54Z,43.1,40.99,USD,yfinance
WCLD,2026-08-28T06:02:08Z,43.1,40.99,USD,yfinance
WCLD,2026-08-28T22:03:07Z,42.93,43.24,USD,yfinance
WCLD,2026-08-29T03:36:04Z,42.93,43.24,USD,yfinance
WCLD,2026-08-31T22:02:37Z,43.15,43.38,USD,yfinance
WCLD,2026-09-01T01:05:23Z,43.15,43.38,USD,yfinance
WCLD,2026-09-01T22:02:47Z,41.71,43.5,USD,yfinance
WCLD,2026-09-01T23:53:56Z,41.71,43.5,USD,yfinance
WCLD,2026-09-02T04:00:36Z,41.71,43.5,USD,yfinance
WCLD,2026-09-02T04:06:05Z,41.71,43.5,USD,yfinance
WCLD,2026-09-02T22:02:44Z,40.95,41.71,USD,yfinance
WCLD,2026-09-02T23:56:28Z,40.95,41.71,USD,yfinance
WCLD,2026-09-03T22:02:42Z,41.97,41.14,USD,yfinance
WCLD,2026-09-03T23:52:56Z,41.97,41.14,USD,yfinance
WCLD,2026-09-04T22:03:15Z,40.72,42.34,USD,yfinance
WOLF,2026-06-18T18:50:14Z,54.87,50.65,USD,yfinance
WOLF,2026-06-18T23:48:06Z,57.41,50.65,USD,yfinance
WOLF,2026-06-19T23:01:25Z,57.41,50.65,USD,yfinance
WOLF,2026-06-22T23:23:08Z,52.97,57.38,USD,yfinance
WOLF,2026-06-23T23:10:51Z,48.91,52.51,USD,yfinance
WOLF,2026-06-24T23:07:00Z,45.87,48.56,USD,yfinance
WOLF,2026-06-25T23:21:34Z,47.79,49.4,USD,yfinance
WOLF,2026-06-26T23:09:49Z,45.97,47.13,USD,yfinance
WOLF,2026-06-29T23:01:43Z,44.24,45.6901,USD,yfinance
WOLF,2026-06-30T23:16:42Z,48.25,44.22,USD,yfinance
WOLF,2026-07-01T23:18:44Z,44.56,49.1,USD,yfinance
WOLF,2026-07-02T23:11:06Z,40.0,44.81,USD,yfinance
WOLF,2026-07-03T23:07:32Z,40.0,44.81,USD,yfinance
WOLF,2026-07-06T23:11:23Z,39.47,40.9,USD,yfinance
WOLF,2026-07-07T23:04:49Z,36.0,39.35,USD,yfinance
WOLF,2026-07-08T23:10:49Z,35.86,35.51,USD,yfinance
WOLF,2026-07-09T23:14:18Z,37.25,35.73,USD,yfinance
WOLF,2026-07-10T23:01:14Z,35.29,37.49,USD,yfinance
WOLF,2026-07-11T20:53:21Z,35.29,37.49,USD,yfinance
WOLF,2026-07-13T22:57:43Z,33.65,35.3772,USD,yfinance
WOLF,2026-07-14T22:59:06Z,34.31,33.52,USD,yfinance
WOLF,2026-07-15T23:00:26Z,35.1,35.3,USD,yfinance
WOLF,2026-07-16T22:59:52Z,31.18,34.7621,USD,yfinance
WOLF,2026-07-17T22:53:02Z,29.89,30.86,USD,yfinance
WOLF,2026-07-20T23:03:24Z,29.38,29.78,USD,yfinance
WOLF,2026-07-21T23:00:35Z,31.73,29.39,USD,yfinance
WOLF,2026-07-22T23:07:25Z,29.27,32.48,USD,yfinance
WOLF,2026-07-23T22:59:02Z,25.96,29.49,USD,yfinance
WOLF,2026-07-24T23:03:48Z,23.09,26.05,USD,yfinance
WOLF,2026-07-27T23:05:05Z,23.8,22.98,USD,yfinance
WOLF,2026-07-28T23:02:31Z,21.88,23.71,USD,yfinance
WOLF,2026-07-29T23:01:04Z,20.06,22.23,USD,yfinance
WOLF,2026-07-30T23:10:36Z,23.79,20.0232,USD,yfinance
WOLF,2026-07-31T23:03:57Z,23.62,25.18,USD,yfinance
WOLF,2026-08-03T23:03:56Z,24.35,23.37,USD,yfinance
WOLF,2026-08-04T23:05:45Z,27.06,24.95,USD,yfinance
WOLF,2026-08-05T23:02:33Z,25.19,26.82,USD,yfinance
WOLF,2026-08-07T01:30:52Z,27.59,25.362,USD,yfinance
WOLF,2026-08-07T22:38:51Z,32.87,28.285,USD,yfinance
WOLF,2026-08-10T20:09:44Z,29.31,32.94,USD,yfinance
WOLF,2026-08-10T22:40:22Z,29.3,32.94,USD,yfinance
WOLF,2026-08-11T22:45:29Z,30.14,29.5,USD,yfinance
WOLF,2026-08-12T22:43:35Z,31.71,30.13,USD,yfinance
WOLF,2026-08-13T15:59:31Z,31.6096,31.88,USD,yfinance
WOLF,2026-08-13T22:44:57Z,31.51,31.88,USD,yfinance
WOLF,2026-08-14T22:26:15Z,31.79,31.6,USD,yfinance
WOLF,2026-08-17T22:27:40Z,34.96,31.93,USD,yfinance
WOLF,2026-08-18T22:26:18Z,31.46,35.7,USD,yfinance
WOLF,2026-08-19T22:27:41Z,29.09,31.05,USD,yfinance
WOLF,2026-08-20T22:30:32Z,26.35,26.45,USD,yfinance
WOLF,2026-08-21T22:27:57Z,25.76,26.3499,USD,yfinance
WOLF,2026-08-24T22:29:07Z,24.76,25.9599,USD,yfinance
WOLF,2026-08-25T22:30:23Z,25.29,24.48,USD,yfinance
WOLF,2026-08-27T03:00:27Z,26.93,25.4,USD,yfinance
WOLF,2026-08-27T20:19:11Z,26.95,27.8,USD,yfinance
WOLF,2026-08-27T22:01:34Z,26.95,27.8,USD,yfinance
WOLF,2026-08-28T06:00:51Z,26.95,27.8,USD,yfinance
WOLF,2026-08-28T22:01:39Z,25.85,26.79,USD,yfinance
WOLF,2026-08-29T03:34:40Z,25.85,26.79,USD,yfinance
WOLF,2026-08-31T22:01:25Z,27.4,25.6733,USD,yfinance
WOLF,2026-09-01T01:04:18Z,27.4,25.6733,USD,yfinance
WOLF,2026-09-01T22:01:29Z,26.31,27.2168,USD,yfinance
WOLF,2026-09-01T23:52:42Z,26.31,27.2168,USD,yfinance
WOLF,2026-09-02T03:59:31Z,26.31,27.2168,USD,yfinance
WOLF,2026-09-02T04:04:55Z,26.31,27.2168,USD,yfinance
WOLF,2026-09-02T22:01:31Z,26.65,26.21,USD,yfinance
WOLF,2026-09-02T23:55:06Z,26.65,26.21,USD,yfinance
WOLF,2026-09-03T22:01:27Z,26.84,26.9141,USD,yfinance
WOLF,2026-09-03T23:51:33Z,26.84,26.9141,USD,yfinance
WOLF,2026-09-04T22:01:37Z,28.35,26.7146,USD,yfinance
WPM,2026-06-18T18:51:35Z,122.275,126.46,USD,yfinance
WPM,2026-06-18T23:49:20Z,122.57,126.46,USD,yfinance
WPM,2026-06-19T23:02:38Z,122.57,126.46,USD,yfinance
WPM,2026-06-22T23:24:20Z,121.72,122.5,USD,yfinance
WPM,2026-06-23T23:12:23Z,116.46,120.31,USD,yfinance
WPM,2026-06-24T23:08:15Z,112.79,116.41,USD,yfinance
WPM,2026-06-25T23:22:50Z,113.08,114.0996,USD,yfinance
WPM,2026-06-26T23:11:23Z,113.32,113.5,USD,yfinance
WPM,2026-06-29T23:03:17Z,110.93,113.87,USD,yfinance
WPM,2026-06-30T23:18:13Z,112.32,110.96,USD,yfinance
WPM,2026-07-01T23:20:00Z,111.44,112.5,USD,yfinance
WPM,2026-07-02T23:12:21Z,115.73,111.75,USD,yfinance
WPM,2026-07-03T23:08:46Z,115.73,111.75,USD,yfinance
WPM,2026-07-06T23:12:41Z,115.24,115.9008,USD,yfinance
WPM,2026-07-07T23:06:09Z,111.89,115.26,USD,yfinance
WPM,2026-07-08T23:12:05Z,107.6,111.58,USD,yfinance
WPM,2026-07-09T23:15:44Z,110.65,107.99,USD,yfinance
WPM,2026-07-10T23:02:36Z,110.05,110.5,USD,yfinance
WPM,2026-07-11T20:54:40Z,110.05,110.5,USD,yfinance
WPM,2026-07-13T22:58:56Z,107.83,108.03,USD,yfinance
WPM,2026-07-14T23:00:28Z,108.49,106.6276,USD,yfinance
WPM,2026-07-15T23:01:29Z,108.53,109.99,USD,yfinance
WPM,2026-07-16T23:00:50Z,104.25,108.55,USD,yfinance
WPM,2026-07-17T22:53:55Z,104.18,104.48,USD,yfinance
WPM,2026-07-20T23:04:09Z,103.45,104.2,USD,yfinance
WPM,2026-07-21T23:01:30Z,109.96,103.76,USD,yfinance
WPM,2026-07-22T23:08:10Z,111.36,110.309,USD,yfinance
WPM,2026-07-23T22:59:57Z,110.03,112.8,USD,yfinance
WPM,2026-07-24T23:04:31Z,111.48,109.0,USD,yfinance
WPM,2026-07-27T23:05:48Z,112.01,111.3278,USD,yfinance
WPM,2026-07-28T23:03:13Z,109.58,112.7,USD,yfinance
WPM,2026-07-29T23:01:49Z,109.46,109.58,USD,yfinance
WPM,2026-07-30T23:11:25Z,113.38,111.38,USD,yfinance
WPM,2026-07-31T23:04:45Z,109.03,113.4,USD,yfinance
WPM,2026-08-03T23:04:40Z,111.86,110.2636,USD,yfinance
WPM,2026-08-04T23:06:30Z,115.41,111.62,USD,yfinance
WPM,2026-08-05T23:03:16Z,122.82,115.4,USD,yfinance
WPM,2026-08-07T01:31:36Z,125.3,123.5,USD,yfinance
WPM,2026-08-07T22:39:34Z,134.2,125.15,USD,yfinance
WPM,2026-08-10T20:10:26Z,133.4,134.2001,USD,yfinance
WPM,2026-08-10T22:41:20Z,133.39,134.2001,USD,yfinance
WPM,2026-08-11T22:46:23Z,134.41,133.75,USD,yfinance
WPM,2026-08-12T22:44:30Z,134.88,134.3,USD,yfinance
WPM,2026-08-13T16:00:22Z,132.14,134.41,USD,yfinance
WPM,2026-08-13T22:45:41Z,131.86,134.41,USD,yfinance
WPM,2026-08-14T22:27:00Z,134.21,132.3,USD,yfinance
WPM,2026-08-17T22:28:26Z,136.61,134.5,USD,yfinance
WPM,2026-08-18T22:27:05Z,132.7,137.4,USD,yfinance
WPM,2026-08-19T22:28:27Z,147.43,132.4413,USD,yfinance
WPM,2026-08-20T22:31:23Z,150.25,148.5,USD,yfinance
WPM,2026-08-21T22:28:55Z,157.78,150.5,USD,yfinance
WPM,2026-08-24T22:29:57Z,160.19,157.7927,USD,yfinance
WPM,2026-08-25T22:31:12Z,163.72,161.66,USD,yfinance
WPM,2026-08-27T03:01:15Z,156.02,163.88,USD,yfinance
WPM,2026-08-27T20:20:04Z,157.99,157.42,USD,yfinance
WPM,2026-08-27T22:02:29Z,157.99,157.42,USD,yfinance
WPM,2026-08-28T06:01:44Z,157.99,157.42,USD,yfinance
WPM,2026-08-28T22:02:39Z,153.33,158.1,USD,yfinance
WPM,2026-08-29T03:35:36Z,153.33,158.1,USD,yfinance
WPM,2026-08-31T22:02:15Z,150.83,152.55,USD,yfinance
WPM,2026-09-01T01:05:03Z,150.83,152.55,USD,yfinance
WPM,2026-09-01T22:02:23Z,144.93,150.09,USD,yfinance
WPM,2026-09-01T23:53:33Z,144.93,150.09,USD,yfinance
WPM,2026-09-02T04:00:16Z,144.93,150.09,USD,yfinance
WPM,2026-09-02T04:05:43Z,144.93,150.09,USD,yfinance
WPM,2026-09-02T22:02:23Z,150.91,145.8,USD,yfinance
WPM,2026-09-02T23:56:04Z,150.91,145.8,USD,yfinance
WPM,2026-09-03T22:02:21Z,156.63,152.22,USD,yfinance
WPM,2026-09-03T23:52:33Z,156.63,152.22,USD,yfinance
WPM,2026-09-04T22:02:47Z,154.98,157.5,USD,yfinance
WTAI,2026-08-14T02:36:40Z,43.32,42.68,USD,yfinance
WTAI,2026-08-14T22:27:43Z,43.09,43.32,USD,yfinance
WTAI,2026-08-17T22:29:09Z,44.01,43.28,USD,yfinance
WTAI,2026-08-18T22:27:47Z,41.52,43.1372,USD,yfinance
WTAI,2026-08-19T22:29:13Z,40.9,41.11,USD,yfinance
WTAI,2026-08-20T22:32:12Z,41.09,41.9,USD,yfinance
WTAI,2026-08-21T22:29:49Z,41.18,41.09,USD,yfinance
WTAI,2026-08-24T22:30:47Z,40.03,41.18,USD,yfinance
WTAI,2026-08-25T22:32:01Z,40.6,40.97,USD,yfinance
WTAI,2026-08-27T03:02:02Z,40.83,40.6,USD,yfinance
WTAI,2026-08-27T20:21:08Z,41.73,41.41,USD,yfinance
WTAI,2026-08-27T22:03:36Z,41.73,41.41,USD,yfinance
WTAI,2026-08-28T06:02:46Z,41.73,41.41,USD,yfinance
WTAI,2026-08-28T22:03:55Z,40.64,41.0,USD,yfinance
WTAI,2026-08-29T03:36:46Z,40.64,41.0,USD,yfinance
WTAI,2026-08-31T22:03:13Z,40.8,40.03,USD,yfinance
WTAI,2026-09-01T01:05:57Z,40.8,40.03,USD,yfinance
WTAI,2026-09-01T22:03:31Z,39.84,41.51,USD,yfinance
WTAI,2026-09-01T23:54:38Z,39.84,41.51,USD,yfinance
WTAI,2026-09-02T04:01:14Z,39.84,41.51,USD,yfinance
WTAI,2026-09-02T04:06:45Z,39.84,41.51,USD,yfinance
WTAI,2026-09-02T22:04:59Z,39.84,39.84,USD,yfinance
WTAI,2026-09-02T23:58:56Z,39.84,39.84,USD,yfinance
WTAI,2026-09-03T22:04:57Z,40.53,39.84,USD,yfinance
WTAI,2026-09-03T23:55:23Z,40.53,39.84,USD,yfinance
WTAI,2026-09-04T22:06:12Z,41.94,40.53,USD,yfinance
WULF,2026-09-02T13:38:36Z,14.535,14.64,USD,yfinance
WULF,2026-09-02T22:01:55Z,14.82,14.64,USD,yfinance
WULF,2026-09-02T23:55:34Z,14.82,14.64,USD,yfinance
WULF,2026-09-03T22:01:52Z,16.23,14.86,USD,yfinance
WULF,2026-09-03T23:52:00Z,16.23,14.86,USD,yfinance
WULF,2026-09-04T22:02:09Z,16.51,16.1802,USD,yfinance
XAR,2026-09-02T16:44:34Z,249.765,254.98,USD,yfinance
XAR,2026-09-02T22:03:36Z,250.21,254.98,USD,yfinance
XAR,2026-09-02T23:57:25Z,250.21,254.98,USD,yfinance
XAR,2026-09-03T22:03:34Z,253.93,249.43,USD,yfinance
XAR,2026-09-03T23:53:53Z,253.93,249.43,USD,yfinance
XAR,2026-09-04T22:04:23Z,252.92,253.5,USD,yfinance
XBI,2026-09-02T13:38:17Z,167.6292,163.7139,USD,yfinance
XBI,2026-09-02T22:04:34Z,165.37,163.7139,USD,yfinance
XBI,2026-09-02T23:58:28Z,165.37,163.7139,USD,yfinance
XBI,2026-09-03T22:04:32Z,164.38,164.63,USD,yfinance
XBI,2026-09-03T23:54:56Z,164.38,164.63,USD,yfinance
XBI,2026-09-04T22:05:39Z,163.81,164.33,USD,yfinance
XES,2026-09-02T16:44:20Z,124.055,122.47,USD,yfinance
XES,2026-09-02T22:03:23Z,125.13,122.47,USD,yfinance
XES,2026-09-02T23:57:11Z,125.13,122.47,USD,yfinance
XES,2026-09-03T22:03:21Z,123.15,125.13,USD,yfinance
XES,2026-09-03T23:53:39Z,123.15,125.13,USD,yfinance
XES,2026-09-04T22:04:06Z,122.35,123.21,USD,yfinance
XHB,2026-09-02T16:44:45Z,101.565,100.59,USD,yfinance
XHB,2026-09-02T22:03:46Z,101.17,100.59,USD,yfinance
XHB,2026-09-02T23:57:36Z,101.17,100.59,USD,yfinance
XHB,2026-09-03T22:03:44Z,102.27,101.17,USD,yfinance
XHB,2026-09-03T23:54:04Z,102.27,101.17,USD,yfinance
XHB,2026-09-04T22:04:36Z,103.25,102.47,USD,yfinance
XLB,2026-09-02T16:44:08Z,52.985,52.1108,USD,yfinance
XLB,2026-09-02T22:03:11Z,52.95,52.1108,USD,yfinance
XLB,2026-09-02T23:56:58Z,52.95,52.1108,USD,yfinance
XLB,2026-09-03T22:03:09Z,52.62,53.22,USD,yfinance
XLB,2026-09-03T23:53:26Z,52.62,53.22,USD,yfinance
XLB,2026-09-04T22:03:51Z,52.44,52.3301,USD,yfinance
XLC,2026-09-02T16:44:16Z,112.84,110.87,USD,yfinance
XLC,2026-09-02T22:03:19Z,112.42,110.87,USD,yfinance
XLC,2026-09-02T23:57:07Z,112.42,110.87,USD,yfinance
XLC,2026-09-03T22:03:17Z,113.38,112.1,USD,yfinance
XLC,2026-09-03T23:53:35Z,113.38,112.1,USD,yfinance
XLC,2026-09-04T22:04:01Z,112.03,113.75,USD,yfinance
XLE,2026-09-02T16:44:07Z,64.965,64.8,USD,yfinance
XLE,2026-09-02T22:03:10Z,65.1,64.8,USD,yfinance
XLE,2026-09-02T23:56:57Z,65.1,64.8,USD,yfinance
XLE,2026-09-03T22:03:08Z,64.62,65.1624,USD,yfinance
XLE,2026-09-03T23:53:25Z,64.62,65.1624,USD,yfinance
XLE,2026-09-04T22:03:49Z,64.06,64.66,USD,yfinance
XLF,2026-09-02T13:38:12Z,57.495,57.24,USD,yfinance
XLF,2026-09-02T22:04:29Z,57.66,57.24,USD,yfinance
XLF,2026-09-02T23:58:22Z,57.66,57.24,USD,yfinance
XLF,2026-09-03T22:04:27Z,58.56,57.67,USD,yfinance
XLF,2026-09-03T23:54:50Z,58.56,57.67,USD,yfinance
XLF,2026-09-04T22:05:32Z,58.1,58.45,USD,yfinance
XLI,2026-09-02T16:44:09Z,172.685,172.8301,USD,yfinance
XLI,2026-09-02T22:03:13Z,172.78,172.8301,USD,yfinance
XLI,2026-09-02T23:56:59Z,172.78,172.8301,USD,yfinance
XLI,2026-09-03T22:03:11Z,174.56,172.8,USD,yfinance
XLI,2026-09-03T23:53:28Z,174.56,172.8,USD,yfinance
XLI,2026-09-04T22:03:52Z,175.27,175.2598,USD,yfinance
XLK,2026-09-02T16:44:15Z,183.22,184.007,USD,yfinance
XLK,2026-09-02T22:03:18Z,183.6,184.007,USD,yfinance
XLK,2026-09-02T23:57:05Z,183.6,184.007,USD,yfinance
XLK,2026-09-03T22:03:16Z,185.97,183.85,USD,yfinance
XLK,2026-09-03T23:53:34Z,185.97,183.85,USD,yfinance
XLK,2026-09-04T22:03:59Z,187.28,185.85,USD,yfinance
XLP,2026-09-02T16:44:12Z,85.825,85.259,USD,yfinance
XLP,2026-09-02T22:03:15Z,85.53,85.259,USD,yfinance
XLP,2026-09-02T23:57:02Z,85.53,85.259,USD,yfinance
XLP,2026-09-03T22:03:13Z,85.26,85.555,USD,yfinance
XLP,2026-09-03T23:53:31Z,85.26,85.555,USD,yfinance
XLP,2026-09-04T22:03:56Z,84.58,85.2,USD,yfinance
XLRE,2026-09-02T16:44:18Z,43.735,44.08,USD,yfinance
XLRE,2026-09-02T22:03:21Z,43.73,44.08,USD,yfinance
XLRE,2026-09-02T23:57:08Z,43.73,44.08,USD,yfinance
XLRE,2026-09-03T22:03:18Z,44.25,43.83,USD,yfinance
XLRE,2026-09-03T23:53:36Z,44.25,43.83,USD,yfinance
XLRE,2026-09-04T22:04:02Z,43.93,44.3349,USD,yfinance
XLU,2026-09-02T13:38:04Z,42.21,42.5882,USD,yfinance
XLU,2026-09-02T22:04:20Z,42.67,42.5882,USD,yfinance
XLU,2026-09-02T23:58:12Z,42.67,42.5882,USD,yfinance
XLU,2026-09-03T22:04:18Z,43.03,42.5594,USD,yfinance
XLU,2026-09-03T23:54:40Z,43.03,42.5594,USD,yfinance
XLU,2026-09-04T22:05:21Z,43.08,43.0475,USD,yfinance
XLV,2026-09-02T16:44:14Z,172.8799,171.7987,USD,yfinance
XLV,2026-09-02T22:03:17Z,172.95,171.7987,USD,yfinance
XLV,2026-09-02T23:57:04Z,172.95,171.7987,USD,yfinance
XLV,2026-09-03T22:03:15Z,173.26,173.34,USD,yfinance
XLV,2026-09-03T23:53:32Z,173.26,173.34,USD,yfinance
XLV,2026-09-04T22:03:57Z,171.45,172.98,USD,yfinance
XLY,2026-09-02T16:44:11Z,114.755,114.6499,USD,yfinance
XLY,2026-09-02T22:03:14Z,114.86,114.6499,USD,yfinance
XLY,2026-09-02T23:57:01Z,114.86,114.6499,USD,yfinance
XLY,2026-09-03T22:03:12Z,116.46,115.06,USD,yfinance
XLY,2026-09-03T23:53:29Z,116.46,115.06,USD,yfinance
XLY,2026-09-04T22:03:54Z,114.91,116.4,USD,yfinance
XME,2026-09-02T16:44:26Z,118.41,116.0,USD,yfinance
XME,2026-09-02T22:03:28Z,119.46,116.0,USD,yfinance
XME,2026-09-02T23:57:16Z,119.46,116.0,USD,yfinance
XME,2026-09-03T22:03:26Z,118.38,120.1015,USD,yfinance
XME,2026-09-03T23:53:45Z,118.38,120.1015,USD,yfinance
XME,2026-09-04T22:04:13Z,118.62,118.65,USD,yfinance
XOP,2026-09-02T16:44:22Z,193.71,192.7315,USD,yfinance
XOP,2026-09-02T22:03:24Z,193.16,192.7315,USD,yfinance
XOP,2026-09-02T23:57:12Z,193.16,192.7315,USD,yfinance
XOP,2026-09-03T22:03:22Z,192.33,193.16,USD,yfinance
XOP,2026-09-03T23:53:41Z,192.33,193.16,USD,yfinance
XOP,2026-09-04T22:04:08Z,190.71,192.45,USD,yfinance
XPH,2026-09-02T16:44:53Z,70.76,70.5499,USD,yfinance
XPH,2026-09-02T22:03:54Z,71.47,70.5499,USD,yfinance
XPH,2026-09-02T23:57:44Z,71.47,70.5499,USD,yfinance
XPH,2026-09-03T22:03:51Z,71.03,71.4,USD,yfinance
XPH,2026-09-03T23:54:12Z,71.03,71.4,USD,yfinance
XPH,2026-09-04T22:04:46Z,70.93,71.03,USD,yfinance
XRT,2026-09-02T16:44:48Z,86.64,86.19,USD,yfinance
XRT,2026-09-02T22:03:49Z,86.38,86.19,USD,yfinance
XRT,2026-09-02T23:57:38Z,86.38,86.19,USD,yfinance
XRT,2026-09-03T22:03:46Z,86.73,86.97,USD,yfinance
XRT,2026-09-03T23:54:07Z,86.73,86.97,USD,yfinance
XRT,2026-09-04T22:04:40Z,87.59,87.28,USD,yfinance
XSD,2026-09-02T16:45:08Z,475.2,472.93,USD,yfinance
XSD,2026-09-02T22:04:14Z,477.1,472.93,USD,yfinance
XSD,2026-09-02T23:58:05Z,477.1,472.93,USD,yfinance
XSD,2026-09-03T22:04:11Z,478.52,477.1,USD,yfinance
XSD,2026-09-03T23:54:33Z,478.52,477.1,USD,yfinance
XSD,2026-09-04T22:05:11Z,491.45,478.5,USD,yfinance
XTN,2026-09-02T16:44:40Z,103.9699,102.71,USD,yfinance
XTN,2026-09-02T22:03:41Z,103.38,102.71,USD,yfinance
XTN,2026-09-02T23:57:30Z,103.38,102.71,USD,yfinance
XTN,2026-09-03T22:03:39Z,104.28,103.38,USD,yfinance
XTN,2026-09-03T23:53:59Z,104.28,103.38,USD,yfinance
XTN,2026-09-04T22:04:29Z,105.52,104.28,USD,yfinance
ZS,2026-08-27T20:16:05Z,187.3,176.469,USD,yfinance
ZS,2026-08-27T20:20:30Z,187.3,176.469,USD,yfinance
ZS,2026-08-27T22:02:55Z,187.3,176.469,USD,yfinance
ZS,2026-08-28T06:02:09Z,187.3,176.469,USD,yfinance
ZS,2026-08-28T22:03:11Z,184.23,186.0387,USD,yfinance
ZS,2026-08-29T03:36:05Z,184.23,186.0387,USD,yfinance
ZS,2026-08-31T22:02:38Z,188.385,184.45,USD,yfinance
ZS,2026-09-01T01:05:24Z,188.385,184.45,USD,yfinance
ZS,2026-09-01T22:02:48Z,178.37,188.9,USD,yfinance
ZS,2026-09-01T23:53:57Z,178.37,188.9,USD,yfinance
ZS,2026-09-02T04:00:37Z,178.37,188.9,USD,yfinance
ZS,2026-09-02T04:06:06Z,178.37,188.9,USD,yfinance
ZS,2026-09-02T22:02:45Z,172.73,177.52,USD,yfinance
ZS,2026-09-02T23:56:29Z,172.73,177.52,USD,yfinance
ZS,2026-09-03T22:02:43Z,177.8,176.6162,USD,yfinance
ZS,2026-09-03T23:52:57Z,177.8,176.6162,USD,yfinance
ZS,2026-09-04T22:03:16Z,169.8,174.0,USD,yfinance
^FTSE,2026-08-19T04:14:13Z,10728.0,10720.3,GBP,yfinance
^FTSE,2026-08-19T22:29:29Z,10743.3496,10728.04,GBP,yfinance
^FTSE,2026-08-20T22:32:29Z,10748.1602,10743.35,GBP,yfinance
^FTSE,2026-08-21T22:30:07Z,10816.5596,10748.16,GBP,yfinance
^FTSE,2026-08-24T22:31:02Z,10854.3203,10816.56,GBP,yfinance
^FTSE,2026-08-25T22:32:19Z,10886.1602,10854.32,GBP,yfinance
^FTSE,2026-08-27T03:02:20Z,10878.0996,10886.16,GBP,yfinance
^FTSE,2026-08-27T20:21:29Z,10792.54,10878.12,GBP,yfinance
^FTSE,2026-08-27T22:03:56Z,10792.54,10878.12,GBP,yfinance
^FTSE,2026-08-28T06:03:07Z,10792.5,10878.12,GBP,yfinance
^FTSE,2026-08-28T22:04:18Z,10824.2598,10792.54,GBP,yfinance
^FTSE,2026-08-29T03:37:09Z,10824.26,10792.54,GBP,yfinance
^FTSE,2026-08-31T22:03:31Z,10824.2998,10792.54,GBP,yfinance
^FTSE,2026-09-01T01:06:15Z,10824.2998,10792.54,GBP,yfinance
^FTSE,2026-09-01T22:03:51Z,10789.2803,10824.26,GBP,yfinance
^FTSE,2026-09-01T23:54:57Z,10789.28,10824.26,GBP,yfinance
^FTSE,2026-09-02T04:01:30Z,10789.2998,10824.26,GBP,yfinance
^FTSE,2026-09-02T04:07:03Z,10789.2998,10824.26,GBP,yfinance
^FTSE,2026-09-02T22:05:16Z,10756.4502,10789.28,GBP,yfinance
^FTSE,2026-09-02T23:59:15Z,10756.45,10789.28,GBP,yfinance
^FTSE,2026-09-03T22:05:16Z,10831.5195,10756.45,GBP,yfinance
^FTSE,2026-09-03T23:55:42Z,10831.52,10756.45,GBP,yfinance
^FTSE,2026-09-04T22:06:35Z,10831.0898,10831.52,GBP,yfinance
^GSPC,2026-06-18T18:51:52Z,7497.7798,7421.7598,USD,yfinance
^GSPC,2026-06-18T23:49:36Z,7500.5801,7420.1,USD,yfinance
^GSPC,2026-06-19T23:02:55Z,7500.5801,7420.1,USD,yfinance
^GSPC,2026-06-22T23:24:36Z,7472.79,7500.58,USD,yfinance
^GSPC,2026-06-23T23:12:43Z,7365.46,7472.79,USD,yfinance
^GSPC,2026-06-24T23:08:32Z,7358.2202,7365.46,USD,yfinance
^GSPC,2026-06-25T23:23:07Z,7357.4902,7358.22,USD,yfinance
^GSPC,2026-06-26T23:11:44Z,7354.02,7357.49,USD,yfinance
^GSPC,2026-06-29T23:03:37Z,7440.4302,7354.02,USD,yfinance
^GSPC,2026-06-30T23:18:33Z,7499.3599,7440.43,USD,yfinance
^GSPC,2026-07-01T23:20:17Z,7483.23,7499.36,USD,yfinance
^GSPC,2026-07-02T23:12:38Z,7483.2402,7483.23,USD,yfinance
^GSPC,2026-07-03T23:09:03Z,7483.2402,7483.23,USD,yfinance
^GSPC,2026-07-06T23:13:00Z,7537.4302,7483.24,USD,yfinance
^GSPC,2026-07-07T23:06:27Z,7503.8501,7537.43,USD,yfinance
^GSPC,2026-07-08T23:12:22Z,7482.71,7503.85,USD,yfinance
^GSPC,2026-07-09T23:16:02Z,7543.6401,7482.71,USD,yfinance
^GSPC,2026-07-10T23:02:54Z,7575.3901,7543.64,USD,yfinance
^GSPC,2026-07-11T20:54:58Z,7575.3901,7543.64,USD,yfinance
^GSPC,2026-07-13T22:59:13Z,7515.3398,7575.39,USD,yfinance
^GSPC,2026-07-14T23:00:47Z,7543.5898,7515.34,USD,yfinance
^GSPC,2026-07-15T23:02:18Z,7572.3999,7543.59,USD,yfinance
^GSPC,2026-07-16T23:01:37Z,7533.77,7572.4,USD,yfinance
^GSPC,2026-07-17T22:54:39Z,7457.6899,7533.77,USD,yfinance
^GSPC,2026-07-20T23:04:44Z,7443.2798,7457.69,USD,yfinance
^GSPC,2026-07-21T23:02:15Z,7509.2002,7443.28,USD,yfinance
^GSPC,2026-07-22T23:08:45Z,7498.96,7509.2,USD,yfinance
^GSPC,2026-07-23T23:00:42Z,7408.2998,7498.96,USD,yfinance
^GSPC,2026-07-24T23:05:06Z,7411.98,7408.3,USD,yfinance
^GSPC,2026-07-27T23:06:22Z,7413.1802,7411.98,USD,yfinance
^GSPC,2026-07-28T23:03:48Z,7428.7798,7413.18,USD,yfinance
^GSPC,2026-07-29T23:02:25Z,7316.1499,7428.78,USD,yfinance
^GSPC,2026-07-30T23:12:05Z,7437.6299,7316.15,USD,yfinance
^GSPC,2026-07-31T23:05:25Z,7489.7202,7437.63,USD,yfinance
^GSPC,2026-08-03T23:05:16Z,7600.5,7489.72,USD,yfinance
^GSPC,2026-08-04T23:07:06Z,7736.52,7600.5,USD,yfinance
^GSPC,2026-08-05T23:03:52Z,7723.5498,7736.52,USD,yfinance
^GSPC,2026-08-07T01:32:12Z,7709.96,7723.55,USD,yfinance
^GSPC,2026-08-07T22:40:09Z,7757.6401,7709.96,USD,yfinance
^GSPC,2026-08-10T20:11:08Z,7753.1099,7757.64,USD,yfinance
^GSPC,2026-08-10T22:42:19Z,7753.1099,7757.64,USD,yfinance
^GSPC,2026-08-11T22:47:15Z,7728.2002,7753.11,USD,yfinance
^GSPC,2026-08-12T22:45:24Z,7748.5,7728.2,USD,yfinance
^GSPC,2026-08-13T16:01:09Z,7778.9199,7748.71,USD,yfinance
^GSPC,2026-08-13T22:46:24Z,7798.9902,7748.5,USD,yfinance
^GSPC,2026-08-14T22:27:54Z,7785.7598,7798.99,USD,yfinance
^GSPC,2026-08-17T22:29:19Z,7745.0601,7785.76,USD,yfinance
^GSPC,2026-08-18T22:27:58Z,7691.7598,7745.06,USD,yfinance
^GSPC,2026-08-19T22:29:23Z,7707.98,7691.76,USD,yfinance
^GSPC,2026-08-20T22:32:24Z,7641.1602,7707.98,USD,yfinance
^GSPC,2026-08-21T22:30:02Z,7674.3701,7641.16,USD,yfinance
^GSPC,2026-08-24T22:30:57Z,7652.8599,7674.37,USD,yfinance
^GSPC,2026-08-25T22:32:13Z,7677.2798,7652.86,USD,yfinance
^GSPC,2026-08-27T03:02:15Z,7675.7002,7677.28,USD,yfinance
^GSPC,2026-08-27T20:21:22Z,7730.9902,7675.7,USD,yfinance
^GSPC,2026-08-27T22:03:50Z,7730.9902,7675.7,USD,yfinance
^GSPC,2026-08-28T06:03:02Z,7730.9902,7675.7,USD,yfinance
^GSPC,2026-08-28T22:04:12Z,7711.7598,7730.99,USD,yfinance
^GSPC,2026-08-29T03:37:03Z,7711.7598,7730.99,USD,yfinance
^GSPC,2026-08-31T22:03:26Z,7686.1401,7711.76,USD,yfinance
^GSPC,2026-09-01T01:06:09Z,7686.1401,7711.76,USD,yfinance
^GSPC,2026-09-01T22:03:45Z,7631.4702,7686.14,USD,yfinance
^GSPC,2026-09-01T23:54:52Z,7631.4702,7686.14,USD,yfinance
^GSPC,2026-09-02T04:01:25Z,7631.4702,7686.14,USD,yfinance
^GSPC,2026-09-02T04:06:58Z,7631.4702,7686.14,USD,yfinance
^GSPC,2026-09-02T22:05:11Z,7666.6001,7631.47,USD,yfinance
^GSPC,2026-09-02T23:59:10Z,7666.6001,7631.47,USD,yfinance
^GSPC,2026-09-03T22:05:11Z,7747.71,7666.6,USD,yfinance
^GSPC,2026-09-03T23:55:37Z,7747.71,7666.6,USD,yfinance
^GSPC,2026-09-04T22:06:28Z,7718.6001,7747.71,USD,yfinance
^HSI,2026-08-19T04:14:16Z,25522.5703,25471.1504,HKD,yfinance
^HSI,2026-08-19T22:29:31Z,25495.07,25471.1504,HKD,yfinance
^HSI,2026-08-20T22:32:32Z,25698.49,25495.0703,HKD,yfinance
^HSI,2026-08-21T22:30:10Z,26009.46,25698.4902,HKD,yfinance
^HSI,2026-08-24T22:31:05Z,25517.33,26009.4609,HKD,yfinance
^HSI,2026-08-25T22:32:21Z,25511.1,25517.3301,HKD,yfinance
^HSI,2026-08-27T03:02:22Z,25527.4492,25652.9707,HKD,yfinance
^HSI,2026-08-27T20:21:31Z,25565.74,25652.9707,HKD,yfinance
^HSI,2026-08-27T22:03:59Z,25565.74,25652.9707,HKD,yfinance
^HSI,2026-08-28T06:03:10Z,25640.8906,25565.7402,HKD,yfinance
^HSI,2026-08-28T22:04:22Z,25584.79,25565.7402,HKD,yfinance
^HSI,2026-08-29T03:37:12Z,25584.79,25565.7402,HKD,yfinance
^HSI,2026-08-31T22:03:33Z,25566.99,25584.7891,HKD,yfinance
^HSI,2026-09-01T01:06:17Z,25566.99,25584.7891,HKD,yfinance
^HSI,2026-09-01T22:03:54Z,25329.73,25566.9902,HKD,yfinance
^HSI,2026-09-01T23:55:00Z,25329.73,25566.9902,HKD,yfinance
^HSI,2026-09-02T04:01:32Z,25069.0293,25329.7305,HKD,yfinance
^HSI,2026-09-02T04:07:05Z,25078.6992,25329.7305,HKD,yfinance
^HSI,2026-09-02T22:05:19Z,25311.21,25329.7305,HKD,yfinance
^HSI,2026-09-02T23:59:18Z,25311.21,25329.7305,HKD,yfinance
^HSI,2026-09-03T22:05:18Z,25213.31,25311.2109,HKD,yfinance
^HSI,2026-09-03T23:55:45Z,25213.31,25311.2109,HKD,yfinance
^HSI,2026-09-04T22:06:38Z,25650.87,25213.3105,HKD,yfinance
^IXIC,2026-06-18T18:51:54Z,26443.8633,26021.656,USD,yfinance
^IXIC,2026-06-18T23:49:37Z,26517.9316,26021.656,USD,yfinance
^IXIC,2026-06-19T23:02:56Z,26517.9297,26021.656,USD,yfinance
^IXIC,2026-06-22T23:24:37Z,26166.6016,26517.932,USD,yfinance
^IXIC,2026-06-23T23:12:45Z,25587.0391,26166.602,USD,yfinance
^IXIC,2026-06-24T23:08:33Z,25476.6348,25587.04,USD,yfinance
^IXIC,2026-06-25T23:23:08Z,25358.6035,25476.635,USD,yfinance
^IXIC,2026-06-26T23:11:46Z,25297.6172,25358.604,USD,yfinance
^IXIC,2026-06-29T23:03:39Z,25820.1445,25297.617,USD,yfinance
^IXIC,2026-06-30T23:18:35Z,26213.7188,25820.145,USD,yfinance
^IXIC,2026-07-01T23:20:18Z,26040.0312,26213.719,USD,yfinance
^IXIC,2026-07-02T23:12:39Z,25832.6719,26040.031,USD,yfinance
^IXIC,2026-07-03T23:09:04Z,25832.6699,26040.031,USD,yfinance
^IXIC,2026-07-06T23:13:01Z,26121.1602,25832.672,USD,yfinance
^IXIC,2026-07-07T23:06:28Z,25818.6895,26121.16,USD,yfinance
^IXIC,2026-07-08T23:12:24Z,25870.6523,25818.69,USD,yfinance
^IXIC,2026-07-09T23:16:04Z,26206.8906,25870.652,USD,yfinance
^IXIC,2026-07-10T23:02:56Z,26281.6074,26206.89,USD,yfinance
^IXIC,2026-07-11T20:54:59Z,26281.6094,26206.89,USD,yfinance
^IXIC,2026-07-13T22:59:14Z,25873.1758,26281.607,USD,yfinance
^IXIC,2026-07-14T23:00:49Z,26107.0078,25873.176,USD,yfinance
^IXIC,2026-07-15T23:02:20Z,26269.2266,26107.008,USD,yfinance
^IXIC,2026-07-16T23:01:38Z,25881.9473,26269.227,USD,yfinance
^IXIC,2026-07-17T22:54:40Z,25520.2441,25881.947,USD,yfinance
^IXIC,2026-07-20T23:04:46Z,25508.0723,25520.244,USD,yfinance
^IXIC,2026-07-21T23:02:16Z,25837.207,25508.072,USD,yfinance
^IXIC,2026-07-22T23:08:46Z,25690.9023,25837.207,USD,yfinance
^IXIC,2026-07-23T23:00:44Z,25137.6934,25690.902,USD,yfinance
^IXIC,2026-07-24T23:05:07Z,24975.8242,25137.693,USD,yfinance
^IXIC,2026-07-27T23:06:23Z,24932.082,24975.824,USD,yfinance
^IXIC,2026-07-28T23:03:49Z,24876.9121,24932.082,USD,yfinance
^IXIC,2026-07-29T23:02:26Z,24442.9414,24876.912,USD,yfinance
^IXIC,2026-07-30T23:12:07Z,25122.1777,24442.941,USD,yfinance
^IXIC,2026-07-31T23:05:26Z,25373.8535,25122.178,USD,yfinance
^IXIC,2026-08-03T23:05:18Z,25913.8965,25373.854,USD,yfinance
^IXIC,2026-08-04T23:07:07Z,26584.9922,25913.896,USD,yfinance
^IXIC,2026-08-05T23:03:53Z,26363.4395,26584.992,USD,yfinance
^IXIC,2026-08-07T01:32:13Z,26348.3516,26363.44,USD,yfinance
^IXIC,2026-08-07T22:40:10Z,26690.6152,26348.352,USD,yfinance
^IXIC,2026-08-10T20:11:09Z,26605.3574,26690.615,USD,yfinance
^IXIC,2026-08-10T22:42:21Z,26605.3574,26690.615,USD,yfinance
^IXIC,2026-08-11T22:47:17Z,26445.4453,26605.357,USD,yfinance
^IXIC,2026-08-12T22:45:25Z,26588.4883,26445.445,USD,yfinance
^IXIC,2026-08-13T16:01:11Z,26718.1289,26588.488,USD,yfinance
^IXIC,2026-08-13T22:46:25Z,26803.0254,26588.488,USD,yfinance
^IXIC,2026-08-14T22:27:56Z,26729.1641,26803.025,USD,yfinance
^IXIC,2026-08-17T22:29:20Z,26644.9102,26729.164,USD,yfinance
^IXIC,2026-08-18T22:27:59Z,26289.7109,26644.91,USD,yfinance
^IXIC,2026-08-19T22:29:25Z,26331.0898,26289.71,USD,yfinance
^IXIC,2026-08-20T22:32:25Z,26067.166,26331.09,USD,yfinance
^IXIC,2026-08-21T22:30:03Z,26180.4551,26067.166,USD,yfinance
^IXIC,2026-08-24T22:30:58Z,25980.1914,26180.455,USD,yfinance
^IXIC,2026-08-25T22:32:15Z,26151.2988,25980.191,USD,yfinance
^IXIC,2026-08-27T03:02:16Z,26130.1973,26151.299,USD,yfinance
^IXIC,2026-08-27T20:21:24Z,26541.3516,26130.197,USD,yfinance
^IXIC,2026-08-27T22:03:52Z,26541.3516,26130.197,USD,yfinance
^IXIC,2026-08-28T06:03:03Z,26541.3496,26130.197,USD,yfinance
^IXIC,2026-08-28T22:04:14Z,26402.4238,26541.352,USD,yfinance
^IXIC,2026-08-29T03:37:04Z,26402.4238,26541.352,USD,yfinance
^IXIC,2026-08-31T22:03:27Z,26370.8887,26402.424,USD,yfinance
^IXIC,2026-09-01T01:06:11Z,26370.8887,26402.424,USD,yfinance
^IXIC,2026-09-01T22:03:47Z,26099.7734,26370.889,USD,yfinance
^IXIC,2026-09-01T23:54:53Z,26099.7734,26370.889,USD,yfinance
^IXIC,2026-09-02T04:01:26Z,26099.7695,26370.889,USD,yfinance
^IXIC,2026-09-02T04:06:59Z,26099.7695,26370.889,USD,yfinance
^IXIC,2026-09-02T22:05:13Z,26217.8281,26099.773,USD,yfinance
^IXIC,2026-09-02T23:59:11Z,26217.8281,26099.773,USD,yfinance
^IXIC,2026-09-03T22:05:12Z,26584.0605,26217.828,USD,yfinance
^IXIC,2026-09-03T23:55:38Z,26584.0605,26217.828,USD,yfinance
^IXIC,2026-09-04T22:06:30Z,26506.9902,26584.06,USD,yfinance
^KS11,2026-06-18T18:51:56Z,9063.84,8864.24,KRW,yfinance
^KS11,2026-06-18T23:49:40Z,9063.84,8864.24,KRW,yfinance
^KS11,2026-06-19T23:02:58Z,9052.42,9063.84,KRW,yfinance
^KS11,2026-06-22T23:24:39Z,9114.55,9052.42,KRW,yfinance
^KS11,2026-06-23T23:12:48Z,8203.84,9114.55,KRW,yfinance
^KS11,2026-06-24T23:08:35Z,8471.02,8203.84,KRW,yfinance
^KS11,2026-06-25T23:23:10Z,8930.3,8471.02,KRW,yfinance
^KS11,2026-06-26T23:11:49Z,8411.21,8930.3,KRW,yfinance
^KS11,2026-06-29T23:03:42Z,8394.65,8411.21,KRW,yfinance
^KS11,2026-06-30T23:18:38Z,8476.48,8394.65,KRW,yfinance
^KS11,2026-07-01T23:20:20Z,8303.41,8476.48,KRW,yfinance
^KS11,2026-07-02T23:12:41Z,7648.09,8303.41,KRW,yfinance
^KS11,2026-07-03T23:09:06Z,8088.34,7648.09,KRW,yfinance
^KS11,2026-07-06T23:13:04Z,8051.33,8088.34,KRW,yfinance
^KS11,2026-07-07T23:06:30Z,7656.31,8051.33,KRW,yfinance
^KS11,2026-07-08T23:12:26Z,7246.79,7656.31,KRW,yfinance
^KS11,2026-07-09T23:16:06Z,7291.91,7246.79,KRW,yfinance
^KS11,2026-07-10T23:02:58Z,7475.94,7291.91,KRW,yfinance
^KS11,2026-07-11T20:55:02Z,7475.9399,7291.91,KRW,yfinance
^KS11,2026-07-13T22:59:16Z,6806.93,7475.94,KRW,yfinance
^KS11,2026-07-14T23:00:51Z,6856.83,6806.93,KRW,yfinance
^KS11,2026-07-15T23:02:23Z,7284.41,6856.83,KRW,yfinance
^KS11,2026-07-16T23:01:42Z,6820.6,7284.41,KRW,yfinance
^KS11,2026-07-17T22:54:43Z,6820.6001,7284.41,KRW,yfinance
^KS11,2026-07-20T23:04:48Z,6516.27,6820.6,KRW,yfinance
^KS11,2026-07-21T23:02:19Z,6747.95,6516.27,KRW,yfinance
^KS11,2026-07-22T23:08:49Z,6797.7,6747.95,KRW,yfinance
^KS11,2026-07-23T23:00:47Z,7096.89,6797.7,KRW,yfinance
^KS11,2026-07-24T23:05:10Z,6690.62,7096.89,KRW,yfinance
^KS11,2026-07-27T23:06:26Z,6755.75,6690.62,KRW,yfinance
^KS11,2026-07-28T23:03:51Z,6023.66,6755.75,KRW,yfinance
^KS11,2026-07-29T23:02:29Z,5663.24,6023.66,KRW,yfinance
^KS11,2026-07-30T23:12:09Z,5593.56,5663.24,KRW,yfinance
^KS11,2026-07-31T23:05:28Z,6595.45,5593.56,KRW,yfinance
^KS11,2026-08-03T23:05:20Z,6257.45,6595.45,KRW,yfinance
^KS11,2026-08-04T23:07:10Z,6358.95,6257.45,KRW,yfinance
^KS11,2026-08-05T23:03:56Z,6598.26,6358.95,KRW,yfinance
^KS11,2026-08-07T01:32:16Z,6291.1401,6305.52,KRW,yfinance
^KS11,2026-08-07T22:40:13Z,6258.77,6296.38,KRW,yfinance
^KS11,2026-08-10T20:11:11Z,6299.66,6258.77,KRW,yfinance
^KS11,2026-08-10T22:42:24Z,6299.66,6258.77,KRW,yfinance
^KS11,2026-08-11T22:47:20Z,6345.53,6299.66,KRW,yfinance
^KS11,2026-08-12T22:45:29Z,6579.04,6345.53,KRW,yfinance
^KS11,2026-08-13T16:01:14Z,6813.34,6579.04,KRW,yfinance
^KS11,2026-08-13T22:46:28Z,6813.34,6579.04,KRW,yfinance
^KS11,2026-08-14T22:27:58Z,6977.94,6813.34,KRW,yfinance
^KS11,2026-08-17T22:29:22Z,6977.9399,6813.34,KRW,yfinance
^KS11,2026-08-18T22:28:01Z,6869.83,6977.94,KRW,yfinance
^KS11,2026-08-19T22:29:27Z,6471.17,6869.83,KRW,yfinance
^KS11,2026-08-20T22:32:28Z,6852.58,6471.17,KRW,yfinance
^KS11,2026-08-21T22:30:06Z,6912.95,6852.58,KRW,yfinance
^KS11,2026-08-24T22:31:01Z,6696.96,6912.95,KRW,yfinance
^KS11,2026-08-25T22:32:17Z,6742.74,6696.96,KRW,yfinance
^KS11,2026-08-27T03:02:18Z,6938.2598,6832.9102,KRW,yfinance
^KS11,2026-08-27T20:21:27Z,6912.37,6808.21,KRW,yfinance
^KS11,2026-08-27T22:03:54Z,6912.37,6808.21,KRW,yfinance
^KS11,2026-08-28T06:03:06Z,6783.0098,6881.2402,KRW,yfinance
^KS11,2026-08-28T22:04:17Z,6788.88,6912.37,KRW,yfinance
^KS11,2026-08-29T03:37:07Z,6788.88,6912.37,KRW,yfinance
^KS11,2026-08-31T22:03:30Z,6820.02,6788.88,KRW,yfinance
^KS11,2026-09-01T01:06:14Z,6826.5601,6763.8701,KRW,yfinance
^KS11,2026-09-01T22:03:50Z,6835.8,6820.02,KRW,yfinance
^KS11,2026-09-01T23:54:56Z,6835.8,6820.02,KRW,yfinance
^KS11,2026-09-02T04:01:29Z,6602.79,6839.6099,KRW,yfinance
^KS11,2026-09-02T04:07:02Z,6607.3501,6839.6099,KRW,yfinance
^KS11,2026-09-02T22:05:15Z,6562.72,6835.8,KRW,yfinance
^KS11,2026-09-02T23:59:14Z,6562.72,6835.8,KRW,yfinance
^KS11,2026-09-03T22:05:15Z,6579.48,6562.72,KRW,yfinance
^KS11,2026-09-03T23:55:41Z,6579.48,6562.72,KRW,yfinance
^KS11,2026-09-04T22:06:33Z,6687.21,6579.48,KRW,yfinance
^N225,2026-08-19T04:14:14Z,65664.5078,67506.7734,JPY,yfinance
^N225,2026-08-19T22:29:30Z,65326.42,67506.7734,JPY,yfinance
^N225,2026-08-20T22:32:31Z,66216.79,65431.1797,JPY,yfinance
^N225,2026-08-21T22:30:09Z,66016.36,66160.8594,JPY,yfinance
^N225,2026-08-24T22:31:04Z,65528.09,66033.5391,JPY,yfinance
^N225,2026-08-25T22:32:20Z,65856.43,65537.3281,JPY,yfinance
^N225,2026-08-27T03:02:21Z,66164.1875,66257.0078,JPY,yfinance
^N225,2026-08-27T20:21:30Z,66131.98,66257.0078,JPY,yfinance
^N225,2026-08-27T22:03:57Z,66131.98,66257.0078,JPY,yfinance
^N225,2026-08-28T06:03:08Z,66362.3906,66126.8438,JPY,yfinance
^N225,2026-08-28T22:04:20Z,66405.56,66126.8438,JPY,yfinance
^N225,2026-08-29T03:37:10Z,66405.56,66126.8438,JPY,yfinance
^N225,2026-08-31T22:03:32Z,66311.93,66398.4375,JPY,yfinance
^N225,2026-09-01T01:06:16Z,65910.0625,66254.4375,JPY,yfinance
^N225,2026-09-01T22:03:52Z,66215.34,66254.4375,JPY,yfinance
^N225,2026-09-01T23:54:59Z,66215.34,66254.4375,JPY,yfinance
^N225,2026-09-02T04:01:31Z,64387.1016,66311.6875,JPY,yfinance
^N225,2026-09-02T04:07:04Z,64362.1602,66311.6875,JPY,yfinance
^N225,2026-09-02T22:05:17Z,64325.64,66311.6875,JPY,yfinance
^N225,2026-09-02T23:59:17Z,64325.64,66311.6875,JPY,yfinance
^N225,2026-09-03T22:05:17Z,64214.48,64263.0898,JPY,yfinance
^N225,2026-09-03T23:55:44Z,64214.48,64263.0898,JPY,yfinance
^N225,2026-09-04T22:06:36Z,65020.94,64269.4805,JPY,yfinance
^SOX,2026-06-18T18:51:55Z,14352.2705,13477.072,USD,yfinance
^SOX,2026-06-18T23:49:39Z,14341.7832,13477.072,USD,yfinance
^SOX,2026-06-19T23:02:57Z,14341.7803,13477.072,USD,yfinance
^SOX,2026-06-22T23:24:38Z,14634.7227,14341.783,USD,yfinance
^SOX,2026-06-23T23:12:47Z,13482.5078,14634.723,USD,yfinance
^SOX,2026-06-24T23:08:34Z,13458.1943,13482.508,USD,yfinance
^SOX,2026-06-25T23:23:09Z,13940.8701,13458.194,USD,yfinance
^SOX,2026-06-26T23:11:47Z,13203.5693,13940.87,USD,yfinance
^SOX,2026-06-29T23:03:40Z,13709.6602,13203.569,USD,yfinance
^SOX,2026-06-30T23:18:36Z,14246.9609,13709.66,USD,yfinance
^SOX,2026-07-01T23:20:19Z,13353.2793,14246.961,USD,yfinance
^SOX,2026-07-02T23:12:40Z,12626.2217,13353.279,USD,yfinance
^SOX,2026-07-03T23:09:05Z,12626.2197,13353.279,USD,yfinance
^SOX,2026-07-06T23:13:02Z,12900.1416,12626.222,USD,yfinance
^SOX,2026-07-07T23:06:29Z,12300.5156,12900.142,USD,yfinance
^SOX,2026-07-08T23:12:25Z,12574.9668,12300.516,USD,yfinance
^SOX,2026-07-09T23:16:05Z,12960.0029,12574.967,USD,yfinance
^SOX,2026-07-10T23:02:57Z,12967.1631,12960.003,USD,yfinance
^SOX,2026-07-11T20:55:01Z,12967.1602,12960.003,USD,yfinance
^SOX,2026-07-13T22:59:15Z,12347.7832,12967.163,USD,yfinance
^SOX,2026-07-14T23:00:50Z,12661.9307,12347.783,USD,yfinance
^SOX,2026-07-15T23:02:22Z,12398.8936,12661.931,USD,yfinance
^SOX,2026-07-16T23:01:40Z,11867.5029,12398.894,USD,yfinance
^SOX,2026-07-17T22:54:42Z,11673.8887,11867.503,USD,yfinance
^SOX,2026-07-20T23:04:47Z,11743.8486,11673.889,USD,yfinance
^SOX,2026-07-21T23:02:18Z,12356.1641,11743.849,USD,yfinance
^SOX,2026-07-22T23:08:47Z,12410.665,12356.164,USD,yfinance
^SOX,2026-07-23T23:00:45Z,12343.8369,12410.665,USD,yfinance
^SOX,2026-07-24T23:05:08Z,11818.8857,12343.837,USD,yfinance
^SOX,2026-07-27T23:06:25Z,11554.8799,11818.886,USD,yfinance
^SOX,2026-07-28T23:03:50Z,11035.6826,11554.88,USD,yfinance
^SOX,2026-07-29T23:02:27Z,10447.4893,11035.683,USD,yfinance
^SOX,2026-07-30T23:12:08Z,11302.9873,10447.489,USD,yfinance
^SOX,2026-07-31T23:05:27Z,11311.0752,11302.987,USD,yfinance
^SOX,2026-08-03T23:05:19Z,11430.3516,11311.075,USD,yfinance
^SOX,2026-08-04T23:07:09Z,12179.2627,11430.352,USD,yfinance
^SOX,2026-08-05T23:03:54Z,12008.8828,12179.263,USD,yfinance
^SOX,2026-08-07T01:32:15Z,12048.6934,12008.883,USD,yfinance
^SOX,2026-08-07T22:40:11Z,12356.7871,12048.693,USD,yfinance
^SOX,2026-08-10T20:11:10Z,11993.8613,12356.787,USD,yfinance
^SOX,2026-08-10T22:42:22Z,11993.8613,12356.787,USD,yfinance
^SOX,2026-08-11T22:47:18Z,12098.4717,11993.861,USD,yfinance
^SOX,2026-08-12T22:45:27Z,12399.376,12098.472,USD,yfinance
^SOX,2026-08-13T16:01:13Z,12574.6787,12399.376,USD,yfinance
^SOX,2026-08-13T22:46:27Z,12455.998,12399.376,USD,yfinance
^SOX,2026-08-14T22:27:57Z,12417.0498,12455.998,USD,yfinance
^SOX,2026-08-17T22:29:21Z,12621.0049,12417.05,USD,yfinance
^SOX,2026-08-18T22:28:00Z,11992.4629,12621.005,USD,yfinance
^SOX,2026-08-19T22:29:26Z,11738.2256,11992.463,USD,yfinance
^SOX,2026-08-20T22:32:27Z,11800.0186,11738.226,USD,yfinance
^SOX,2026-08-21T22:30:05Z,11740.374,11800.019,USD,yfinance
^SOX,2026-08-24T22:31:00Z,11423.1689,11740.374,USD,yfinance
^SOX,2026-08-25T22:32:16Z,11588.0381,11423.169,USD,yfinance
^SOX,2026-08-27T03:02:17Z,11611.2383,11588.038,USD,yfinance
^SOX,2026-08-27T20:21:26Z,11882.1689,11611.238,USD,yfinance
^SOX,2026-08-27T22:03:53Z,11882.1689,11611.238,USD,yfinance
^SOX,2026-08-28T06:03:05Z,11882.1699,11611.238,USD,yfinance
^SOX,2026-08-28T22:04:15Z,11469.6621,11882.169,USD,yfinance
^SOX,2026-08-29T03:37:06Z,11469.6621,11882.169,USD,yfinance
^SOX,2026-08-31T22:03:28Z,11535.0508,11469.662,USD,yfinance
^SOX,2026-09-01T01:06:12Z,11535.0508,11469.662,USD,yfinance
^SOX,2026-09-01T22:03:48Z,11288.6123,11535.051,USD,yfinance
^SOX,2026-09-01T23:54:54Z,11288.6123,11535.051,USD,yfinance
^SOX,2026-09-02T04:01:28Z,11288.6104,11535.051,USD,yfinance
^SOX,2026-09-02T04:07:00Z,11288.6104,11535.051,USD,yfinance
^SOX,2026-09-02T22:05:14Z,11339.2539,11288.612,USD,yfinance
^SOX,2026-09-02T23:59:13Z,11339.2539,11288.612,USD,yfinance
^SOX,2026-09-03T22:05:13Z,11352.1289,11339.254,USD,yfinance
^SOX,2026-09-03T23:55:40Z,11352.1289,11339.254,USD,yfinance
^SOX,2026-09-04T22:06:32Z,11735.2627,11352.129,USD,yfinance
^VIX,2026-06-18T18:51:58Z,16.78,18.43,USD,yfinance
^VIX,2026-06-18T23:49:41Z,16.4,18.43,USD,yfinance
^VIX,2026-06-19T23:03:00Z,16.78,16.4,USD,yfinance
^VIX,2026-06-22T23:24:41Z,17.28,16.78,USD,yfinance
^VIX,2026-06-23T23:12:50Z,19.49,17.28,USD,yfinance
^VIX,2026-06-24T23:08:37Z,18.63,19.48,USD,yfinance
^VIX,2026-06-25T23:23:12Z,18.89,18.65,USD,yfinance
^VIX,2026-06-26T23:11:51Z,18.89,18.9,USD,yfinance
^VIX,2026-06-29T23:03:43Z,17.65,18.38,USD,yfinance
^VIX,2026-06-30T23:18:39Z,16.45,17.65,USD,yfinance
^VIX,2026-07-01T23:20:22Z,16.59,16.45,USD,yfinance
^VIX,2026-07-02T23:12:43Z,16.15,16.57,USD,yfinance
^VIX,2026-07-03T23:09:07Z,15.81,16.14,USD,yfinance
^VIX,2026-07-06T23:13:05Z,15.57,15.81,USD,yfinance
^VIX,2026-07-07T23:06:32Z,16.13,15.57,USD,yfinance
^VIX,2026-07-08T23:12:27Z,16.9,16.13,USD,yfinance
^VIX,2026-07-09T23:16:08Z,15.84,16.88,USD,yfinance
^VIX,2026-07-10T23:03:00Z,15.03,15.84,USD,yfinance
^VIX,2026-07-11T20:55:03Z,15.03,15.84,USD,yfinance
^VIX,2026-07-13T22:59:18Z,17.16,15.04,USD,yfinance
^VIX,2026-07-14T23:00:53Z,16.5,17.15,USD,yfinance
^VIX,2026-07-15T23:02:25Z,15.67,16.5,USD,yfinance
^VIX,2026-07-16T23:01:43Z,16.73,15.67,USD,yfinance
^VIX,2026-07-17T22:54:45Z,18.77,16.71,USD,yfinance
^VIX,2026-07-20T23:04:49Z,18.65,18.74,USD,yfinance
^VIX,2026-07-21T23:02:21Z,17.05,18.65,USD,yfinance
^VIX,2026-07-22T23:08:50Z,16.64,17.05,USD,yfinance
^VIX,2026-07-23T23:00:49Z,18.7,16.7,USD,yfinance
^VIX,2026-07-24T23:05:11Z,18.58,18.7,USD,yfinance
^VIX,2026-07-27T23:06:27Z,18.67,18.57,USD,yfinance
^VIX,2026-07-28T23:03:52Z,18.21,18.67,USD,yfinance
^VIX,2026-07-29T23:02:30Z,20.66,18.2,USD,yfinance
^VIX,2026-07-30T23:12:11Z,17.09,20.63,USD,yfinance
^VIX,2026-07-31T23:05:30Z,15.99,17.08,USD,yfinance
^VIX,2026-08-03T23:05:21Z,15.86,15.99,USD,yfinance
^VIX,2026-08-04T23:07:11Z,16.5,15.86,USD,yfinance
^VIX,2026-08-05T23:03:57Z,15.81,16.5,USD,yfinance
^VIX,2026-08-07T01:32:17Z,15.15,15.82,USD,yfinance
^VIX,2026-08-07T22:40:14Z,14.9,15.14,USD,yfinance
^VIX,2026-08-10T20:11:13Z,15.44,14.89,USD,yfinance
^VIX,2026-08-10T22:42:25Z,15.46,14.89,USD,yfinance
^VIX,2026-08-11T22:47:21Z,15.28,15.46,USD,yfinance
^VIX,2026-08-12T22:45:31Z,14.55,15.28,USD,yfinance
^VIX,2026-08-13T16:01:15Z,14.7,14.55,USD,yfinance
^VIX,2026-08-13T22:46:29Z,14.63,14.55,USD,yfinance
^VIX,2026-08-14T22:28:00Z,14.25,14.63,USD,yfinance
^VIX,2026-08-17T22:29:24Z,15.19,14.25,USD,yfinance
^VIX,2026-08-18T22:28:03Z,15.84,15.19,USD,yfinance
^VIX,2026-08-19T22:29:33Z,14.89,15.84,USD,yfinance
^VIX,2026-08-20T22:32:34Z,16.01,14.89,USD,yfinance
^VIX,2026-08-21T22:30:12Z,15.13,16.01,USD,yfinance
^VIX,2026-08-24T22:31:06Z,15.85,15.13,USD,yfinance
^VIX,2026-08-25T22:32:23Z,15.45,15.84,USD,yfinance
^VIX,2026-08-27T03:02:23Z,15.21,15.45,USD,yfinance
^VIX,2026-08-27T20:21:33Z,14.52,15.21,USD,yfinance
^VIX,2026-08-27T22:04:00Z,14.51,15.21,USD,yfinance
^VIX,2026-08-28T06:03:11Z,14.51,15.21,USD,yfinance
^VIX,2026-08-28T22:04:23Z,14.43,14.51,USD,yfinance
^VIX,2026-08-29T03:37:13Z,14.43,14.51,USD,yfinance
^VIX,2026-08-31T22:03:35Z,14.92,14.42,USD,yfinance
^VIX,2026-09-01T01:06:18Z,14.92,14.42,USD,yfinance
^VIX,2026-09-01T22:03:55Z,16.34,14.92,USD,yfinance
^VIX,2026-09-01T23:55:01Z,16.34,14.92,USD,yfinance
^VIX,2026-09-02T04:01:33Z,16.34,14.92,USD,yfinance
^VIX,2026-09-02T04:07:07Z,16.34,14.92,USD,yfinance
^VIX,2026-09-02T22:05:20Z,15.2,16.33,USD,yfinance
^VIX,2026-09-02T23:59:19Z,15.2,16.33,USD,yfinance
^VIX,2026-09-03T22:05:20Z,14.32,15.23,USD,yfinance
^VIX,2026-09-03T23:55:46Z,14.32,15.23,USD,yfinance
^VIX,2026-09-04T22:06:40Z,14.53,14.31,USD,yfinance
